{"commitInfo":{"timestamp":1709312790638,"operation":"WRITE","operationParameters":{"mode":"Append","partitionBy":"[]"},"readVersion":0,"isolationLevel":"Serializable","isBlindAppend":true,"operationMetrics":{"numFiles":"1","numOutputRows":"247","numOutputBytes":"9928"},"tags":{"VORDER":"true"},"engineInfo":"Apache-Spark/3.4.1.5.3-117503204 Delta-Lake/2.4.0.9","txnId":"97064e41-f28b-4b25-b8e0-f307af51ce94"}}
{"add":{"path":"part-00000-036a77c2-a7d6-4c57-8786-1e0de17dfd0d-c000.snappy.parquet","partitionValues":{},"size":9928,"modificationTime":1709312790281,"dataChange":true,"stats":"{\"numRecords\":247,\"minValues\":{\"CountryId\":4,\"IsoCountryName\":\"Anguilla\",\"Iso2LetterCountryCode\":\"AD\",\"Iso3LetterCountryCode\":\"ABW\"},\"maxValues\":{\"CountryId\":894,\"IsoCountryName\":\"Åland\",\"Iso2LetterCountryCode\":\"ZW\",\"Iso3LetterCountryCode\":\"ZWE\"},\"nullCount\":{\"CountryId\":0,\"IsoCountryName\":0,\"Iso2LetterCountryCode\":0,\"Iso3LetterCountryCode\":0,\"Iso3DigitCountryCode\":247,\"CapitalOrMajorCityName\":247}}","tags":{"VORDER":"true"}}}
