{"commitInfo":{"timestamp":1709311937060,"operation":"CREATE TABLE AS SELECT","operationParameters":{"isManaged":"true","description":null,"partitionBy":"[]","properties":"{}"},"isolationLevel":"Serializable","isBlindAppend":true,"operationMetrics":{"numFiles":"1","numOutputRows":"0","numOutputBytes":"1052"},"engineInfo":"Apache-Spark/3.4.1.5.3-117503204 Delta-Lake/2.4.0.9","txnId":"9a5df4c0-d676-43e5-bcdf-f3d07b392652"}}
{"protocol":{"minReaderVersion":1,"minWriterVersion":2}}
{"metaData":{"id":"22a38fd8-d232-4879-ba42-9b93350b4f80","format":{"provider":"parquet","options":{}},"schemaString":"{\"type\":\"struct\",\"fields\":[{\"name\":\"CountryId\",\"type\":\"integer\",\"nullable\":true,\"metadata\":{}},{\"name\":\"IsoCountryName\",\"type\":\"string\",\"nullable\":true,\"metadata\":{}},{\"name\":\"Iso2LetterCountryCode\",\"type\":\"string\",\"nullable\":true,\"metadata\":{}},{\"name\":\"Iso3LetterCountryCode\",\"type\":\"string\",\"nullable\":true,\"metadata\":{}},{\"name\":\"Iso3DigitCountryCode\",\"type\":\"decimal(10,2)\",\"nullable\":true,\"metadata\":{}},{\"name\":\"CapitalOrMajorCityName\",\"type\":\"string\",\"nullable\":true,\"metadata\":{}}]}","partitionColumns":[],"configuration":{},"createdTime":1709311933783}}
