{
    "resourceType": "Bundle",
    "id": "edbbba5d-69b7-4291-9603-f3b0f23baf9a",
    "meta": {
        "versionId": "1",
        "lastUpdated": "2023-05-30T20:49:19.5501920Z"
    },
    "type": "batch",
    "entry": [
        {
            "fullUrl": "urn:uuid:6e5e3964-a9ff-4963-bf87-0f299b9d08b7",
            "resource": {
                "resourceType": "Patient",
                "id": "6e5e3964-a9ff-4963-bf87-0f299b9d08b7",
                "meta": {
                    "versionId": "2",
                    "lastUpdated": "2023-04-06T13:22:06.042-04:00",
                    "profile": [
                        "http://hl7.org/fhir/us/core/StructureDefinition/us-core-patient"
                    ]
                },
                "text": {
                    "status": "generated",
                    "div": "<div xmlns=\"http://www.w3.org/1999/xhtml\">Generated by <a href=\"https://github.com/synthetichealth/synthea\">Synthea</a>.Version identifier: a3482c8\n .   Person seed: -7378810523950245162  Population seed: 1635288721520</div>"
                },
                "identifier": [
                    {
                        "type": {
                            "coding": [
                                {
                                    "system": "http://terminology.hl7.org/CodeSystem/v2-0203",
                                    "code": "MR",
                                    "display": "Medical Record Number"
                                }
                            ],
                            "text": "Medical Record Number"
                        },
                        "system": "http://hospital.smarthealthit.org",
                        "value": "6e5e3964-a9ff-4963-bf87-0f299b9d08b7"
                    },
                    {
                        "type": {
                            "coding": [
                                {
                                    "system": "http://terminology.hl7.org/CodeSystem/v2-0203",
                                    "code": "SS",
                                    "display": "Social Security Number"
                                }
                            ],
                            "text": "Social Security Number"
                        },
                        "system": "http://hl7.org/fhir/sid/us-ssn",
                        "value": "999-01-0002"
                    },
                    {
                        "type": {
                            "coding": [
                                {
                                    "system": "http://terminology.hl7.org/CodeSystem/v2-0203",
                                    "code": "DL",
                                    "display": "Driver's License"
                                }
                            ],
                            "text": "Driver's License"
                        },
                        "system": "urn:oid:2.16.840.1.113883.4.3.25",
                        "value": "S11173027"
                    },
                    {
                        "type": {
                            "coding": [
                                {
                                    "system": "http://terminology.hl7.org/CodeSystem/v2-0203",
                                    "code": "PPN",
                                    "display": "Passport Number"
                                }
                            ],
                            "text": "Passport Number"
                        },
                        "system": "http://standardhealthrecord.org/fhir/StructureDefinition/passportNumber",
                        "value": "X53019369X"
                    }
                ],
                "name": [
                    {
                        "use": "official",
                        "family": "FHIRlink3",
                        "given": [
                            "Patient"
                        ],
                        "prefix": [
                            "Mr."
                        ]
                    }
                ],
                "telecom": [
                    {
                        "system": "phone",
                        "value": "555-795-6145",
                        "use": "home"
                    }
                ],
                "gender": "male",
                "deceasedDateTime": "1989-11-04T02:41:10-05:00",
                "address": [
                    {
                        "line": [
                            "115 Reynolds Throughway Unit 51"
                        ],
                        "city": "Woburn",
                        "state": "MA",
                        "country": "US"
                    }
                ],
                "birthDate": "1972-02-05", 
                "maritalStatus": {
                    "coding": [
                        {
                            "system": "http://terminology.hl7.org/CodeSystem/v3-MaritalStatus",
                            "code": "M",
                            "display": "M"
                        }
                    ],
                    "text": "M"
                },
                "multipleBirthInteger": 2,
                "communication": [
                    {
                        "language": {
                            "coding": [
                                {
                                    "system": "urn:ietf:bcp:47",
                                    "code": "en-US",
                                    "display": "English"
                                }
                            ],
                            "text": "English"
                        }
                    }
                ]
            },
            "request": {
                "method": "PUT",
                "url": "Patient/6e5e3964-a9ff-4963-bf87-0f299b9d08b7"
            }
        },
        {
            "fullUrl": "urn:uuid:27cdcdd9-b490-49d5-bdfa-4d4802fd6d69",
            "resource": {
                "resourceType": "Practitioner",
                "id": "27cdcdd9-b490-49d5-bdfa-4d4802fd6d69",
                "meta": {
                    "profile": [
                        "http://hl7.org/fhir/us/core/StructureDefinition/us-core-practitioner"
                    ]
                },
                "extension": [
                    {
                        "url": "http://synthetichealth.github.io/synthea/utilization-encounters-extension",
                        "valueInteger": 50
                    }
                ],
                "identifier": [
                    {
                        "system": "http://hl7.org/fhir/sid/us-npi",
                        "value": "9999999929"
                    }
                ],
                "active": true,
                "name": [
                    {
                        "family": "FHIRlink3",
                        "given": [
                            "Practitioner"
                        ],
                        "prefix": [
                            "Dr."
                        ]
                    }
                ],
                "telecom": [
                    {
                        "extension": [
                            {
                                "url": "http://hl7.org/fhir/us/core/StructureDefinition/us-core-direct",
                                "valueBoolean": true
                            }
                        ],
                        "system": "email",
                        "value": "Practitioner.FHIRlink3@example.com",
                        "use": "work"
                    }
                ],
                "address": [
                    {
                        "line": [
                            "18101 OAKWOOD BLVD"
                        ],
                        "city": "Oakland Park",
                        "state": "MI",
                        "postalCode": "48124",
                        "country": "US"
                    }
                ],
                "gender": "male"
            },
            "request": {
                "method": "PUT",
                "url": "Practitioner/27cdcdd9-b490-49d5-bdfa-4d4802fd6d69"
            }
        },
        {
            "fullUrl": "urn:uuid:2b3d45c0-a17b-42fc-9439-483a6d7d7f7d",
            "resource": {
                "resourceType": "Location",
                "id": "2b3d45c0-a17b-42fc-9439-483a6d7d7f7d",
                "meta": {
                    "profile": [
                        "http://hl7.org/fhir/us/core/StructureDefinition/us-core-location"
                    ]
                },
                "identifier": [
                    {
                        "system": "https://github.com/synthetichealth/synthea",
                        "value": "2b3d45c0-a17b-42fc-9439-483a6d7d7f7d"
                    }
                ],
                "status": "active",
                "name": "Location - FHIRlink3",
                "telecom": [
                    {
                        "system": "phone",
                        "value": "3135937125"
                    }
                ],
                "address": {
                    "line": [
                        "18101 OAKWOOD BLVD"
                    ],
                    "city": "Detroit",
                    "state": "MI",
                    "postalCode": "48124",
                    "country": "US"
                },
                "position": {
                    "longitude": -83.211488,
                    "latitude": 42.313057
                },
                "managingOrganization": {
                    "identifier": {
                        "system": "https://github.com/synthetichealth/synthea",
                        "value": "f454f002-e0a0-488f-859a-39103220c1de"
                    },
                    "display": "Location - FHIRlink3"
                }
            },
            "request": {
                "method": "PUT",
                "url": "Location/2b3d45c0-a17b-42fc-9439-483a6d7d7f7d"
            }
        },
        {
            "fullUrl": "urn:uuid:f454f002-e0a0-488f-859a-39103220c1de",
            "resource": {
                "resourceType": "Organization",
                "id": "f454f002-e0a0-488f-859a-39103220c1de",
                "meta": {
                    "profile": [
                        "http://hl7.org/fhir/us/core/StructureDefinition/us-core-organization"
                    ]
                },
                "identifier": [
                    {
                        "system": "https://github.com/synthetichealth/synthea",
                        "value": "f454f002-e0a0-488f-859a-39103220c1de"
                    }
                ],
                "active": true,
                "type": [
                    {
                        "coding": [
                            {
                                "system": "http://terminology.hl7.org/CodeSystem/organization-type",
                                "code": "prov",
                                "display": "Healthcare Provider"
                            }
                        ],
                        "text": "Healthcare Provider"
                    }
                ],
                "name": "HOSPITAL - FHIRlink3",
                "telecom": [
                    {
                        "system": "phone",
                        "value": "3135937125"
                    }
                ],
                "address": [
                    {
                        "line": [
                            "18101 OAKWOOD BLVD"
                        ],
                        "city": "DETROIT",
                        "state": "MI",
                        "postalCode": "48124",
                        "country": "US"
                    }
                ]
            },
            "request": {
                "method": "PUT",
                "url": "Organization/f454f002-e0a0-488f-859a-39103220c1de"
            }
        },
        {
            "fullUrl": "urn:uuid:23df1b08-dc21-4fc8-9641-1781315c0828",
            "resource": {
                "resourceType": "Encounter",
                "id": "23df1b08-dc21-4fc8-9641-1781315c0828",
                "meta": {
                    "versionId": "2",
                    "lastUpdated": "2023-02-21T14:19:02.685-05:00",
                    "profile": [
                        "http://hl7.org/fhir/us/core/StructureDefinition/us-core-encounter"
                    ]
                },
                "identifier": [
                    {
                        "use": "official",
                        "system": "https://github.com/synthetichealth/synthea",
                        "value": "23df1b08-dc21-4fc8-9641-1781315c0828"
                    }
                ],
                "status": "finished",
                "class": {
                    "system": "http://terminology.hl7.org/CodeSystem/v3-ActCode",
                    "code": "AMB"
                },
                "classHistory": [
                    {
                        "class": {
                            "system": "http://terminology.hl7.org/CodeSystem/v3-ActCode",
                            "code": "IMP"
                        },
                        "period": {
                            "start": "2023-02-02T11:00:00-05:00",
                            "end": "2023-02-11T11:00:00-05:00"
                        }
                    }
                ],
                "type": [
                    {
                        "coding": [
                            {
                                "system": "http://snomed.info/sct",
                                "code": "162673000",
                                "display": "General examination of patient (procedure)"
                            }
                        ],
                        "text": "General examination of patient (procedure)"
                    }
                ],
                "subject": {
                    "reference": "Patient/6e5e3964-a9ff-4963-bf87-0f299b9d08b7",
                    "display": "Mr. Patient FHIRlink3"
                },
                "participant": [
                    {
                        "type": [
                            {
                                "coding": [
                                    {
                                        "system": "http://terminology.hl7.org/CodeSystem/v3-ParticipationType",
                                        "code": "PPRF",
                                        "display": "primary performer"
                                    }
                                ],
                                "text": "primary performer"
                            }
                        ],
                        "period": {
                            "start": "2005-02-05T02:41:10-05:00",
                            "end": "2005-02-05T02:56:10-05:00"
                        },
                        "individual": {
                            "reference": "Practitioner/27cdcdd9-b490-49d5-bdfa-4d4802fd6d69",
                            "display": "Dr. Practitioner FHIRlink3"
                        }
                    }
                ],
                "period": {
                    "start": "1972-02-05T02:41:10-05:00",
                    "end": "1972-02-05T02:56:10-05:00"
                },
                "location": [
                    {
                        "location": {
                            "reference": "Location/2b3d45c0-a17b-42fc-9439-483a6d7d7f7d",
                            "display": "PCP150737"
                        }
                    }
                ],
                "serviceProvider": {
                    "reference": "Organization/f454f002-e0a0-488f-859a-39103220c1de",
                    "display": "PCP150737"
                }
            },
            "request": {
                "method": "PUT",
                "url": "Encounter/23df1b08-dc21-4fc8-9641-1781315c0828"
            }
        },
        {
            "fullUrl": "urn:uuid:f305b19e-a4e0-46c5-b7e5-6c420737000a",
            "resource": {
                "resourceType": "Encounter",
                "id": "f305b19e-a4e0-46c5-b7e5-6c420737000a",
                "identifier": [
                    {
                        "use": "official",
                        "system": "https://github.com/synthetichealth/synthea",
                        "value": "f305b19e-a4e0-46c5-b7e5-6c420737000a"
                    }
                ],
                "status": "finished",
                "class": {
                    "system": "http://terminology.hl7.org/CodeSystem/v3-ActCode",
                    "code": "EMER"
                },
                "classHistory": [
                    {
                        "class": {
                            "system": "http://terminology.hl7.org/CodeSystem/v3-ActCode",
                            "code": "IMP"
                        },
                        "period": {
                            "start": "2023-02-02T11:00:00-05:00",
                            "end": "2023-02-11T11:00:00-05:00"
                        }
                    }
                ],
                "type": [
                    {
                        "coding": [
                            {
                                "system": "http://snomed.info/sct",
                                "code": "55804002",
                                "display": "History and physical examination, administrative (procedure)"
                            }
                        ],
                        "text": "History and physical examination, administrative (procedure)"
                    }
                ],
                "subject": {
                    "reference": "Patient/6e5e3964-a9ff-4963-bf87-0f299b9d08b7",
                    "display": "Mr. Patient FHIRlink3"
                },
                "participant": [
                    {
                        "type": [
                            {
                                "coding": [
                                    {
                                        "system": "http://terminology.hl7.org/CodeSystem/v3-ParticipationType",
                                        "code": "PPRF",
                                        "display": "primary performer"
                                    }
                                ],
                                "text": "primary performer"
                            }
                        ],
                        "period": {
                            "start": "2005-02-05T02:41:10-05:00",
                            "end": "2005-02-05T02:56:10-05:00"
                        },
                        "individual": {
                            "reference": "Practitioner/27cdcdd9-b490-49d5-bdfa-4d4802fd6d69",
                            "display": "Dr. Practitioner FHIRlink3"
                        }
                    }
                ],
                "period": {
                    "start": "1972-02-05T02:41:10-05:00",
                    "end": "1972-02-05T02:56:10-05:00"
                },
                "location": [
                    {
                        "location": {
                            "reference": "Location/2b3d45c0-a17b-42fc-9439-483a6d7d7f7d",
                            "display": "PCP150737"
                        }
                    }
                ],
                "serviceProvider": {
                    "reference": "Organization/f454f002-e0a0-488f-859a-39103220c1de",
                    "display": "PCP150737"
                }
            },
            "request": {
                "method": "PUT",
                "url": "Encounter/f305b19e-a4e0-46c5-b7e5-6c420737000a"
            }
        },
        {
            "fullUrl": "urn:uuid:bb3ac4e9-d0da-4f31-a43a-6907f7df0fe1",
            "resource": {
                "resourceType": "Condition",
                "id": "bb3ac4e9-d0da-4f31-a43a-6907f7df0fe1",
                "meta": {
                    "versionId": "1",
                    "lastUpdated": "2021-10-26T19:20:30.518-04:00",
                    "profile": [
                        "http://hl7.org/fhir/us/core/StructureDefinition/us-core-condition"
                    ]
                },
                "clinicalStatus": {
                    "coding": [
                        {
                            "system": "http://terminology.hl7.org/CodeSystem/condition-clinical",
                            "code": "active"
                        }
                    ]
                },
                "verificationStatus": {
                    "coding": [
                        {
                            "system": "http://terminology.hl7.org/CodeSystem/condition-ver-status",
                            "code": "confirmed"
                        }
                    ]
                },
                "category": [
                    {
                        "coding": [
                            {
                                "system": "http://terminology.hl7.org/CodeSystem/condition-category",
                                "code": "encounter-diagnosis",
                                "display": "Encounter Diagnosis"
                            }
                        ]
                    }
                ],
                "code": {
                    "coding": [
                        {
                            "system": "http://snomed.info/sct",
                            "code": "15777000",
                            "display": "Prediabetes"
                        }
                    ],
                    "text": "Prediabetes"
                },
                "subject": {
                    "reference": "Patient/6e5e3964-a9ff-4963-bf87-0f299b9d08b7"
                },
                "encounter": {
                    "reference": "Encounter/23df1b08-dc21-4fc8-9641-1781315c0828"
                },
                "onsetDateTime": "1972-02-05T02:41:10-05:00",
                "recordedDate": "1972-02-05T02:41:10-05:00"
            },
            "request": {
                "method": "PUT",
                "url": "Condition/bb3ac4e9-d0da-4f31-a43a-6907f7df0fe1"
            }
        },
        {
            "fullUrl": "urn:uuid:6bbbf8f3-ce8c-48d9-9df8-02a6c48b0a79",
            "resource": {
                "resourceType": "Appointment",
                "id": "6bbbf8f3-ce8c-48d9-9df8-02a6c48b0a79",
                "status": "booked",
                "serviceCategory": [
                    {
                    "coding": [
                        {
                        "system": "http://example.org/service-category",
                        "code": "gp",
                        "display": "General Practice"
                        }
                    ]
                    }
                ],
                "serviceType": [
                    {
                    "coding": [
                        {
                        "code": "52",
                        "display": "General Discussion"
                        }
                    ]
                    }
                ],
                "specialty": [
                    {
                    "coding": [
                        {
                        "system": "http://snomed.info/sct",
                        "code": "394814009",
                        "display": "General practice"
                        }
                    ]
                    }
                ],
                "appointmentType": {
                    "coding": [
                    {
                        "system": "http://terminology.hl7.org/CodeSystem/v2-0276",
                        "code": "WALKIN",
                        "display": "A previously unscheduled walk-in visit"
                    }
                    ]
                },
                "priority": 5,
                "description": "Discussion about recent MRI results",
                "start": "2021-05-04T20:00:00+00:00",
                "end": "2021-05-04T21:00:00+00:00",
                "minutesDuration": 60,
                "participant": [
                    {
                        "actor": {
                            "reference": "Practitioner/27cdcdd9-b490-49d5-bdfa-4d4802fd6d69",
                            "display": "Dr. Practitioner FHIRlink3"
                        },
                        "required": "required",
                        "status": "accepted"
                    },
                    {
                        "actor": {
                            "reference": "Patient/6e5e3964-a9ff-4963-bf87-0f299b9d08b7"
                        },
                        "required": "required",
                        "status": "accepted"
                    }
                ]
            },
            "request": {
                "method": "PUT",
                "url": "Appointment/6bbbf8f3-ce8c-48d9-9df8-02a6c48b0a79"
            }
        },
        {
            "fullUrl": "urn:uuid:dff46948-9fc0-499f-839c-d31ab0fa267b",
            "resource": {
                "resourceType": "Appointment",
                "id": "dff46948-9fc0-499f-839c-d31ab0fa267b",
                "status": "booked",
                "serviceCategory": [
                    {
                    "coding": [
                        {
                        "system": "http://example.org/service-category",
                        "code": "gp",
                        "display": "General Practice"
                        }
                    ]
                    }
                ],
                "serviceType": [
                    {
                    "coding": [
                        {
                        "code": "52",
                        "display": "General Discussion"
                        }
                    ]
                    }
                ],
                "specialty": [
                    {
                    "coding": [
                        {
                        "system": "http://snomed.info/sct",
                        "code": "394814009",
                        "display": "General practice"
                        }
                    ]
                    }
                ],
                "appointmentType": {
                    "coding": [
                    {
                        "system": "http://terminology.hl7.org/CodeSystem/v2-0276",
                        "code": "WALKIN",
                        "display": "A previously unscheduled walk-in visit"
                    }
                    ]
                },
                "priority": 5,
                "description": "Follow up appointment (recent MRI results)",
                "start": "2021-05-14T20:00:00+00:00",
                "end": "2021-05-14T21:00:00+00:00",
                "minutesDuration": 60,
                "participant": [
                    {
                        "actor": {
                            "reference": "Practitioner/27cdcdd9-b490-49d5-bdfa-4d4802fd6d69",
                            "display": "Dr. Practitioner FHIRlink3"
                        },
                        "required": "required",
                        "status": "accepted"
                    },
                    {
                        "actor": {
                            "reference": "Patient/6e5e3964-a9ff-4963-bf87-0f299b9d08b7"
                        },
                        "required": "required",
                        "status": "accepted"
                    }
                ]
            },
            "request": {
                "method": "PUT",
                "url": "Appointment/dff46948-9fc0-499f-839c-d31ab0fa267b"
            }            
        },
        {
            "fullUrl": "urn:uuid:293d6908-59ca-4cef-ab36-3abcf1d68163",
            "resource": {
                "resourceType": "MedicationRequest",
                "id": "293d6908-59ca-4cef-ab36-3abcf1d68163",
                "meta": {
                    "versionId": "1",
                    "lastUpdated": "2021-10-26T23:20:28.778+00:00",
                    "profile": [
                        "http://hl7.org/fhir/us/core/StructureDefinition/us-core-medicationrequest"
                    ]
                },
                "status": "stopped",
                "intent": "order",
                "medicationCodeableConcept": {
                    "coding": [
                        {
                            "system": "http://www.nlm.nih.gov/research/umls/rxnorm",
                            "code": "106258",
                            "display": "Hydrocortisone 10 MG/ML Topical Cream"
                        }
                    ],
                    "text": "Hydrocortisone 10 MG/ML Topical Cream"
                },
                "subject": {
                    "reference": "Patient/6e5e3964-a9ff-4963-bf87-0f299b9d08b7"
                },
                "encounter": {
                    "reference": "Encounter/23df1b08-dc21-4fc8-9641-1781315c0828"
                },
                "authoredOn": "2014-12-22T09:14:01-05:00",
                "requester": {
                    "reference": "Practitioner/27cdcdd9-b490-49d5-bdfa-4d4802fd6d69",
                    "display": "Dr. Practitioner FHIRlink3"
                },
                "reasonReference": [
                    {
                        "reference": "Condition/bb3ac4e9-d0da-4f31-a43a-6907f7df0fe1"
                    }
                ],
                "dosageInstruction": [
                    {
                        "sequence": 1,
                        "text": "Take as needed.",
                        "asNeededBoolean": true
                    }
                ]
            },
            "request": {
                "method": "PUT",
                "url": "MedicationRequest/293d6908-59ca-4cef-ab36-3abcf1d68163"
            }
        },
        {
            "fullUrl": "urn:uuid:1b5438de-f6eb-4609-a7a2-5c92a7622886",
            "resource": {
                "resourceType": "MedicationRequest",
                "id": "1b5438de-f6eb-4609-a7a2-5c92a7622886",
                "meta": {
                    "versionId": "1",
                    "lastUpdated": "2021-10-26T23:20:29.218+00:00",
                    "profile": [
                        "http://hl7.org/fhir/us/core/StructureDefinition/us-core-medicationrequest"
                    ]
                },
                "status": "stopped",
                "intent": "order",
                "medicationCodeableConcept": {
                    "coding": [
                        {
                            "system": "http://www.nlm.nih.gov/research/umls/rxnorm",
                            "code": "562251",
                            "display": "Amoxicillin 250 MG / Clavulanate 125 MG Oral Tablet"
                        }
                    ],
                    "text": "Amoxicillin 250 MG / Clavulanate 125 MG Oral Tablet"
                },
                "subject": {
                    "reference": "Patient/6e5e3964-a9ff-4963-bf87-0f299b9d08b7"
                },
                "encounter": {
                    "reference": "Encounter/23df1b08-dc21-4fc8-9641-1781315c0828"
                },
                "authoredOn": "2015-06-30T12:14:01-04:00",
                "requester": {
                    "reference": "Practitioner/27cdcdd9-b490-49d5-bdfa-4d4802fd6d69",
                    "display": "Dr. Practitioner FHIRlink3"
                },
                "reasonReference": [
                    {
                        "reference": "Condition/bb3ac4e9-d0da-4f31-a43a-6907f7df0fe1"
                    }
                ]
            },
            "request": {
                "method": "PUT",
                "url": "MedicationRequest/1b5438de-f6eb-4609-a7a2-5c92a7622886"
            }
        }
    ]
}