{
    "resourceType": "Bundle",
    "id": "edbbba5d-69b7-4291-9603-f3b0f23baf9a",
    "meta": {
        "versionId": "1",
        "lastUpdated": "2023-05-30T20:49:19.5501920Z"
    },
    "type": "batch",
    "entry": [
        {
            "fullUrl": "urn:uuid:f909a5f6-b963-4357-b0eb-984eab153e70",
            "resource": {
                "resourceType": "Patient",
                "id": "f909a5f6-b963-4357-b0eb-984eab153e70",
                "meta": {
                    "versionId": "2",
                    "lastUpdated": "2023-04-06T13:22:06.042-04:00",
                    "profile": [
                        "http://hl7.org/fhir/us/core/StructureDefinition/us-core-patient"
                    ]
                },
                "text": {
                    "status": "generated",
                    "div": "<div xmlns=\"http://www.w3.org/1999/xhtml\">Generated by <a href=\"https://github.com/synthetichealth/synthea\">Synthea</a>.Version identifier: a3482c8\n .   Person seed: -7378810523950245162  Population seed: 1635288721520</div>"
                },
                "identifier": [
                    {
                        "type": {
                            "coding": [
                                {
                                    "system": "http://terminology.hl7.org/CodeSystem/v2-0203",
                                    "code": "MR",
                                    "display": "Medical Record Number"
                                }
                            ],
                            "text": "Medical Record Number"
                        },
                        "system": "http://hospital.smarthealthit.org",
                        "value": "f909a5f6-b963-4357-b0eb-984eab153e70"
                    },
                    {
                        "type": {
                            "coding": [
                                {
                                    "system": "http://terminology.hl7.org/CodeSystem/v2-0203",
                                    "code": "SS",
                                    "display": "Social Security Number"
                                }
                            ],
                            "text": "Social Security Number"
                        },
                        "system": "http://hl7.org/fhir/sid/us-ssn",
                        "value": "999-01-0002"
                    },
                    {
                        "type": {
                            "coding": [
                                {
                                    "system": "http://terminology.hl7.org/CodeSystem/v2-0203",
                                    "code": "DL",
                                    "display": "Driver's License"
                                }
                            ],
                            "text": "Driver's License"
                        },
                        "system": "urn:oid:2.16.840.1.113883.4.3.25",
                        "value": "S11173027"
                    },
                    {
                        "type": {
                            "coding": [
                                {
                                    "system": "http://terminology.hl7.org/CodeSystem/v2-0203",
                                    "code": "PPN",
                                    "display": "Passport Number"
                                }
                            ],
                            "text": "Passport Number"
                        },
                        "system": "http://standardhealthrecord.org/fhir/StructureDefinition/passportNumber",
                        "value": "X53019369X"
                    }
                ],
                "name": [
                    {
                        "use": "official",
                        "family": "FHIRlink4",
                        "given": [
                            "Patient"
                        ],
                        "prefix": [
                            "Mr."
                        ]
                    }
                ],
                "telecom": [
                    {
                        "system": "phone",
                        "value": "555-795-6145",
                        "use": "home"
                    }
                ],
                "gender": "male",
                "deceasedDateTime": "1989-11-04T02:41:10-05:00",
                "address": [
                    {
                        "line": [
                            "115 Reynolds Throughway Unit 51"
                        ],
                        "city": "Woburn",
                        "state": "MA",
                        "country": "US"
                    }
                ],
                "birthDate": "1972-02-05", 
                "maritalStatus": {
                    "coding": [
                        {
                            "system": "http://terminology.hl7.org/CodeSystem/v3-MaritalStatus",
                            "code": "M",
                            "display": "M"
                        }
                    ],
                    "text": "M"
                },
                "multipleBirthInteger": 2,
                "communication": [
                    {
                        "language": {
                            "coding": [
                                {
                                    "system": "urn:ietf:bcp:47",
                                    "code": "en-US",
                                    "display": "English"
                                }
                            ],
                            "text": "English"
                        }
                    }
                ]
            },
            "request": {
                "method": "PUT",
                "url": "Patient/f909a5f6-b963-4357-b0eb-984eab153e70"
            }
        },
        {
            "fullUrl": "urn:uuid:6f197b3a-f69e-4afe-92f0-5d9dbd07dc39",
            "resource": {
                "resourceType": "Practitioner",
                "id": "6f197b3a-f69e-4afe-92f0-5d9dbd07dc39",
                "meta": {
                    "profile": [
                        "http://hl7.org/fhir/us/core/StructureDefinition/us-core-practitioner"
                    ]
                },
                "extension": [
                    {
                        "url": "http://synthetichealth.github.io/synthea/utilization-encounters-extension",
                        "valueInteger": 50
                    }
                ],
                "identifier": [
                    {
                        "system": "http://hl7.org/fhir/sid/us-npi",
                        "value": "9999999929"
                    }
                ],
                "active": true,
                "name": [
                    {
                        "family": "FHIRlink4",
                        "given": [
                            "Practitioner"
                        ],
                        "prefix": [
                            "Dr."
                        ]
                    }
                ],
                "telecom": [
                    {
                        "extension": [
                            {
                                "url": "http://hl7.org/fhir/us/core/StructureDefinition/us-core-direct",
                                "valueBoolean": true
                            }
                        ],
                        "system": "email",
                        "value": "Practitioner.FHIRlink4@example.com",
                        "use": "work"
                    }
                ],
                "address": [
                    {
                        "line": [
                            "18101 OAKWOOD BLVD"
                        ],
                        "city": "Oakland Park",
                        "state": "MI",
                        "postalCode": "48124",
                        "country": "US"
                    }
                ],
                "gender": "male"
            },
            "request": {
                "method": "PUT",
                "url": "Practitioner/6f197b3a-f69e-4afe-92f0-5d9dbd07dc39"
            }
        },
        {
            "fullUrl": "urn:uuid:3acfc717-5b6c-4571-884a-74c2946e8198",
            "resource": {
                "resourceType": "Location",
                "id": "3acfc717-5b6c-4571-884a-74c2946e8198",
                "meta": {
                    "profile": [
                        "http://hl7.org/fhir/us/core/StructureDefinition/us-core-location"
                    ]
                },
                "identifier": [
                    {
                        "system": "https://github.com/synthetichealth/synthea",
                        "value": "3acfc717-5b6c-4571-884a-74c2946e8198"
                    }
                ],
                "status": "active",
                "name": "Location - FHIRlink4",
                "telecom": [
                    {
                        "system": "phone",
                        "value": "3135937125"
                    }
                ],
                "address": {
                    "line": [
                        "18101 OAKWOOD BLVD"
                    ],
                    "city": "Detroit",
                    "state": "MI",
                    "postalCode": "48124",
                    "country": "US"
                },
                "position": {
                    "longitude": -83.211488,
                    "latitude": 42.313057
                },
                "managingOrganization": {
                    "identifier": {
                        "system": "https://github.com/synthetichealth/synthea",
                        "value": "eda4946b-471f-4454-ac98-03b1b9fa0aad"
                    },
                    "display": "Location - FHIRlink4"
                }
            },
            "request": {
                "method": "PUT",
                "url": "Location/3acfc717-5b6c-4571-884a-74c2946e8198"
            }
        },
        {
            "fullUrl": "urn:uuid:eda4946b-471f-4454-ac98-03b1b9fa0aad",
            "resource": {
                "resourceType": "Organization",
                "id": "eda4946b-471f-4454-ac98-03b1b9fa0aad",
                "meta": {
                    "profile": [
                        "http://hl7.org/fhir/us/core/StructureDefinition/us-core-organization"
                    ]
                },
                "identifier": [
                    {
                        "system": "https://github.com/synthetichealth/synthea",
                        "value": "eda4946b-471f-4454-ac98-03b1b9fa0aad"
                    }
                ],
                "active": true,
                "type": [
                    {
                        "coding": [
                            {
                                "system": "http://terminology.hl7.org/CodeSystem/organization-type",
                                "code": "prov",
                                "display": "Healthcare Provider"
                            }
                        ],
                        "text": "Healthcare Provider"
                    }
                ],
                "name": "HOSPITAL - FHIRlink4",
                "telecom": [
                    {
                        "system": "phone",
                        "value": "3135937125"
                    }
                ],
                "address": [
                    {
                        "line": [
                            "18101 OAKWOOD BLVD"
                        ],
                        "city": "DETROIT",
                        "state": "MI",
                        "postalCode": "48124",
                        "country": "US"
                    }
                ]
            },
            "request": {
                "method": "PUT",
                "url": "Organization/eda4946b-471f-4454-ac98-03b1b9fa0aad"
            }
        },
        {
            "fullUrl": "urn:uuid:2c4c6539-34e2-4bda-9cf7-3e23565c59e8",
            "resource": {
                "resourceType": "Encounter",
                "id": "2c4c6539-34e2-4bda-9cf7-3e23565c59e8",
                "meta": {
                    "versionId": "2",
                    "lastUpdated": "2023-02-21T14:19:02.685-05:00",
                    "profile": [
                        "http://hl7.org/fhir/us/core/StructureDefinition/us-core-encounter"
                    ]
                },
                "identifier": [
                    {
                        "use": "official",
                        "system": "https://github.com/synthetichealth/synthea",
                        "value": "2c4c6539-34e2-4bda-9cf7-3e23565c59e8"
                    }
                ],
                "status": "finished",
                "class": {
                    "system": "http://terminology.hl7.org/CodeSystem/v3-ActCode",
                    "code": "AMB"
                },
                "classHistory": [
                    {
                        "class": {
                            "system": "http://terminology.hl7.org/CodeSystem/v3-ActCode",
                            "code": "IMP"
                        },
                        "period": {
                            "start": "2023-02-02T11:00:00-05:00",
                            "end": "2023-02-11T11:00:00-05:00"
                        }
                    }
                ],
                "type": [
                    {
                        "coding": [
                            {
                                "system": "http://snomed.info/sct",
                                "code": "162673000",
                                "display": "General examination of patient (procedure)"
                            }
                        ],
                        "text": "General examination of patient (procedure)"
                    }
                ],
                "subject": {
                    "reference": "Patient/f909a5f6-b963-4357-b0eb-984eab153e70",
                    "display": "Mr. Patient FHIRlink4"
                },
                "participant": [
                    {
                        "type": [
                            {
                                "coding": [
                                    {
                                        "system": "http://terminology.hl7.org/CodeSystem/v3-ParticipationType",
                                        "code": "PPRF",
                                        "display": "primary performer"
                                    }
                                ],
                                "text": "primary performer"
                            }
                        ],
                        "period": {
                            "start": "2005-02-05T02:41:10-05:00",
                            "end": "2005-02-05T02:56:10-05:00"
                        },
                        "individual": {
                            "reference": "Practitioner/6f197b3a-f69e-4afe-92f0-5d9dbd07dc39",
                            "display": "Dr. Practitioner FHIRlink4"
                        }
                    }
                ],
                "period": {
                    "start": "1972-02-05T02:41:10-05:00",
                    "end": "1972-02-05T02:56:10-05:00"
                },
                "location": [
                    {
                        "location": {
                            "reference": "Location/3acfc717-5b6c-4571-884a-74c2946e8198",
                            "display": "PCP150737"
                        }
                    }
                ],
                "serviceProvider": {
                    "reference": "Organization/eda4946b-471f-4454-ac98-03b1b9fa0aad",
                    "display": "PCP150737"
                }
            },
            "request": {
                "method": "PUT",
                "url": "Encounter/2c4c6539-34e2-4bda-9cf7-3e23565c59e8"
            }
        },
        {
            "fullUrl": "urn:uuid:73383990-62eb-4cce-b93d-94078ed8f482",
            "resource": {
                "resourceType": "Encounter",
                "id": "73383990-62eb-4cce-b93d-94078ed8f482",
                "identifier": [
                    {
                        "use": "official",
                        "system": "https://github.com/synthetichealth/synthea",
                        "value": "73383990-62eb-4cce-b93d-94078ed8f482"
                    }
                ],
                "status": "finished",
                "class": {
                    "system": "http://terminology.hl7.org/CodeSystem/v3-ActCode",
                    "code": "EMER"
                },
                "classHistory": [
                    {
                        "class": {
                            "system": "http://terminology.hl7.org/CodeSystem/v3-ActCode",
                            "code": "IMP"
                        },
                        "period": {
                            "start": "2023-02-02T11:00:00-05:00",
                            "end": "2023-02-11T11:00:00-05:00"
                        }
                    }
                ],
                "type": [
                    {
                        "coding": [
                            {
                                "system": "http://snomed.info/sct",
                                "code": "55804002",
                                "display": "History and physical examination, administrative (procedure)"
                            }
                        ],
                        "text": "History and physical examination, administrative (procedure)"
                    }
                ],
                "subject": {
                    "reference": "Patient/f909a5f6-b963-4357-b0eb-984eab153e70",
                    "display": "Mr. Patient FHIRlink4"
                },
                "participant": [
                    {
                        "type": [
                            {
                                "coding": [
                                    {
                                        "system": "http://terminology.hl7.org/CodeSystem/v3-ParticipationType",
                                        "code": "PPRF",
                                        "display": "primary performer"
                                    }
                                ],
                                "text": "primary performer"
                            }
                        ],
                        "period": {
                            "start": "2005-02-05T02:41:10-05:00",
                            "end": "2005-02-05T02:56:10-05:00"
                        },
                        "individual": {
                            "reference": "Practitioner/6f197b3a-f69e-4afe-92f0-5d9dbd07dc39",
                            "display": "Dr. Practitioner FHIRlink4"
                        }
                    }
                ],
                "period": {
                    "start": "1972-02-05T02:41:10-05:00",
                    "end": "1972-02-05T02:56:10-05:00"
                },
                "location": [
                    {
                        "location": {
                            "reference": "Location/3acfc717-5b6c-4571-884a-74c2946e8198",
                            "display": "PCP150737"
                        }
                    }
                ],
                "serviceProvider": {
                    "reference": "Organization/eda4946b-471f-4454-ac98-03b1b9fa0aad",
                    "display": "PCP150737"
                }
            },
            "request": {
                "method": "PUT",
                "url": "Encounter/73383990-62eb-4cce-b93d-94078ed8f482"
            }
        },
        {
            "fullUrl": "urn:uuid:7db2ad6a-38c6-4463-930e-3cafdc1d73ff",
            "resource": {
                "resourceType": "Condition",
                "id": "7db2ad6a-38c6-4463-930e-3cafdc1d73ff",
                "meta": {
                    "versionId": "1",
                    "lastUpdated": "2021-10-26T19:20:30.518-04:00",
                    "profile": [
                        "http://hl7.org/fhir/us/core/StructureDefinition/us-core-condition"
                    ]
                },
                "clinicalStatus": {
                    "coding": [
                        {
                            "system": "http://terminology.hl7.org/CodeSystem/condition-clinical",
                            "code": "active"
                        }
                    ]
                },
                "verificationStatus": {
                    "coding": [
                        {
                            "system": "http://terminology.hl7.org/CodeSystem/condition-ver-status",
                            "code": "confirmed"
                        }
                    ]
                },
                "category": [
                    {
                        "coding": [
                            {
                                "system": "http://terminology.hl7.org/CodeSystem/condition-category",
                                "code": "encounter-diagnosis",
                                "display": "Encounter Diagnosis"
                            }
                        ]
                    }
                ],
                "code": {
                    "coding": [
                        {
                            "system": "http://snomed.info/sct",
                            "code": "15777000",
                            "display": "Prediabetes"
                        }
                    ],
                    "text": "Prediabetes"
                },
                "subject": {
                    "reference": "Patient/f909a5f6-b963-4357-b0eb-984eab153e70"
                },
                "encounter": {
                    "reference": "Encounter/2c4c6539-34e2-4bda-9cf7-3e23565c59e8"
                },
                "onsetDateTime": "1972-02-05T02:41:10-05:00",
                "recordedDate": "1972-02-05T02:41:10-05:00"
            },
            "request": {
                "method": "PUT",
                "url": "Condition/7db2ad6a-38c6-4463-930e-3cafdc1d73ff"
            }
        },
        {
            "fullUrl": "urn:uuid:0461b306-6d3d-479b-8255-47a4443fa3b7",
            "resource": {
                "resourceType": "Appointment",
                "id": "0461b306-6d3d-479b-8255-47a4443fa3b7",
                "status": "booked",
                "serviceCategory": [
                    {
                    "coding": [
                        {
                        "system": "http://example.org/service-category",
                        "code": "gp",
                        "display": "General Practice"
                        }
                    ]
                    }
                ],
                "serviceType": [
                    {
                    "coding": [
                        {
                        "code": "52",
                        "display": "General Discussion"
                        }
                    ]
                    }
                ],
                "specialty": [
                    {
                    "coding": [
                        {
                        "system": "http://snomed.info/sct",
                        "code": "394814009",
                        "display": "General practice"
                        }
                    ]
                    }
                ],
                "appointmentType": {
                    "coding": [
                    {
                        "system": "http://terminology.hl7.org/CodeSystem/v2-0276",
                        "code": "WALKIN",
                        "display": "A previously unscheduled walk-in visit"
                    }
                    ]
                },
                "priority": 5,
                "description": "Discussion about recent MRI results",
                "start": "2020-04-04T20:00:00+00:00",
                "end": "2020-04-04T21:00:00+00:00",
                "minutesDuration": 60,
                "participant": [
                    {
                        "actor": {
                            "reference": "Practitioner/6f197b3a-f69e-4afe-92f0-5d9dbd07dc39",
                            "display": "Dr. Practitioner FHIRlink4"
                        },
                        "required": "required",
                        "status": "accepted"
                    },
                    {
                        "actor": {
                            "reference": "Patient/f909a5f6-b963-4357-b0eb-984eab153e70"
                        },
                        "required": "required",
                        "status": "accepted"
                    }
                ]
            },
            "request": {
                "method": "PUT",
                "url": "Appointment/0461b306-6d3d-479b-8255-47a4443fa3b7"
            }
        },
        {
            "fullUrl": "urn:uuid:8b1bc798-853a-4ab5-9342-402fbba2c83d",
            "resource": {
                "resourceType": "Appointment",
                "id": "8b1bc798-853a-4ab5-9342-402fbba2c83d",
                "status": "booked",
                "serviceCategory": [
                    {
                    "coding": [
                        {
                        "system": "http://example.org/service-category",
                        "code": "gp",
                        "display": "General Practice"
                        }
                    ]
                    }
                ],
                "serviceType": [
                    {
                    "coding": [
                        {
                        "code": "52",
                        "display": "General Discussion"
                        }
                    ]
                    }
                ],
                "specialty": [
                    {
                    "coding": [
                        {
                        "system": "http://snomed.info/sct",
                        "code": "394814009",
                        "display": "General practice"
                        }
                    ]
                    }
                ],
                "appointmentType": {
                    "coding": [
                    {
                        "system": "http://terminology.hl7.org/CodeSystem/v2-0276",
                        "code": "WALKIN",
                        "display": "A previously unscheduled walk-in visit"
                    }
                    ]
                },
                "priority": 5,
                "description": "Follow up appointment (recent MRI results)",
                "start": "2020-04-14T20:00:00+00:00",
                "end": "2020-04-14T21:00:00+00:00",
                "minutesDuration": 60,
                "participant": [
                    {
                        "actor": {
                            "reference": "Practitioner/6f197b3a-f69e-4afe-92f0-5d9dbd07dc39",
                            "display": "Dr. Practitioner FHIRlink4"
                        },
                        "required": "required",
                        "status": "accepted"
                    },
                    {
                        "actor": {
                            "reference": "Patient/f909a5f6-b963-4357-b0eb-984eab153e70"
                        },
                        "required": "required",
                        "status": "accepted"
                    }
                ]
            },
            "request": {
                "method": "PUT",
                "url": "Appointment/8b1bc798-853a-4ab5-9342-402fbba2c83d"
            }            
        },
        {
            "fullUrl": "urn:uuid:ac4208b9-36eb-4e46-aabc-c9752dde8f90",
            "resource": {
                "resourceType": "MedicationRequest",
                "id": "ac4208b9-36eb-4e46-aabc-c9752dde8f90",
                "meta": {
                    "versionId": "1",
                    "lastUpdated": "2021-10-26T23:20:28.778+00:00",
                    "profile": [
                        "http://hl7.org/fhir/us/core/StructureDefinition/us-core-medicationrequest"
                    ]
                },
                "status": "stopped",
                "intent": "order",
                "medicationCodeableConcept": {
                    "coding": [
                        {
                            "system": "http://www.nlm.nih.gov/research/umls/rxnorm",
                            "code": "106258",
                            "display": "Hydrocortisone 10 MG/ML Topical Cream"
                        }
                    ],
                    "text": "Hydrocortisone 10 MG/ML Topical Cream"
                },
                "subject": {
                    "reference": "Patient/f909a5f6-b963-4357-b0eb-984eab153e70"
                },
                "encounter": {
                    "reference": "Encounter/2c4c6539-34e2-4bda-9cf7-3e23565c59e8"
                },
                "authoredOn": "2014-12-22T09:14:01-05:00",
                "requester": {
                    "reference": "Practitioner/6f197b3a-f69e-4afe-92f0-5d9dbd07dc39",
                    "display": "Dr. Practitioner FHIRlink4"
                },
                "reasonReference": [
                    {
                        "reference": "Condition/7db2ad6a-38c6-4463-930e-3cafdc1d73ff"
                    }
                ],
                "dosageInstruction": [
                    {
                        "sequence": 1,
                        "text": "Take as needed.",
                        "asNeededBoolean": true
                    }
                ]
            },
            "request": {
                "method": "PUT",
                "url": "MedicationRequest/ac4208b9-36eb-4e46-aabc-c9752dde8f90"
            }
        },
        {
            "fullUrl": "urn:uuid:7b7488f2-9a22-4768-9603-52cc8b40406e",
            "resource": {
                "resourceType": "MedicationRequest",
                "id": "7b7488f2-9a22-4768-9603-52cc8b40406e",
                "meta": {
                    "versionId": "1",
                    "lastUpdated": "2021-10-26T23:20:29.218+00:00",
                    "profile": [
                        "http://hl7.org/fhir/us/core/StructureDefinition/us-core-medicationrequest"
                    ]
                },
                "status": "stopped",
                "intent": "order",
                "medicationCodeableConcept": {
                    "coding": [
                        {
                            "system": "http://www.nlm.nih.gov/research/umls/rxnorm",
                            "code": "562251",
                            "display": "Amoxicillin 250 MG / Clavulanate 125 MG Oral Tablet"
                        }
                    ],
                    "text": "Amoxicillin 250 MG / Clavulanate 125 MG Oral Tablet"
                },
                "subject": {
                    "reference": "Patient/f909a5f6-b963-4357-b0eb-984eab153e70"
                },
                "encounter": {
                    "reference": "Encounter/2c4c6539-34e2-4bda-9cf7-3e23565c59e8"
                },
                "authoredOn": "2015-06-30T12:14:01-04:00",
                "requester": {
                    "reference": "Practitioner/6f197b3a-f69e-4afe-92f0-5d9dbd07dc39",
                    "display": "Dr. Practitioner FHIRlink4"
                },
                "reasonReference": [
                    {
                        "reference": "Condition/7db2ad6a-38c6-4463-930e-3cafdc1d73ff"
                    }
                ]
            },
            "request": {
                "method": "PUT",
                "url": "MedicationRequest/7b7488f2-9a22-4768-9603-52cc8b40406e"
            }
        }
    ]
}