{
    "resourceType": "Bundle",
    "id": "edbbba5d-69b7-4291-9603-f3b0f23baf9a",
    "meta": {
        "versionId": "1",
        "lastUpdated": "2023-05-30T20:49:19.5501920Z"
    },
    "type": "batch",
    "entry": [
        {
            "fullUrl": "urn:uuid:362990eb-f957-41d6-896a-71af21f0c9af",
            "resource": {
                "resourceType": "Patient",
                "id": "362990eb-f957-41d6-896a-71af21f0c9af",
                "meta": {
                    "versionId": "2",
                    "lastUpdated": "2023-04-06T13:22:06.042-04:00",
                    "profile": [
                        "http://hl7.org/fhir/us/core/StructureDefinition/us-core-patient"
                    ]
                },
                "text": {
                    "status": "generated",
                    "div": "<div xmlns=\"http://www.w3.org/1999/xhtml\">Generated by <a href=\"https://github.com/synthetichealth/synthea\">Synthea</a>.Version identifier: a3482c8\n .   Person seed: -7378810523950245162  Population seed: 1635288721520</div>"
                },
                "identifier": [
                    {
                        "type": {
                            "coding": [
                                {
                                    "system": "http://terminology.hl7.org/CodeSystem/v2-0203",
                                    "code": "MR",
                                    "display": "Medical Record Number"
                                }
                            ],
                            "text": "Medical Record Number"
                        },
                        "system": "http://hospital.smarthealthit.org",
                        "value": "362990eb-f957-41d6-896a-71af21f0c9af"
                    },
                    {
                        "type": {
                            "coding": [
                                {
                                    "system": "http://terminology.hl7.org/CodeSystem/v2-0203",
                                    "code": "SS",
                                    "display": "Social Security Number"
                                }
                            ],
                            "text": "Social Security Number"
                        },
                        "system": "http://hl7.org/fhir/sid/us-ssn",
                        "value": "999-01-0002"
                    },
                    {
                        "type": {
                            "coding": [
                                {
                                    "system": "http://terminology.hl7.org/CodeSystem/v2-0203",
                                    "code": "DL",
                                    "display": "Driver's License"
                                }
                            ],
                            "text": "Driver's License"
                        },
                        "system": "urn:oid:2.16.840.1.113883.4.3.25",
                        "value": "S11173027"
                    },
                    {
                        "type": {
                            "coding": [
                                {
                                    "system": "http://terminology.hl7.org/CodeSystem/v2-0203",
                                    "code": "PPN",
                                    "display": "Passport Number"
                                }
                            ],
                            "text": "Passport Number"
                        },
                        "system": "http://standardhealthrecord.org/fhir/StructureDefinition/passportNumber",
                        "value": "X53019369X"
                    }
                ],
                "name": [
                    {
                        "use": "official",
                        "family": "FHIRlink5",
                        "given": [
                            "Patient"
                        ],
                        "prefix": [
                            "Mr."
                        ]
                    }
                ],
                "telecom": [
                    {
                        "system": "phone",
                        "value": "555-795-6145",
                        "use": "home"
                    }
                ],
                "gender": "male",
                "deceasedDateTime": "1989-11-04T02:41:10-05:00",
                "address": [
                    {
                        "line": [
                            "115 Reynolds Throughway Unit 51"
                        ],
                        "city": "Woburn",
                        "state": "MA",
                        "country": "US"
                    }
                ],
                "birthDate": "1972-02-05", 
                "maritalStatus": {
                    "coding": [
                        {
                            "system": "http://terminology.hl7.org/CodeSystem/v3-MaritalStatus",
                            "code": "M",
                            "display": "M"
                        }
                    ],
                    "text": "M"
                },
                "multipleBirthInteger": 2,
                "communication": [
                    {
                        "language": {
                            "coding": [
                                {
                                    "system": "urn:ietf:bcp:47",
                                    "code": "en-US",
                                    "display": "English"
                                }
                            ],
                            "text": "English"
                        }
                    }
                ]
            },
            "request": {
                "method": "PUT",
                "url": "Patient/362990eb-f957-41d6-896a-71af21f0c9af"
            }
        },
        {
            "fullUrl": "urn:uuid:fbd8733e-5130-4a2a-b345-0a79f04e4f9b",
            "resource": {
                "resourceType": "Practitioner",
                "id": "fbd8733e-5130-4a2a-b345-0a79f04e4f9b",
                "meta": {
                    "profile": [
                        "http://hl7.org/fhir/us/core/StructureDefinition/us-core-practitioner"
                    ]
                },
                "extension": [
                    {
                        "url": "http://synthetichealth.github.io/synthea/utilization-encounters-extension",
                        "valueInteger": 50
                    }
                ],
                "identifier": [
                    {
                        "system": "http://hl7.org/fhir/sid/us-npi",
                        "value": "9999999929"
                    }
                ],
                "active": true,
                "name": [
                    {
                        "family": "FHIRlink5",
                        "given": [
                            "Practitioner"
                        ],
                        "prefix": [
                            "Dr."
                        ]
                    }
                ],
                "telecom": [
                    {
                        "extension": [
                            {
                                "url": "http://hl7.org/fhir/us/core/StructureDefinition/us-core-direct",
                                "valueBoolean": true
                            }
                        ],
                        "system": "email",
                        "value": "Practitioner.FHIRlink5@example.com",
                        "use": "work"
                    }
                ],
                "address": [
                    {
                        "line": [
                            "18101 OAKWOOD BLVD"
                        ],
                        "city": "Oakland Park",
                        "state": "MI",
                        "postalCode": "48124",
                        "country": "US"
                    }
                ],
                "gender": "male"
            },
            "request": {
                "method": "PUT",
                "url": "Practitioner/fbd8733e-5130-4a2a-b345-0a79f04e4f9b"
            }
        },
        {
            "fullUrl": "urn:uuid:15edc27a-ffa4-41d1-92b5-573ecc471754",
            "resource": {
                "resourceType": "Location",
                "id": "15edc27a-ffa4-41d1-92b5-573ecc471754",
                "meta": {
                    "profile": [
                        "http://hl7.org/fhir/us/core/StructureDefinition/us-core-location"
                    ]
                },
                "identifier": [
                    {
                        "system": "https://github.com/synthetichealth/synthea",
                        "value": "15edc27a-ffa4-41d1-92b5-573ecc471754"
                    }
                ],
                "status": "active",
                "name": "Location - FHIRlink5",
                "telecom": [
                    {
                        "system": "phone",
                        "value": "3135937125"
                    }
                ],
                "address": {
                    "line": [
                        "18101 OAKWOOD BLVD"
                    ],
                    "city": "Detroit",
                    "state": "MI",
                    "postalCode": "48124",
                    "country": "US"
                },
                "position": {
                    "longitude": -83.211488,
                    "latitude": 42.313057
                },
                "managingOrganization": {
                    "identifier": {
                        "system": "https://github.com/synthetichealth/synthea",
                        "value": "edbd23fa-63dd-4509-a553-c61642482295"
                    },
                    "display": "Location - FHIRlink5"
                }
            },
            "request": {
                "method": "PUT",
                "url": "Location/15edc27a-ffa4-41d1-92b5-573ecc471754"
            }
        },
        {
            "fullUrl": "urn:uuid:edbd23fa-63dd-4509-a553-c61642482295",
            "resource": {
                "resourceType": "Organization",
                "id": "edbd23fa-63dd-4509-a553-c61642482295",
                "meta": {
                    "profile": [
                        "http://hl7.org/fhir/us/core/StructureDefinition/us-core-organization"
                    ]
                },
                "identifier": [
                    {
                        "system": "https://github.com/synthetichealth/synthea",
                        "value": "edbd23fa-63dd-4509-a553-c61642482295"
                    }
                ],
                "active": true,
                "type": [
                    {
                        "coding": [
                            {
                                "system": "http://terminology.hl7.org/CodeSystem/organization-type",
                                "code": "prov",
                                "display": "Healthcare Provider"
                            }
                        ],
                        "text": "Healthcare Provider"
                    }
                ],
                "name": "HOSPITAL - FHIRlink5",
                "telecom": [
                    {
                        "system": "phone",
                        "value": "3135937125"
                    }
                ],
                "address": [
                    {
                        "line": [
                            "18101 OAKWOOD BLVD"
                        ],
                        "city": "DETROIT",
                        "state": "MI",
                        "postalCode": "48124",
                        "country": "US"
                    }
                ]
            },
            "request": {
                "method": "PUT",
                "url": "Organization/edbd23fa-63dd-4509-a553-c61642482295"
            }
        },
        {
            "fullUrl": "urn:uuid:77d9878b-9ee9-464e-ba63-a9bc10adc8cc",
            "resource": {
                "resourceType": "Encounter",
                "id": "77d9878b-9ee9-464e-ba63-a9bc10adc8cc",
                "meta": {
                    "versionId": "2",
                    "lastUpdated": "2023-02-21T14:19:02.685-05:00",
                    "profile": [
                        "http://hl7.org/fhir/us/core/StructureDefinition/us-core-encounter"
                    ]
                },
                "identifier": [
                    {
                        "use": "official",
                        "system": "https://github.com/synthetichealth/synthea",
                        "value": "77d9878b-9ee9-464e-ba63-a9bc10adc8cc"
                    }
                ],
                "status": "finished",
                "class": {
                    "system": "http://terminology.hl7.org/CodeSystem/v3-ActCode",
                    "code": "AMB"
                },
                "classHistory": [
                    {
                        "class": {
                            "system": "http://terminology.hl7.org/CodeSystem/v3-ActCode",
                            "code": "IMP"
                        },
                        "period": {
                            "start": "2023-02-02T11:00:00-05:00",
                            "end": "2023-02-11T11:00:00-05:00"
                        }
                    }
                ],
                "type": [
                    {
                        "coding": [
                            {
                                "system": "http://snomed.info/sct",
                                "code": "162673000",
                                "display": "General examination of patient (procedure)"
                            }
                        ],
                        "text": "General examination of patient (procedure)"
                    }
                ],
                "subject": {
                    "reference": "Patient/362990eb-f957-41d6-896a-71af21f0c9af",
                    "display": "Mr. Patient FHIRlink5"
                },
                "participant": [
                    {
                        "type": [
                            {
                                "coding": [
                                    {
                                        "system": "http://terminology.hl7.org/CodeSystem/v3-ParticipationType",
                                        "code": "PPRF",
                                        "display": "primary performer"
                                    }
                                ],
                                "text": "primary performer"
                            }
                        ],
                        "period": {
                            "start": "2005-02-05T02:41:10-05:00",
                            "end": "2005-02-05T02:56:10-05:00"
                        },
                        "individual": {
                            "reference": "Practitioner/fbd8733e-5130-4a2a-b345-0a79f04e4f9b",
                            "display": "Dr. Practitioner FHIRlink5"
                        }
                    }
                ],
                "period": {
                    "start": "1972-02-05T02:41:10-05:00",
                    "end": "1972-02-05T02:56:10-05:00"
                },
                "location": [
                    {
                        "location": {
                            "reference": "Location/15edc27a-ffa4-41d1-92b5-573ecc471754",
                            "display": "PCP150737"
                        }
                    }
                ],
                "serviceProvider": {
                    "reference": "Organization/edbd23fa-63dd-4509-a553-c61642482295",
                    "display": "PCP150737"
                }
            },
            "request": {
                "method": "PUT",
                "url": "Encounter/77d9878b-9ee9-464e-ba63-a9bc10adc8cc"
            }
        },
        {
            "fullUrl": "urn:uuid:13653e3b-64e4-4db6-85c2-a17932d259d9",
            "resource": {
                "resourceType": "Encounter",
                "id": "13653e3b-64e4-4db6-85c2-a17932d259d9",
                "identifier": [
                    {
                        "use": "official",
                        "system": "https://github.com/synthetichealth/synthea",
                        "value": "13653e3b-64e4-4db6-85c2-a17932d259d9"
                    }
                ],
                "status": "finished",
                "class": {
                    "system": "http://terminology.hl7.org/CodeSystem/v3-ActCode",
                    "code": "EMER"
                },
                "classHistory": [
                    {
                        "class": {
                            "system": "http://terminology.hl7.org/CodeSystem/v3-ActCode",
                            "code": "IMP"
                        },
                        "period": {
                            "start": "2023-02-02T11:00:00-05:00",
                            "end": "2023-02-11T11:00:00-05:00"
                        }
                    }
                ],
                "type": [
                    {
                        "coding": [
                            {
                                "system": "http://snomed.info/sct",
                                "code": "55804002",
                                "display": "History and physical examination, administrative (procedure)"
                            }
                        ],
                        "text": "History and physical examination, administrative (procedure)"
                    }
                ],
                "subject": {
                    "reference": "Patient/362990eb-f957-41d6-896a-71af21f0c9af",
                    "display": "Mr. Patient FHIRlink5"
                },
                "participant": [
                    {
                        "type": [
                            {
                                "coding": [
                                    {
                                        "system": "http://terminology.hl7.org/CodeSystem/v3-ParticipationType",
                                        "code": "PPRF",
                                        "display": "primary performer"
                                    }
                                ],
                                "text": "primary performer"
                            }
                        ],
                        "period": {
                            "start": "2005-02-05T02:41:10-05:00",
                            "end": "2005-02-05T02:56:10-05:00"
                        },
                        "individual": {
                            "reference": "Practitioner/fbd8733e-5130-4a2a-b345-0a79f04e4f9b",
                            "display": "Dr. Practitioner FHIRlink5"
                        }
                    }
                ],
                "period": {
                    "start": "1972-02-05T02:41:10-05:00",
                    "end": "1972-02-05T02:56:10-05:00"
                },
                "location": [
                    {
                        "location": {
                            "reference": "Location/15edc27a-ffa4-41d1-92b5-573ecc471754",
                            "display": "PCP150737"
                        }
                    }
                ],
                "serviceProvider": {
                    "reference": "Organization/edbd23fa-63dd-4509-a553-c61642482295",
                    "display": "PCP150737"
                }
            },
            "request": {
                "method": "PUT",
                "url": "Encounter/13653e3b-64e4-4db6-85c2-a17932d259d9"
            }
        },
        {
            "fullUrl": "urn:uuid:442c62b1-30e9-41ea-b445-3758784596c0",
            "resource": {
                "resourceType": "Condition",
                "id": "442c62b1-30e9-41ea-b445-3758784596c0",
                "meta": {
                    "versionId": "1",
                    "lastUpdated": "2021-10-26T19:20:30.518-04:00",
                    "profile": [
                        "http://hl7.org/fhir/us/core/StructureDefinition/us-core-condition"
                    ]
                },
                "clinicalStatus": {
                    "coding": [
                        {
                            "system": "http://terminology.hl7.org/CodeSystem/condition-clinical",
                            "code": "active"
                        }
                    ]
                },
                "verificationStatus": {
                    "coding": [
                        {
                            "system": "http://terminology.hl7.org/CodeSystem/condition-ver-status",
                            "code": "confirmed"
                        }
                    ]
                },
                "category": [
                    {
                        "coding": [
                            {
                                "system": "http://terminology.hl7.org/CodeSystem/condition-category",
                                "code": "encounter-diagnosis",
                                "display": "Encounter Diagnosis"
                            }
                        ]
                    }
                ],
                "code": {
                    "coding": [
                        {
                            "system": "http://snomed.info/sct",
                            "code": "15777000",
                            "display": "Prediabetes"
                        }
                    ],
                    "text": "Prediabetes"
                },
                "subject": {
                    "reference": "Patient/362990eb-f957-41d6-896a-71af21f0c9af"
                },
                "encounter": {
                    "reference": "Encounter/77d9878b-9ee9-464e-ba63-a9bc10adc8cc"
                },
                "onsetDateTime": "1972-02-05T02:41:10-05:00",
                "recordedDate": "1972-02-05T02:41:10-05:00"
            },
            "request": {
                "method": "PUT",
                "url": "Condition/442c62b1-30e9-41ea-b445-3758784596c0"
            }
        },
        {
            "fullUrl": "urn:uuid:2fff2395-4e8e-4061-8df9-568a7035ae3f",
            "resource": {
                "resourceType": "Appointment",
                "id": "2fff2395-4e8e-4061-8df9-568a7035ae3f",
                "status": "booked",
                "serviceCategory": [
                    {
                    "coding": [
                        {
                        "system": "http://example.org/service-category",
                        "code": "gp",
                        "display": "General Practice"
                        }
                    ]
                    }
                ],
                "serviceType": [
                    {
                    "coding": [
                        {
                        "code": "52",
                        "display": "General Discussion"
                        }
                    ]
                    }
                ],
                "specialty": [
                    {
                    "coding": [
                        {
                        "system": "http://snomed.info/sct",
                        "code": "394814009",
                        "display": "General practice"
                        }
                    ]
                    }
                ],
                "appointmentType": {
                    "coding": [
                    {
                        "system": "http://terminology.hl7.org/CodeSystem/v2-0276",
                        "code": "WALKIN",
                        "display": "A previously unscheduled walk-in visit"
                    }
                    ]
                },
                "priority": 5,
                "description": "Discussion about recent MRI results",
                "start": "2023-07-04T20:00:00+00:00",
                "end": "2023-07-04T21:00:00+00:00",
                "minutesDuration": 60,
                "participant": [
                    {
                        "actor": {
                            "reference": "Practitioner/fbd8733e-5130-4a2a-b345-0a79f04e4f9b",
                            "display": "Dr. Practitioner FHIRlink5"
                        },
                        "required": "required",
                        "status": "accepted"
                    },
                    {
                        "actor": {
                            "reference": "Patient/362990eb-f957-41d6-896a-71af21f0c9af"
                        },
                        "required": "required",
                        "status": "accepted"
                    }
                ]
            },
            "request": {
                "method": "PUT",
                "url": "Appointment/2fff2395-4e8e-4061-8df9-568a7035ae3f"
            }
        },
        {
            "fullUrl": "urn:uuid:577fb00c-7f73-4098-a806-1696202f2550",
            "resource": {
                "resourceType": "Appointment",
                "id": "577fb00c-7f73-4098-a806-1696202f2550",
                "status": "booked",
                "serviceCategory": [
                    {
                    "coding": [
                        {
                        "system": "http://example.org/service-category",
                        "code": "gp",
                        "display": "General Practice"
                        }
                    ]
                    }
                ],
                "serviceType": [
                    {
                    "coding": [
                        {
                        "code": "52",
                        "display": "General Discussion"
                        }
                    ]
                    }
                ],
                "specialty": [
                    {
                    "coding": [
                        {
                        "system": "http://snomed.info/sct",
                        "code": "394814009",
                        "display": "General practice"
                        }
                    ]
                    }
                ],
                "appointmentType": {
                    "coding": [
                    {
                        "system": "http://terminology.hl7.org/CodeSystem/v2-0276",
                        "code": "WALKIN",
                        "display": "A previously unscheduled walk-in visit"
                    }
                    ]
                },
                "priority": 5,
                "description": "Follow up appointment (recent MRI results)",
                "start": "2023-07-14T20:00:00+00:00",
                "end": "2023-07-14T21:00:00+00:00",
                "minutesDuration": 60,
                "participant": [
                    {
                        "actor": {
                            "reference": "Practitioner/fbd8733e-5130-4a2a-b345-0a79f04e4f9b",
                            "display": "Dr. Practitioner FHIRlink5"
                        },
                        "required": "required",
                        "status": "accepted"
                    },
                    {
                        "actor": {
                            "reference": "Patient/362990eb-f957-41d6-896a-71af21f0c9af"
                        },
                        "required": "required",
                        "status": "accepted"
                    }
                ]
            },
            "request": {
                "method": "PUT",
                "url": "Appointment/577fb00c-7f73-4098-a806-1696202f2550"
            }            
        },
        {
            "fullUrl": "urn:uuid:f7167eb2-4e9f-4668-be6f-8956698a12a8",
            "resource": {
                "resourceType": "MedicationRequest",
                "id": "f7167eb2-4e9f-4668-be6f-8956698a12a8",
                "meta": {
                    "versionId": "1",
                    "lastUpdated": "2021-10-26T23:20:28.778+00:00",
                    "profile": [
                        "http://hl7.org/fhir/us/core/StructureDefinition/us-core-medicationrequest"
                    ]
                },
                "status": "stopped",
                "intent": "order",
                "medicationCodeableConcept": {
                    "coding": [
                        {
                            "system": "http://www.nlm.nih.gov/research/umls/rxnorm",
                            "code": "106258",
                            "display": "Hydrocortisone 10 MG/ML Topical Cream"
                        }
                    ],
                    "text": "Hydrocortisone 10 MG/ML Topical Cream"
                },
                "subject": {
                    "reference": "Patient/362990eb-f957-41d6-896a-71af21f0c9af"
                },
                "encounter": {
                    "reference": "Encounter/77d9878b-9ee9-464e-ba63-a9bc10adc8cc"
                },
                "authoredOn": "2014-12-22T09:14:01-05:00",
                "requester": {
                    "reference": "Practitioner/fbd8733e-5130-4a2a-b345-0a79f04e4f9b",
                    "display": "Dr. Practitioner FHIRlink5"
                },
                "reasonReference": [
                    {
                        "reference": "Condition/442c62b1-30e9-41ea-b445-3758784596c0"
                    }
                ],
                "dosageInstruction": [
                    {
                        "sequence": 1,
                        "text": "Take as needed.",
                        "asNeededBoolean": true
                    }
                ]
            },
            "request": {
                "method": "PUT",
                "url": "MedicationRequest/f7167eb2-4e9f-4668-be6f-8956698a12a8"
            }
        },
        {
            "fullUrl": "urn:uuid:b9e517eb-f3db-475a-9722-52bb449fc6a3",
            "resource": {
                "resourceType": "MedicationRequest",
                "id": "b9e517eb-f3db-475a-9722-52bb449fc6a3",
                "meta": {
                    "versionId": "1",
                    "lastUpdated": "2021-10-26T23:20:29.218+00:00",
                    "profile": [
                        "http://hl7.org/fhir/us/core/StructureDefinition/us-core-medicationrequest"
                    ]
                },
                "status": "stopped",
                "intent": "order",
                "medicationCodeableConcept": {
                    "coding": [
                        {
                            "system": "http://www.nlm.nih.gov/research/umls/rxnorm",
                            "code": "562251",
                            "display": "Amoxicillin 250 MG / Clavulanate 125 MG Oral Tablet"
                        }
                    ],
                    "text": "Amoxicillin 250 MG / Clavulanate 125 MG Oral Tablet"
                },
                "subject": {
                    "reference": "Patient/362990eb-f957-41d6-896a-71af21f0c9af"
                },
                "encounter": {
                    "reference": "Encounter/77d9878b-9ee9-464e-ba63-a9bc10adc8cc"
                },
                "authoredOn": "2015-06-30T12:14:01-04:00",
                "requester": {
                    "reference": "Practitioner/fbd8733e-5130-4a2a-b345-0a79f04e4f9b",
                    "display": "Dr. Practitioner FHIRlink5"
                },
                "reasonReference": [
                    {
                        "reference": "Condition/442c62b1-30e9-41ea-b445-3758784596c0"
                    }
                ]
            },
            "request": {
                "method": "PUT",
                "url": "MedicationRequest/b9e517eb-f3db-475a-9722-52bb449fc6a3"
            }
        }
    ]
}