{
    "resourceType": "Bundle",
    "id": "edbbba5d-69b7-4291-9603-f3b0f23baf9a",
    "meta": {
        "versionId": "1",
        "lastUpdated": "2023-05-30T20:49:19.5501920Z"
    },
    "type": "batch",
    "entry": [
        {
            "fullUrl": "urn:uuid:f14e1bb6-5b36-4b2b-b190-560acc0f667e",
            "resource": {
                "resourceType": "Patient",
                "id": "f14e1bb6-5b36-4b2b-b190-560acc0f667e",
                "meta": {
                    "versionId": "2",
                    "lastUpdated": "2023-04-06T13:22:06.042-04:00",
                    "profile": [
                        "http://hl7.org/fhir/us/core/StructureDefinition/us-core-patient"
                    ]
                },
                "text": {
                    "status": "generated",
                    "div": "<div xmlns=\"http://www.w3.org/1999/xhtml\">Generated by <a href=\"https://github.com/synthetichealth/synthea\">Synthea</a>.Version identifier: a3482c8\n .   Person seed: -7378810523950245162  Population seed: 1635288721520</div>"
                },
                "identifier": [
                    {
                        "type": {
                            "coding": [
                                {
                                    "system": "http://terminology.hl7.org/CodeSystem/v2-0203",
                                    "code": "MR",
                                    "display": "Medical Record Number"
                                }
                            ],
                            "text": "Medical Record Number"
                        },
                        "system": "http://hospital.smarthealthit.org",
                        "value": "f14e1bb6-5b36-4b2b-b190-560acc0f667e"
                    },
                    {
                        "type": {
                            "coding": [
                                {
                                    "system": "http://terminology.hl7.org/CodeSystem/v2-0203",
                                    "code": "SS",
                                    "display": "Social Security Number"
                                }
                            ],
                            "text": "Social Security Number"
                        },
                        "system": "http://hl7.org/fhir/sid/us-ssn",
                        "value": "999-01-0002"
                    },
                    {
                        "type": {
                            "coding": [
                                {
                                    "system": "http://terminology.hl7.org/CodeSystem/v2-0203",
                                    "code": "DL",
                                    "display": "Driver's License"
                                }
                            ],
                            "text": "Driver's License"
                        },
                        "system": "urn:oid:2.16.840.1.113883.4.3.25",
                        "value": "S11173027"
                    },
                    {
                        "type": {
                            "coding": [
                                {
                                    "system": "http://terminology.hl7.org/CodeSystem/v2-0203",
                                    "code": "PPN",
                                    "display": "Passport Number"
                                }
                            ],
                            "text": "Passport Number"
                        },
                        "system": "http://standardhealthrecord.org/fhir/StructureDefinition/passportNumber",
                        "value": "X53019369X"
                    }
                ],
                "name": [
                    {
                        "use": "official",
                        "family": "FHIRlink1",
                        "given": [
                            "Patient"
                        ],
                        "prefix": [
                            "Mr."
                        ]
                    }
                ],
                "telecom": [
                    {
                        "system": "phone",
                        "value": "555-795-6145",
                        "use": "home"
                    }
                ],
                "gender": "male",
                "deceasedDateTime": "1989-11-04T02:41:10-05:00",
                "address": [
                    {
                        "line": [
                            "115 Reynolds Throughway Unit 51"
                        ],
                        "city": "Woburn",
                        "state": "MA",
                        "country": "US"
                    }
                ],
                "birthDate": "1972-02-05", 
                "maritalStatus": {
                    "coding": [
                        {
                            "system": "http://terminology.hl7.org/CodeSystem/v3-MaritalStatus",
                            "code": "M",
                            "display": "M"
                        }
                    ],
                    "text": "M"
                },
                "multipleBirthInteger": 2,
                "communication": [
                    {
                        "language": {
                            "coding": [
                                {
                                    "system": "urn:ietf:bcp:47",
                                    "code": "en-US",
                                    "display": "English"
                                }
                            ],
                            "text": "English"
                        }
                    }
                ]
            },
            "request": {
                "method": "PUT",
                "url": "Patient/f14e1bb6-5b36-4b2b-b190-560acc0f667e"
            }
        },
        {
            "fullUrl": "urn:uuid:bac5a440-99c4-4934-a118-0cb5489ddc11",
            "resource": {
                "resourceType": "Practitioner",
                "id": "bac5a440-99c4-4934-a118-0cb5489ddc11",
                "meta": {
                    "profile": [
                        "http://hl7.org/fhir/us/core/StructureDefinition/us-core-practitioner"
                    ]
                },
                "extension": [
                    {
                        "url": "http://synthetichealth.github.io/synthea/utilization-encounters-extension",
                        "valueInteger": 50
                    }
                ],
                "identifier": [
                    {
                        "system": "http://hl7.org/fhir/sid/us-npi",
                        "value": "9999999929"
                    }
                ],
                "active": true,
                "name": [
                    {
                        "family": "FHIRlink1",
                        "given": [
                            "Practitioner"
                        ],
                        "prefix": [
                            "Dr."
                        ]
                    }
                ],
                "telecom": [
                    {
                        "extension": [
                            {
                                "url": "http://hl7.org/fhir/us/core/StructureDefinition/us-core-direct",
                                "valueBoolean": true
                            }
                        ],
                        "system": "email",
                        "value": "Practitioner.FHIRlink1@example.com",
                        "use": "work"
                    }
                ],
                "address": [
                    {
                        "line": [
                            "18101 OAKWOOD BLVD"
                        ],
                        "city": "Oakland Park",
                        "state": "MI",
                        "postalCode": "48124",
                        "country": "US"
                    }
                ],
                "gender": "male"
            },
            "request": {
                "method": "PUT",
                "url": "Practitioner/bac5a440-99c4-4934-a118-0cb5489ddc11"
            }
        },
        {
            "fullUrl": "urn:uuid:dbeb89de-a80d-4ec9-b59c-a31bf0bb798f",
            "resource": {
                "resourceType": "Location",
                "id": "dbeb89de-a80d-4ec9-b59c-a31bf0bb798f",
                "meta": {
                    "profile": [
                        "http://hl7.org/fhir/us/core/StructureDefinition/us-core-location"
                    ]
                },
                "identifier": [
                    {
                        "system": "https://github.com/synthetichealth/synthea",
                        "value": "dbeb89de-a80d-4ec9-b59c-a31bf0bb798f"
                    }
                ],
                "status": "active",
                "name": "Location - FHIRlink1",
                "telecom": [
                    {
                        "system": "phone",
                        "value": "3135937125"
                    }
                ],
                "address": {
                    "line": [
                        "18101 OAKWOOD BLVD"
                    ],
                    "city": "Detroit",
                    "state": "MI",
                    "postalCode": "48124",
                    "country": "US"
                },
                "position": {
                    "longitude": -83.211488,
                    "latitude": 42.313057
                },
                "managingOrganization": {
                    "identifier": {
                        "system": "https://github.com/synthetichealth/synthea",
                        "value": "33c01c36-8f29-428f-a1d2-ca0af05c1ad7"
                    },
                    "display": "Location - FHIRlink1"
                }
            },
            "request": {
                "method": "PUT",
                "url": "Location/dbeb89de-a80d-4ec9-b59c-a31bf0bb798f"
            }
        },
        {
            "fullUrl": "urn:uuid:33c01c36-8f29-428f-a1d2-ca0af05c1ad7",
            "resource": {
                "resourceType": "Organization",
                "id": "33c01c36-8f29-428f-a1d2-ca0af05c1ad7",
                "meta": {
                    "profile": [
                        "http://hl7.org/fhir/us/core/StructureDefinition/us-core-organization"
                    ]
                },
                "identifier": [
                    {
                        "system": "https://github.com/synthetichealth/synthea",
                        "value": "33c01c36-8f29-428f-a1d2-ca0af05c1ad7"
                    }
                ],
                "active": true,
                "type": [
                    {
                        "coding": [
                            {
                                "system": "http://terminology.hl7.org/CodeSystem/organization-type",
                                "code": "prov",
                                "display": "Healthcare Provider"
                            }
                        ],
                        "text": "Healthcare Provider"
                    }
                ],
                "name": "HOSPITAL - FHIRlink1",
                "telecom": [
                    {
                        "system": "phone",
                        "value": "3135937125"
                    }
                ],
                "address": [
                    {
                        "line": [
                            "18101 OAKWOOD BLVD"
                        ],
                        "city": "DETROIT",
                        "state": "MI",
                        "postalCode": "48124",
                        "country": "US"
                    }
                ]
            },
            "request": {
                "method": "PUT",
                "url": "Organization/33c01c36-8f29-428f-a1d2-ca0af05c1ad7"
            }
        },
        {
            "fullUrl": "urn:uuid:7d962e06-fcfb-4b5a-885f-0f230d2a396f",
            "resource": {
                "resourceType": "Encounter",
                "id": "7d962e06-fcfb-4b5a-885f-0f230d2a396f",
                "meta": {
                    "versionId": "2",
                    "lastUpdated": "2023-02-21T14:19:02.685-05:00",
                    "profile": [
                        "http://hl7.org/fhir/us/core/StructureDefinition/us-core-encounter"
                    ]
                },
                "identifier": [
                    {
                        "use": "official",
                        "system": "https://github.com/synthetichealth/synthea",
                        "value": "7d962e06-fcfb-4b5a-885f-0f230d2a396f"
                    }
                ],
                "status": "finished",
                "class": {
                    "system": "http://terminology.hl7.org/CodeSystem/v3-ActCode",
                    "code": "AMB"
                },
                "classHistory": [
                    {
                        "class": {
                            "system": "http://terminology.hl7.org/CodeSystem/v3-ActCode",
                            "code": "IMP"
                        },
                        "period": {
                            "start": "2023-02-02T11:00:00-05:00",
                            "end": "2023-02-11T11:00:00-05:00"
                        }
                    }
                ],
                "type": [
                    {
                        "coding": [
                            {
                                "system": "http://snomed.info/sct",
                                "code": "162673000",
                                "display": "General examination of patient (procedure)"
                            }
                        ],
                        "text": "General examination of patient (procedure)"
                    }
                ],
                "subject": {
                    "reference": "Patient/f14e1bb6-5b36-4b2b-b190-560acc0f667e",
                    "display": "Mr. Patient FHIRlink1"
                },
                "participant": [
                    {
                        "type": [
                            {
                                "coding": [
                                    {
                                        "system": "http://terminology.hl7.org/CodeSystem/v3-ParticipationType",
                                        "code": "PPRF",
                                        "display": "primary performer"
                                    }
                                ],
                                "text": "primary performer"
                            }
                        ],
                        "period": {
                            "start": "2005-02-05T02:41:10-05:00",
                            "end": "2005-02-05T02:56:10-05:00"
                        },
                        "individual": {
                            "reference": "Practitioner/bac5a440-99c4-4934-a118-0cb5489ddc11",
                            "display": "Dr. Practitioner FHIRlink1"
                        }
                    }
                ],
                "period": {
                    "start": "1972-02-05T02:41:10-05:00",
                    "end": "1972-02-05T02:56:10-05:00"
                },
                "location": [
                    {
                        "location": {
                            "reference": "Location/dbeb89de-a80d-4ec9-b59c-a31bf0bb798f",
                            "display": "PCP150737"
                        }
                    }
                ],
                "serviceProvider": {
                    "reference": "Organization/33c01c36-8f29-428f-a1d2-ca0af05c1ad7",
                    "display": "PCP150737"
                }
            },
            "request": {
                "method": "PUT",
                "url": "Encounter/7d962e06-fcfb-4b5a-885f-0f230d2a396f"
            }
        },
        {
            "fullUrl": "urn:uuid:65b24645-e0aa-4c8a-bae6-9e59dfd0df73",
            "resource": {
                "resourceType": "Encounter",
                "id": "65b24645-e0aa-4c8a-bae6-9e59dfd0df73",
                "identifier": [
                    {
                        "use": "official",
                        "system": "https://github.com/synthetichealth/synthea",
                        "value": "65b24645-e0aa-4c8a-bae6-9e59dfd0df73"
                    }
                ],
                "status": "finished",
                "class": {
                    "system": "http://terminology.hl7.org/CodeSystem/v3-ActCode",
                    "code": "EMER"
                },
                "classHistory": [
                    {
                        "class": {
                            "system": "http://terminology.hl7.org/CodeSystem/v3-ActCode",
                            "code": "IMP"
                        },
                        "period": {
                            "start": "2023-02-02T11:00:00-05:00",
                            "end": "2023-02-11T11:00:00-05:00"
                        }
                    }
                ],
                "type": [
                    {
                        "coding": [
                            {
                                "system": "http://snomed.info/sct",
                                "code": "55804002",
                                "display": "History and physical examination, administrative (procedure)"
                            }
                        ],
                        "text": "History and physical examination, administrative (procedure)"
                    }
                ],
                "subject": {
                    "reference": "Patient/f14e1bb6-5b36-4b2b-b190-560acc0f667e",
                    "display": "Mr. Patient FHIRlink1"
                },
                "participant": [
                    {
                        "type": [
                            {
                                "coding": [
                                    {
                                        "system": "http://terminology.hl7.org/CodeSystem/v3-ParticipationType",
                                        "code": "PPRF",
                                        "display": "primary performer"
                                    }
                                ],
                                "text": "primary performer"
                            }
                        ],
                        "period": {
                            "start": "2005-02-05T02:41:10-05:00",
                            "end": "2005-02-05T02:56:10-05:00"
                        },
                        "individual": {
                            "reference": "Practitioner/bac5a440-99c4-4934-a118-0cb5489ddc11",
                            "display": "Dr. Practitioner FHIRlink1"
                        }
                    }
                ],
                "period": {
                    "start": "1972-02-05T02:41:10-05:00",
                    "end": "1972-02-05T02:56:10-05:00"
                },
                "location": [
                    {
                        "location": {
                            "reference": "Location/dbeb89de-a80d-4ec9-b59c-a31bf0bb798f",
                            "display": "PCP150737"
                        }
                    }
                ],
                "serviceProvider": {
                    "reference": "Organization/33c01c36-8f29-428f-a1d2-ca0af05c1ad7",
                    "display": "PCP150737"
                }
            },
            "request": {
                "method": "PUT",
                "url": "Encounter/65b24645-e0aa-4c8a-bae6-9e59dfd0df73"
            }
        },
        {
            "fullUrl": "urn:uuid:14753af8-bd20-4751-90f6-92b76013e4f1",
            "resource": {
                "resourceType": "Condition",
                "id": "14753af8-bd20-4751-90f6-92b76013e4f1",
                "meta": {
                    "versionId": "1",
                    "lastUpdated": "2021-10-26T19:20:30.518-04:00",
                    "profile": [
                        "http://hl7.org/fhir/us/core/StructureDefinition/us-core-condition"
                    ]
                },
                "clinicalStatus": {
                    "coding": [
                        {
                            "system": "http://terminology.hl7.org/CodeSystem/condition-clinical",
                            "code": "active"
                        }
                    ]
                },
                "verificationStatus": {
                    "coding": [
                        {
                            "system": "http://terminology.hl7.org/CodeSystem/condition-ver-status",
                            "code": "confirmed"
                        }
                    ]
                },
                "category": [
                    {
                        "coding": [
                            {
                                "system": "http://terminology.hl7.org/CodeSystem/condition-category",
                                "code": "encounter-diagnosis",
                                "display": "Encounter Diagnosis"
                            }
                        ]
                    }
                ],
                "code": {
                    "coding": [
                        {
                            "system": "http://snomed.info/sct",
                            "code": "15777000",
                            "display": "Prediabetes"
                        }
                    ],
                    "text": "Prediabetes"
                },
                "subject": {
                    "reference": "Patient/f14e1bb6-5b36-4b2b-b190-560acc0f667e"
                },
                "encounter": {
                    "reference": "Encounter/7d962e06-fcfb-4b5a-885f-0f230d2a396f"
                },
                "onsetDateTime": "1972-02-05T02:41:10-05:00",
                "recordedDate": "1972-02-05T02:41:10-05:00"
            },
            "request": {
                "method": "PUT",
                "url": "Condition/14753af8-bd20-4751-90f6-92b76013e4f1"
            }
        },
        {
            "fullUrl": "urn:uuid:e9646151-4b33-4f7f-980d-79ab33b8cc42",
            "resource": {
                "resourceType": "Appointment",
                "id": "e9646151-4b33-4f7f-980d-79ab33b8cc42",
                "status": "booked",
                "serviceCategory": [
                    {
                    "coding": [
                        {
                        "system": "http://example.org/service-category",
                        "code": "gp",
                        "display": "General Practice"
                        }
                    ]
                    }
                ],
                "serviceType": [
                    {
                    "coding": [
                        {
                        "code": "52",
                        "display": "General Discussion"
                        }
                    ]
                    }
                ],
                "specialty": [
                    {
                    "coding": [
                        {
                        "system": "http://snomed.info/sct",
                        "code": "394814009",
                        "display": "General practice"
                        }
                    ]
                    }
                ],
                "appointmentType": {
                    "coding": [
                    {
                        "system": "http://terminology.hl7.org/CodeSystem/v2-0276",
                        "code": "WALKIN",
                        "display": "A previously unscheduled walk-in visit"
                    }
                    ]
                },
                "priority": 5,
                "description": "Discussion about recent MRI results",
                "start": "2023-07-04T20:00:00+00:00",
                "end": "2023-07-04T21:00:00+00:00",
                "minutesDuration": 60,
                "participant": [
                    {
                        "actor": {
                            "reference": "Practitioner/bac5a440-99c4-4934-a118-0cb5489ddc11",
                            "display": "Dr. Practitioner FHIRlink1"
                        },
                        "required": "required",
                        "status": "accepted"
                    },
                    {
                        "actor": {
                            "reference": "Patient/f14e1bb6-5b36-4b2b-b190-560acc0f667e"
                        },
                        "required": "required",
                        "status": "accepted"
                    }
                ]
            },
            "request": {
                "method": "PUT",
                "url": "Appointment/e9646151-4b33-4f7f-980d-79ab33b8cc42"
            }
        },
        {
            "fullUrl": "urn:uuid:8de1411b-c1f1-4b14-8893-756a354a2cb1",
            "resource": {
                "resourceType": "Appointment",
                "id": "8de1411b-c1f1-4b14-8893-756a354a2cb1",
                "status": "booked",
                "serviceCategory": [
                    {
                    "coding": [
                        {
                        "system": "http://example.org/service-category",
                        "code": "gp",
                        "display": "General Practice"
                        }
                    ]
                    }
                ],
                "serviceType": [
                    {
                    "coding": [
                        {
                        "code": "52",
                        "display": "General Discussion"
                        }
                    ]
                    }
                ],
                "specialty": [
                    {
                    "coding": [
                        {
                        "system": "http://snomed.info/sct",
                        "code": "394814009",
                        "display": "General practice"
                        }
                    ]
                    }
                ],
                "appointmentType": {
                    "coding": [
                    {
                        "system": "http://terminology.hl7.org/CodeSystem/v2-0276",
                        "code": "WALKIN",
                        "display": "A previously unscheduled walk-in visit"
                    }
                    ]
                },
                "priority": 5,
                "description": "Follow up appointment (recent MRI results)",
                "start": "2023-07-14T20:00:00+00:00",
                "end": "2023-07-14T21:00:00+00:00",
                "minutesDuration": 60,
                "participant": [
                    {
                        "actor": {
                            "reference": "Practitioner/bac5a440-99c4-4934-a118-0cb5489ddc11",
                            "display": "Dr. Practitioner FHIRlink1"
                        },
                        "required": "required",
                        "status": "accepted"
                    },
                    {
                        "actor": {
                            "reference": "Patient/f14e1bb6-5b36-4b2b-b190-560acc0f667e"
                        },
                        "required": "required",
                        "status": "accepted"
                    }
                ]
            },
            "request": {
                "method": "PUT",
                "url": "Appointment/8de1411b-c1f1-4b14-8893-756a354a2cb1"
            }            
        },
        {
            "fullUrl": "urn:uuid:53dfaa45-4db7-4bdd-b3b7-810f1ae6c9d0",
            "resource": {
                "resourceType": "MedicationRequest",
                "id": "53dfaa45-4db7-4bdd-b3b7-810f1ae6c9d0",
                "meta": {
                    "versionId": "1",
                    "lastUpdated": "2021-10-26T23:20:28.778+00:00",
                    "profile": [
                        "http://hl7.org/fhir/us/core/StructureDefinition/us-core-medicationrequest"
                    ]
                },
                "status": "stopped",
                "intent": "order",
                "medicationCodeableConcept": {
                    "coding": [
                        {
                            "system": "http://www.nlm.nih.gov/research/umls/rxnorm",
                            "code": "106258",
                            "display": "Hydrocortisone 10 MG/ML Topical Cream"
                        }
                    ],
                    "text": "Hydrocortisone 10 MG/ML Topical Cream"
                },
                "subject": {
                    "reference": "Patient/f14e1bb6-5b36-4b2b-b190-560acc0f667e"
                },
                "encounter": {
                    "reference": "Encounter/7d962e06-fcfb-4b5a-885f-0f230d2a396f"
                },
                "authoredOn": "2014-12-22T09:14:01-05:00",
                "requester": {
                    "reference": "Practitioner/bac5a440-99c4-4934-a118-0cb5489ddc11",
                    "display": "Dr. Practitioner FHIRlink1"
                },
                "reasonReference": [
                    {
                        "reference": "Condition/14753af8-bd20-4751-90f6-92b76013e4f1"
                    }
                ],
                "dosageInstruction": [
                    {
                        "sequence": 1,
                        "text": "Take as needed.",
                        "asNeededBoolean": true
                    }
                ]
            },
            "request": {
                "method": "PUT",
                "url": "MedicationRequest/53dfaa45-4db7-4bdd-b3b7-810f1ae6c9d0"
            }
        },
        {
            "fullUrl": "urn:uuid:2b44d131-6fca-40ac-9d5b-aadf41e4f9f0",
            "resource": {
                "resourceType": "MedicationRequest",
                "id": "2b44d131-6fca-40ac-9d5b-aadf41e4f9f0",
                "meta": {
                    "versionId": "1",
                    "lastUpdated": "2021-10-26T23:20:29.218+00:00",
                    "profile": [
                        "http://hl7.org/fhir/us/core/StructureDefinition/us-core-medicationrequest"
                    ]
                },
                "status": "stopped",
                "intent": "order",
                "medicationCodeableConcept": {
                    "coding": [
                        {
                            "system": "http://www.nlm.nih.gov/research/umls/rxnorm",
                            "code": "562251",
                            "display": "Amoxicillin 250 MG / Clavulanate 125 MG Oral Tablet"
                        }
                    ],
                    "text": "Amoxicillin 250 MG / Clavulanate 125 MG Oral Tablet"
                },
                "subject": {
                    "reference": "Patient/f14e1bb6-5b36-4b2b-b190-560acc0f667e"
                },
                "encounter": {
                    "reference": "Encounter/7d962e06-fcfb-4b5a-885f-0f230d2a396f"
                },
                "authoredOn": "2015-06-30T12:14:01-04:00",
                "requester": {
                    "reference": "Practitioner/bac5a440-99c4-4934-a118-0cb5489ddc11",
                    "display": "Dr. Practitioner FHIRlink1"
                },
                "reasonReference": [
                    {
                        "reference": "Condition/14753af8-bd20-4751-90f6-92b76013e4f1"
                    }
                ]
            },
            "request": {
                "method": "PUT",
                "url": "MedicationRequest/2b44d131-6fca-40ac-9d5b-aadf41e4f9f0"
            }
        }
    ]
}