{
    "resourceType": "Bundle",
    "id": "edbbba5d-69b7-4291-9603-f3b0f23baf9a",
    "meta": {
        "versionId": "1",
        "lastUpdated": "2023-05-30T20:49:19.5501920Z"
    },
    "type": "batch",
    "entry": [
        {
            "fullUrl": "urn:uuid:276f609b-a7c7-4f43-96ae-15d4ea5a1410",
            "resource": {
                "resourceType": "Patient",
                "id": "276f609b-a7c7-4f43-96ae-15d4ea5a1410",
                "meta": {
                    "versionId": "2",
                    "lastUpdated": "2023-04-06T13:22:06.042-04:00",
                    "profile": [
                        "http://hl7.org/fhir/us/core/StructureDefinition/us-core-patient"
                    ]
                },
                "text": {
                    "status": "generated",
                    "div": "<div xmlns=\"http://www.w3.org/1999/xhtml\">Generated by <a href=\"https://github.com/synthetichealth/synthea\">Synthea</a>.Version identifier: a3482c8\n .   Person seed: -7378810523950245162  Population seed: 1635288721520</div>"
                },
                "identifier": [
                    {
                        "type": {
                            "coding": [
                                {
                                    "system": "http://terminology.hl7.org/CodeSystem/v2-0203",
                                    "code": "MR",
                                    "display": "Medical Record Number"
                                }
                            ],
                            "text": "Medical Record Number"
                        },
                        "system": "http://hospital.smarthealthit.org",
                        "value": "276f609b-a7c7-4f43-96ae-15d4ea5a1410"
                    },
                    {
                        "type": {
                            "coding": [
                                {
                                    "system": "http://terminology.hl7.org/CodeSystem/v2-0203",
                                    "code": "SS",
                                    "display": "Social Security Number"
                                }
                            ],
                            "text": "Social Security Number"
                        },
                        "system": "http://hl7.org/fhir/sid/us-ssn",
                        "value": "999-01-0002"
                    },
                    {
                        "type": {
                            "coding": [
                                {
                                    "system": "http://terminology.hl7.org/CodeSystem/v2-0203",
                                    "code": "DL",
                                    "display": "Driver's License"
                                }
                            ],
                            "text": "Driver's License"
                        },
                        "system": "urn:oid:2.16.840.1.113883.4.3.25",
                        "value": "S11173027"
                    },
                    {
                        "type": {
                            "coding": [
                                {
                                    "system": "http://terminology.hl7.org/CodeSystem/v2-0203",
                                    "code": "PPN",
                                    "display": "Passport Number"
                                }
                            ],
                            "text": "Passport Number"
                        },
                        "system": "http://standardhealthrecord.org/fhir/StructureDefinition/passportNumber",
                        "value": "X53019369X"
                    }
                ],
                "name": [
                    {
                        "use": "official",
                        "family": "FHIRlink2",
                        "given": [
                            "Patient"
                        ],
                        "prefix": [
                            "Mrs."
                        ]
                    },
                    {
                        "family": "Windsor",
                        "given": [
                            "Dorothy"
                        ],
                        "period": {
                            "end": "2002"
                        },
                        "use": "maiden"
                    }
                ],
                "telecom": [
                    {
                        "system": "phone",
                        "value": "555-795-6145",
                        "use": "home"
                    }
                ],
                "gender": "male",
                "deceasedDateTime": "1989-11-04T02:41:10-05:00",
                "address": [
                    {
                        "line": [
                            "115 Reynolds Throughway Unit 51"
                        ],
                        "city": "Woburn",
                        "state": "MA",
                        "country": "US"
                    }
                ],
                "birthDate": "1972-02-05", 
                "maritalStatus": {
                    "coding": [
                        {
                            "system": "http://terminology.hl7.org/CodeSystem/v3-MaritalStatus",
                            "code": "M",
                            "display": "M"
                        }
                    ],
                    "text": "M"
                },
                "multipleBirthInteger": 2,
                "communication": [
                    {
                        "language": {
                            "coding": [
                                {
                                    "system": "urn:ietf:bcp:47",
                                    "code": "en-US",
                                    "display": "English"
                                }
                            ],
                            "text": "English"
                        }
                    }
                ]
            },
            "request": {
                "method": "PUT",
                "url": "Patient/276f609b-a7c7-4f43-96ae-15d4ea5a1410"
            }
        },
        {
            "fullUrl": "urn:uuid:b7f88fef-4391-40f4-bd38-68ea4dc6b5c1",
            "resource": {
                "resourceType": "Practitioner",
                "id": "b7f88fef-4391-40f4-bd38-68ea4dc6b5c1",
                "meta": {
                    "profile": [
                        "http://hl7.org/fhir/us/core/StructureDefinition/us-core-practitioner"
                    ]
                },
                "extension": [
                    {
                        "url": "http://synthetichealth.github.io/synthea/utilization-encounters-extension",
                        "valueInteger": 50
                    }
                ],
                "identifier": [
                    {
                        "system": "http://hl7.org/fhir/sid/us-npi",
                        "value": "9999999929"
                    }
                ],
                "active": true,
                "name": [
                    {
                        "family": "FHIRlink2",
                        "given": [
                            "Practitioner"
                        ],
                        "prefix": [
                            "Dr."
                        ]
                    }
                ],
                "telecom": [
                    {
                        "extension": [
                            {
                                "url": "http://hl7.org/fhir/us/core/StructureDefinition/us-core-direct",
                                "valueBoolean": true
                            }
                        ],
                        "system": "email",
                        "value": "Practitioner.FHIRlink2@example.com",
                        "use": "work"
                    }
                ],
                "address": [
                    {
                        "line": [
                            "18101 OAKWOOD BLVD"
                        ],
                        "city": "Oakland Park",
                        "state": "MI",
                        "postalCode": "48124",
                        "country": "US"
                    }
                ],
                "gender": "male"
            },
            "request": {
                "method": "PUT",
                "url": "Practitioner/b7f88fef-4391-40f4-bd38-68ea4dc6b5c1"
            }
        },
        {
            "fullUrl": "urn:uuid:72f02ab1-1f6b-4c4e-80a3-9cab4b28c306",
            "resource": {
                "resourceType": "Location",
                "id": "72f02ab1-1f6b-4c4e-80a3-9cab4b28c306",
                "meta": {
                    "profile": [
                        "http://hl7.org/fhir/us/core/StructureDefinition/us-core-location"
                    ]
                },
                "identifier": [
                    {
                        "system": "https://github.com/synthetichealth/synthea",
                        "value": "72f02ab1-1f6b-4c4e-80a3-9cab4b28c306"
                    }
                ],
                "status": "active",
                "name": "Location - FHIRlink2",
                "telecom": [
                    {
                        "system": "phone",
                        "value": "3135937125"
                    }
                ],
                "address": {
                    "line": [
                        "18101 OAKWOOD BLVD"
                    ],
                    "city": "Detroit",
                    "state": "MI",
                    "postalCode": "48124",
                    "country": "US"
                },
                "position": {
                    "longitude": -83.211488,
                    "latitude": 42.313057
                },
                "managingOrganization": {
                    "identifier": {
                        "system": "https://github.com/synthetichealth/synthea",
                        "value": "2686fd70-7d61-48c9-b10e-71a5c6409d25"
                    },
                    "display": "Location - FHIRlink2"
                }
            },
            "request": {
                "method": "PUT",
                "url": "Location/72f02ab1-1f6b-4c4e-80a3-9cab4b28c306"
            }
        },
        {
            "fullUrl": "urn:uuid:2686fd70-7d61-48c9-b10e-71a5c6409d25",
            "resource": {
                "resourceType": "Organization",
                "id": "2686fd70-7d61-48c9-b10e-71a5c6409d25",
                "meta": {
                    "profile": [
                        "http://hl7.org/fhir/us/core/StructureDefinition/us-core-organization"
                    ]
                },
                "identifier": [
                    {
                        "system": "https://github.com/synthetichealth/synthea",
                        "value": "2686fd70-7d61-48c9-b10e-71a5c6409d25"
                    }
                ],
                "active": true,
                "type": [
                    {
                        "coding": [
                            {
                                "system": "http://terminology.hl7.org/CodeSystem/organization-type",
                                "code": "prov",
                                "display": "Healthcare Provider"
                            }
                        ],
                        "text": "Healthcare Provider"
                    }
                ],
                "name": "HOSPITAL - FHIRlink2",
                "telecom": [
                    {
                        "system": "phone",
                        "value": "3135937125"
                    }
                ],
                "address": [
                    {
                        "line": [
                            "18101 OAKWOOD BLVD"
                        ],
                        "city": "DETROIT",
                        "state": "MI",
                        "postalCode": "48124",
                        "country": "US"
                    }
                ]
            },
            "request": {
                "method": "PUT",
                "url": "Organization/2686fd70-7d61-48c9-b10e-71a5c6409d25"
            }
        },
        {
            "fullUrl": "urn:uuid:1a34044b-7357-45d3-94aa-053c50b10c6a",
            "resource": {
                "resourceType": "Encounter",
                "id": "1a34044b-7357-45d3-94aa-053c50b10c6a",
                "meta": {
                    "versionId": "2",
                    "lastUpdated": "2023-02-21T14:19:02.685-05:00",
                    "profile": [
                        "http://hl7.org/fhir/us/core/StructureDefinition/us-core-encounter"
                    ]
                },
                "identifier": [
                    {
                        "use": "official",
                        "system": "https://github.com/synthetichealth/synthea",
                        "value": "1a34044b-7357-45d3-94aa-053c50b10c6a"
                    }
                ],
                "status": "finished",
                "class": {
                    "system": "http://terminology.hl7.org/CodeSystem/v3-ActCode",
                    "code": "AMB"
                },
                "classHistory": [
                    {
                        "class": {
                            "system": "http://terminology.hl7.org/CodeSystem/v3-ActCode",
                            "code": "IMP"
                        },
                        "period": {
                            "start": "2023-02-02T11:00:00-05:00",
                            "end": "2023-02-11T11:00:00-05:00"
                        }
                    }
                ],
                "type": [
                    {
                        "coding": [
                            {
                                "system": "http://snomed.info/sct",
                                "code": "162673000",
                                "display": "General examination of patient (procedure)"
                            }
                        ],
                        "text": "General examination of patient (procedure)"
                    }
                ],
                "subject": {
                    "reference": "Patient/276f609b-a7c7-4f43-96ae-15d4ea5a1410",
                    "display": "Mr. Patient FHIRlink2"
                },
                "participant": [
                    {
                        "type": [
                            {
                                "coding": [
                                    {
                                        "system": "http://terminology.hl7.org/CodeSystem/v3-ParticipationType",
                                        "code": "PPRF",
                                        "display": "primary performer"
                                    }
                                ],
                                "text": "primary performer"
                            }
                        ],
                        "period": {
                            "start": "2005-02-05T02:41:10-05:00",
                            "end": "2005-02-05T02:56:10-05:00"
                        },
                        "individual": {
                            "reference": "Practitioner/b7f88fef-4391-40f4-bd38-68ea4dc6b5c1",
                            "display": "Dr. Practitioner FHIRlink2"
                        }
                    }
                ],
                "period": {
                    "start": "1972-02-05T02:41:10-05:00",
                    "end": "1972-02-05T02:56:10-05:00"
                },
                "location": [
                    {
                        "location": {
                            "reference": "Location/72f02ab1-1f6b-4c4e-80a3-9cab4b28c306",
                            "display": "PCP150737"
                        }
                    }
                ],
                "serviceProvider": {
                    "reference": "Organization/2686fd70-7d61-48c9-b10e-71a5c6409d25",
                    "display": "PCP150737"
                }
            },
            "request": {
                "method": "PUT",
                "url": "Encounter/1a34044b-7357-45d3-94aa-053c50b10c6a"
            }
        },
        {
            "fullUrl": "urn:uuid:52e52ee3-32e8-4c23-a7e1-b1e80eba46a9",
            "resource": {
                "resourceType": "Encounter",
                "id": "52e52ee3-32e8-4c23-a7e1-b1e80eba46a9",
                "identifier": [
                    {
                        "use": "official",
                        "system": "https://github.com/synthetichealth/synthea",
                        "value": "52e52ee3-32e8-4c23-a7e1-b1e80eba46a9"
                    }
                ],
                "status": "finished",
                "class": {
                    "system": "http://terminology.hl7.org/CodeSystem/v3-ActCode",
                    "code": "EMER"
                },
                "classHistory": [
                    {
                        "class": {
                            "system": "http://terminology.hl7.org/CodeSystem/v3-ActCode",
                            "code": "IMP"
                        },
                        "period": {
                            "start": "2023-02-02T11:00:00-05:00",
                            "end": "2023-02-11T11:00:00-05:00"
                        }
                    }
                ],
                "type": [
                    {
                        "coding": [
                            {
                                "system": "http://snomed.info/sct",
                                "code": "55804002",
                                "display": "History and physical examination, administrative (procedure)"
                            }
                        ],
                        "text": "History and physical examination, administrative (procedure)"
                    }
                ],
                "subject": {
                    "reference": "Patient/276f609b-a7c7-4f43-96ae-15d4ea5a1410",
                    "display": "Mr. Patient FHIRlink2"
                },
                "participant": [
                    {
                        "type": [
                            {
                                "coding": [
                                    {
                                        "system": "http://terminology.hl7.org/CodeSystem/v3-ParticipationType",
                                        "code": "PPRF",
                                        "display": "primary performer"
                                    }
                                ],
                                "text": "primary performer"
                            }
                        ],
                        "period": {
                            "start": "2005-02-05T02:41:10-05:00",
                            "end": "2005-02-05T02:56:10-05:00"
                        },
                        "individual": {
                            "reference": "Practitioner/b7f88fef-4391-40f4-bd38-68ea4dc6b5c1",
                            "display": "Dr. Practitioner FHIRlink2"
                        }
                    }
                ],
                "period": {
                    "start": "1972-02-05T02:41:10-05:00",
                    "end": "1972-02-05T02:56:10-05:00"
                },
                "location": [
                    {
                        "location": {
                            "reference": "Location/72f02ab1-1f6b-4c4e-80a3-9cab4b28c306",
                            "display": "PCP150737"
                        }
                    }
                ],
                "serviceProvider": {
                    "reference": "Organization/2686fd70-7d61-48c9-b10e-71a5c6409d25",
                    "display": "PCP150737"
                }
            },
            "request": {
                "method": "PUT",
                "url": "Encounter/52e52ee3-32e8-4c23-a7e1-b1e80eba46a9"
            }
        },
        {
            "fullUrl": "urn:uuid:b668c947-c804-4adf-a146-e74782b19e8a",
            "resource": {
                "resourceType": "Condition",
                "id": "b668c947-c804-4adf-a146-e74782b19e8a",
                "meta": {
                    "versionId": "1",
                    "lastUpdated": "2021-10-26T19:20:30.518-04:00",
                    "profile": [
                        "http://hl7.org/fhir/us/core/StructureDefinition/us-core-condition"
                    ]
                },
                "clinicalStatus": {
                    "coding": [
                        {
                            "system": "http://terminology.hl7.org/CodeSystem/condition-clinical",
                            "code": "active"
                        }
                    ]
                },
                "verificationStatus": {
                    "coding": [
                        {
                            "system": "http://terminology.hl7.org/CodeSystem/condition-ver-status",
                            "code": "confirmed"
                        }
                    ]
                },
                "category": [
                    {
                        "coding": [
                            {
                                "system": "http://terminology.hl7.org/CodeSystem/condition-category",
                                "code": "encounter-diagnosis",
                                "display": "Encounter Diagnosis"
                            }
                        ]
                    }
                ],
                "code": {
                    "coding": [
                        {
                            "system": "http://snomed.info/sct",
                            "code": "15777000",
                            "display": "Prediabetes"
                        }
                    ],
                    "text": "Prediabetes"
                },
                "subject": {
                    "reference": "Patient/276f609b-a7c7-4f43-96ae-15d4ea5a1410"
                },
                "encounter": {
                    "reference": "Encounter/1a34044b-7357-45d3-94aa-053c50b10c6a"
                },
                "onsetDateTime": "1972-02-05T02:41:10-05:00",
                "recordedDate": "1972-02-05T02:41:10-05:00"
            },
            "request": {
                "method": "PUT",
                "url": "Condition/b668c947-c804-4adf-a146-e74782b19e8a"
            }
        },
        {
            "fullUrl": "urn:uuid:622a5cbc-3655-4cf7-96d1-86dbb3664ded",
            "resource": {
                "resourceType": "Appointment",
                "id": "622a5cbc-3655-4cf7-96d1-86dbb3664ded",
                "status": "booked",
                "serviceCategory": [
                    {
                    "coding": [
                        {
                        "system": "http://example.org/service-category",
                        "code": "gp",
                        "display": "General Practice"
                        }
                    ]
                    }
                ],
                "serviceType": [
                    {
                    "coding": [
                        {
                        "code": "52",
                        "display": "General Discussion"
                        }
                    ]
                    }
                ],
                "specialty": [
                    {
                    "coding": [
                        {
                        "system": "http://snomed.info/sct",
                        "code": "394814009",
                        "display": "General practice"
                        }
                    ]
                    }
                ],
                "appointmentType": {
                    "coding": [
                    {
                        "system": "http://terminology.hl7.org/CodeSystem/v2-0276",
                        "code": "WALKIN",
                        "display": "A previously unscheduled walk-in visit"
                    }
                    ]
                },
                "priority": 5,
                "description": "Discussion about recent MRI results",
                "start": "2022-06-04T20:00:00+00:00",
                "end": "2022-06-04T21:00:00+00:00",
                "minutesDuration": 60,
                "participant": [
                    {
                        "actor": {
                            "reference": "Practitioner/b7f88fef-4391-40f4-bd38-68ea4dc6b5c1",
                            "display": "Dr. Practitioner FHIRlink2"
                        },
                        "required": "required",
                        "status": "accepted"
                    },
                    {
                        "actor": {
                            "reference": "Patient/276f609b-a7c7-4f43-96ae-15d4ea5a1410"
                        },
                        "required": "required",
                        "status": "accepted"
                    }
                ]
            },
            "request": {
                "method": "PUT",
                "url": "Appointment/622a5cbc-3655-4cf7-96d1-86dbb3664ded"
            }
        },
        {
            "fullUrl": "urn:uuid:90795867-c0ad-428c-a737-7febe9d257c9",
            "resource": {
                "resourceType": "Appointment",
                "id": "90795867-c0ad-428c-a737-7febe9d257c9",
                "status": "booked",
                "serviceCategory": [
                    {
                    "coding": [
                        {
                        "system": "http://example.org/service-category",
                        "code": "gp",
                        "display": "General Practice"
                        }
                    ]
                    }
                ],
                "serviceType": [
                    {
                    "coding": [
                        {
                        "code": "52",
                        "display": "General Discussion"
                        }
                    ]
                    }
                ],
                "specialty": [
                    {
                    "coding": [
                        {
                        "system": "http://snomed.info/sct",
                        "code": "394814009",
                        "display": "General practice"
                        }
                    ]
                    }
                ],
                "appointmentType": {
                    "coding": [
                    {
                        "system": "http://terminology.hl7.org/CodeSystem/v2-0276",
                        "code": "WALKIN",
                        "display": "A previously unscheduled walk-in visit"
                    }
                    ]
                },
                "priority": 5,
                "description": "Follow up appointment (recent MRI results)",
                "start": "2022-06-14T20:00:00+00:00",
                "end": "2022-06-14T21:00:00+00:00",
                "minutesDuration": 60,
                "participant": [
                    {
                        "actor": {
                            "reference": "Practitioner/b7f88fef-4391-40f4-bd38-68ea4dc6b5c1",
                            "display": "Dr. Practitioner FHIRlink2"
                        },
                        "required": "required",
                        "status": "accepted"
                    },
                    {
                        "actor": {
                            "reference": "Patient/276f609b-a7c7-4f43-96ae-15d4ea5a1410"
                        },
                        "required": "required",
                        "status": "accepted"
                    }
                ]
            },
            "request": {
                "method": "PUT",
                "url": "Appointment/90795867-c0ad-428c-a737-7febe9d257c9"
            }            
        },
        {
            "fullUrl": "urn:uuid:0779d5f8-bf14-4c4b-9a90-332e6cf4b86e",
            "resource": {
                "resourceType": "MedicationRequest",
                "id": "0779d5f8-bf14-4c4b-9a90-332e6cf4b86e",
                "meta": {
                    "versionId": "1",
                    "lastUpdated": "2021-10-26T23:20:28.778+00:00",
                    "profile": [
                        "http://hl7.org/fhir/us/core/StructureDefinition/us-core-medicationrequest"
                    ]
                },
                "status": "stopped",
                "intent": "order",
                "medicationCodeableConcept": {
                    "coding": [
                        {
                            "system": "http://www.nlm.nih.gov/research/umls/rxnorm",
                            "code": "106258",
                            "display": "Hydrocortisone 10 MG/ML Topical Cream"
                        }
                    ],
                    "text": "Hydrocortisone 10 MG/ML Topical Cream"
                },
                "subject": {
                    "reference": "Patient/276f609b-a7c7-4f43-96ae-15d4ea5a1410"
                },
                "encounter": {
                    "reference": "Encounter/1a34044b-7357-45d3-94aa-053c50b10c6a"
                },
                "authoredOn": "2014-12-22T09:14:01-05:00",
                "requester": {
                    "reference": "Practitioner/b7f88fef-4391-40f4-bd38-68ea4dc6b5c1",
                    "display": "Dr. Practitioner FHIRlink2"
                },
                "reasonReference": [
                    {
                        "reference": "Condition/b668c947-c804-4adf-a146-e74782b19e8a"
                    }
                ],
                "dosageInstruction": [
                    {
                        "sequence": 1,
                        "text": "Take as needed.",
                        "asNeededBoolean": true
                    }
                ]
            },
            "request": {
                "method": "PUT",
                "url": "MedicationRequest/0779d5f8-bf14-4c4b-9a90-332e6cf4b86e"
            }
        },
        {
            "fullUrl": "urn:uuid:3a4d2d8a-5b05-444e-b74b-1e377db06b48",
            "resource": {
                "resourceType": "MedicationRequest",
                "id": "3a4d2d8a-5b05-444e-b74b-1e377db06b48",
                "meta": {
                    "versionId": "1",
                    "lastUpdated": "2021-10-26T23:20:29.218+00:00",
                    "profile": [
                        "http://hl7.org/fhir/us/core/StructureDefinition/us-core-medicationrequest"
                    ]
                },
                "status": "stopped",
                "intent": "order",
                "medicationCodeableConcept": {
                    "coding": [
                        {
                            "system": "http://www.nlm.nih.gov/research/umls/rxnorm",
                            "code": "562251",
                            "display": "Amoxicillin 250 MG / Clavulanate 125 MG Oral Tablet"
                        }
                    ],
                    "text": "Amoxicillin 250 MG / Clavulanate 125 MG Oral Tablet"
                },
                "subject": {
                    "reference": "Patient/276f609b-a7c7-4f43-96ae-15d4ea5a1410"
                },
                "encounter": {
                    "reference": "Encounter/1a34044b-7357-45d3-94aa-053c50b10c6a"
                },
                "authoredOn": "2015-06-30T12:14:01-04:00",
                "requester": {
                    "reference": "Practitioner/b7f88fef-4391-40f4-bd38-68ea4dc6b5c1",
                    "display": "Dr. Practitioner FHIRlink2"
                },
                "reasonReference": [
                    {
                        "reference": "Condition/b668c947-c804-4adf-a146-e74782b19e8a"
                    }
                ]
            },
            "request": {
                "method": "PUT",
                "url": "MedicationRequest/3a4d2d8a-5b05-444e-b74b-1e377db06b48"
            }
        }
    ]
}