<ImportExportXml xmlns:xsi="http://www.w3.org/2001/XMLSchema-instance">
  <Entities></Entities>
  <Roles></Roles>
  <Workflows></Workflows>
  <FieldSecurityProfiles></FieldSecurityProfiles>
  <Templates />
  <EntityMaps />
  <EntityRelationships />
  <OrganizationSettings />
  <optionsets />
  <CustomControls />
  <EntityDataProviders />
  <Connectors>
    <Connector>
      <connectorid>16249d27-5057-47a0-b55d-bfa22f487059</connectorid>
      <description>Contoso Invoicing API helps work with Contoso invoices</description>
      <displayname>Contoso Invoicing-Open Source</displayname>
      <iconbrandcolor>#007ee5</iconbrandcolor>
      <name>contoso_5Fcontoso-20invoicing-2Dopen-20source</name>
      <connectortype>1</connectortype>
      <openapidefinition>/Connector/contoso_5Fcontoso-20invoicing-2Dopen-20source_openapidefinition.json</openapidefinition>
      <connectionparameters>/Connector/contoso_5Fcontoso-20invoicing-2Dopen-20source_connectionparameters.json</connectionparameters>
      <policytemplateinstances>/Connector/contoso_5Fcontoso-20invoicing-2Dopen-20source_policytemplateinstances.json</policytemplateinstances>
      <iconblob>/Connector/contoso_5Fcontoso-20invoicing-2Dopen-20source_iconblob.Png</iconblob>
    </Connector>
  </Connectors>
  <Languages>
    <Language>1033</Language>
  </Languages>
</ImportExportXml>