{"commitInfo":{"timestamp":1709311937155,"operation":"CREATE TABLE AS SELECT","operationParameters":{"isManaged":"true","description":null,"partitionBy":"[]","properties":"{}"},"isolationLevel":"Serializable","isBlindAppend":true,"operationMetrics":{"numFiles":"1","numOutputRows":"0","numOutputBytes":"765"},"engineInfo":"Apache-Spark/3.4.1.5.3-117503204 Delta-Lake/2.4.0.9","txnId":"622237a3-0a92-4e0f-93de-4490c1cfae0d"}}
{"protocol":{"minReaderVersion":1,"minWriterVersion":2}}
{"metaData":{"id":"f4e7e6f5-8f71-4ea3-bb97-b96348386726","format":{"provider":"parquet","options":{}},"schemaString":"{\"type\":\"struct\",\"fields\":[{\"name\":\"IsoCurrencyCode\",\"type\":\"string\",\"nullable\":true,\"metadata\":{}},{\"name\":\"CurrencyName\",\"type\":\"string\",\"nullable\":true,\"metadata\":{}},{\"name\":\"CountryId\",\"type\":\"integer\",\"nullable\":true,\"metadata\":{}},{\"name\":\"CurrencySymbol\",\"type\":\"binary\",\"nullable\":true,\"metadata\":{}}]}","partitionColumns":[],"configuration":{},"createdTime":1709311933780}}
