{"commitInfo":{"timestamp":1709312810803,"operation":"WRITE","operationParameters":{"mode":"Append","partitionBy":"[]"},"readVersion":0,"isolationLevel":"Serializable","isBlindAppend":true,"operationMetrics":{"numFiles":"1","numOutputRows":"253","numOutputBytes":"9972"},"tags":{"VORDER":"true"},"engineInfo":"Apache-Spark/3.4.1.5.3-117503204 Delta-Lake/2.4.0.9","txnId":"2dd6c041-972c-44ec-afb1-bd2f814fd147"}}
{"metaData":{"id":"f4e7e6f5-8f71-4ea3-bb97-b96348386726","format":{"provider":"parquet","options":{}},"schemaString":"{\"type\":\"struct\",\"fields\":[{\"name\":\"IsoCurrencyCode\",\"type\":\"string\",\"nullable\":true,\"metadata\":{}},{\"name\":\"CurrencyName\",\"type\":\"string\",\"nullable\":true,\"metadata\":{}},{\"name\":\"CountryId\",\"type\":\"integer\",\"nullable\":true,\"metadata\":{}},{\"name\":\"CurrencySymbol\",\"type\":\"binary\",\"nullable\":true,\"metadata\":{}},{\"name\":\"CountryName\",\"type\":\"string\",\"nullable\":true,\"metadata\":{}},{\"name\":\"CountryCode\",\"type\":\"string\",\"nullable\":true,\"metadata\":{}}]}","partitionColumns":[],"configuration":{},"createdTime":1709311933780}}
{"add":{"path":"part-00000-6cab12ca-de21-4c03-b07d-d2a297d78a59-c000.snappy.parquet","partitionValues":{},"size":9972,"modificationTime":1709312810449,"dataChange":true,"stats":"{\"numRecords\":253,\"minValues\":{\"IsoCurrencyCode\":\"AED\",\"CurrencyName\":\"Afghan Afghani\",\"CountryName\":\"Afghanistan\",\"CountryCode\":\"ABW\"},\"maxValues\":{\"IsoCurrencyCode\":\"ZWL\",\"CurrencyName\":\"Zimbabwean Dollar\",\"CountryName\":\"ÅLand Islands\",\"CountryCode\":\"ZWE\"},\"nullCount\":{\"IsoCurrencyCode\":0,\"CurrencyName\":0,\"CountryId\":253,\"CurrencySymbol\":253,\"CountryName\":0,\"CountryCode\":2}}","tags":{"VORDER":"true"}}}
