{"schemaVersion":"1.0","appDefinitionTemplate":{"id":"/providers/Microsoft.PowerApps/apps/","type":"Microsoft.PowerApps/apps","tags":{"primaryDeviceWidth":"1366","primaryDeviceHeight":"768","supportsPortrait":"true","supportsLandscape":"true","primaryFormFactor":"Tablet","showStatusBar":"false","publisherVersion":"3.23102.20","minimumRequiredApiVersion":"2.2.0","hasComponent":"false","hasUnlockedComponent":"false","isUnifiedRootApp":"false","sienaVersion":"20231108T015155Z-3.23102.20.0"},"properties":{"appVersion":"2023-11-08T01:51:55Z","lifeCycleId":"Published","createdByClientVersion":{"major":3,"minor":23102,"build":20,"revision":0,"majorRevision":0,"minorRevision":0},"minClientVersion":{"major":3,"minor":23102,"build":20,"revision":0,"majorRevision":0,"minorRevision":0},"backgroundColor":"RGBA(0,176,240,1)","backgroundImageUri":"/16579295718852065594/N412e8fe7-8f95-49f2-8662-fa00ef533fad-logoSmallFile","displayName":"FHIRlink Sample - Sample 2","description":"","aiGeneratedDescription":"Empower business users to effortlessly retrieve and organize patient data with FHIRlink Sample - Sample 2. Streamline your workflow with the click of a button and easily access important information such as patient names, birth dates, and contact details. Say goodbye to manual data entry and hello to increased efficiency.","commitMessage":"","appUris":{"documentUri":{"value":"/16579295718852065594/Nf7f9c8bd-394f-4380-b91a-eb1d26c5c663-document.msapp"},"imageUris":[],"additionalUris":[]},"createdTime":"0001-01-01T00:00:00Z","lastModifiedTime":"0001-01-01T00:00:00Z","sharedGroupsCount":0,"sharedUsersCount":0,"connectionReferences":{"1e79d9c4-5a67-4f7d-b0e0-cc46037bfee7":{"id":"b40a2716-a0e3-48a7-a7de-0f1b94ec6c9b","displayName":"FHIRlink","iconUri":"https://connectoricons-prod.azureedge.net/u/v-sriyen/FHIRLinkFastrackTrain/1.0.1644.3336/fhirlink/icon.png","dataSources":["FHIRlink"],"dependencies":[],"dependents":[],"parameterHints":{},"parameterHintsV2":{},"isOnPremiseConnection":false,"bypassConsent":false,"dataSets":{},"apiTier":"Premium","isCustomApiConnection":false,"authenticationType":"azure-shared-app","actions":["ListResources"]}},"databaseReferences":{},"almMode":"Solution","performanceOptimizationEnabled":true,"canConsumeAppPass":true,"enableModernRuntimeMode":false,"executionRestrictions":{"isTeamsOnly":false,"dataLossPreventionEvaluationResult":{"status":"Compliant","lastEvaluationDate":"2023-11-06T23:18:23.5606947Z","violations":[],"violationsByPolicy":[],"violationErrorMessage":"The app uses the following connectors: shared_fhirlink."}}},"appType":"ClassicCanvasApp","appComponents":[]}}