Product,Price List,Unit,Amount,Pricing Method,Quantity Selling Option
Ballet Flats,May 2023 Prices,Primary Unit,100,Currency Amount,No Control
Belted Dress Boots,May 2023 Prices,Primary Unit,145,Currency Amount,No Control
Crop Straight-leg Jeans,May 2023 Prices,Primary Unit,172,Currency Amount,No Control
Dark Wash Straight Leg Jeans,May 2023 Prices,Primary Unit,123,Currency Amount,No Control
Floral Bordered Skirt,May 2023 Prices,Primary Unit,132,Currency Amount,No Control
Grand Cap Toe Leather Oxfords,May 2023 Prices,Primary Unit,115,Currency Amount,No Control
High Cut Leather Sneaker,May 2023 Prices,Primary Unit,213,Currency Amount,No Control
Ombre Fringe Skirt,May 2023 Prices,Primary Unit,110,Currency Amount,No Control
Pleated Gradient Skirt,May 2023 Prices,Primary Unit,96,Currency Amount,No Control
Relaxed Fit Straight-leg Jeans,May 2023 Prices,Primary Unit,145,Currency Amount,No Control
White Leather Athletic Sneaker,May 2023 Prices,Primary Unit,163,Currency Amount,No Control
