Product ID,Name,Default Unit,Product category,Decimals Supported,GDPR Optout,Is Kit,Is Reparented,Product Structure,Product Type,Status,Status Reason,Stock Item,Unit Group
81237,Ballet Flats,Primary Unit,Footwear,0,No,No,No,Product,Sales Inventory,Active,Active,No,Default Unit
81235,Belted Dress Boots,Primary Unit,Footwear,0,No,No,No,Product,Sales Inventory,Active,Active,No,Default Unit
81232,Crop Straight-leg Jeans,Primary Unit,Clothing,0,No,No,No,Product,Sales Inventory,Active,Active,No,Default Unit
81231,Dark Wash Straight Leg Jeans,Primary Unit,Clothing,0,No,No,No,Product,Sales Inventory,Active,Active,No,Default Unit
81222,Floral Bordered Skirt,Primary Unit,Clothing,0,No,No,No,Product,Sales Inventory,Active,Active,No,Default Unit
81233,Grand Cap Toe Leather Oxfords,Primary Unit,Footwear,0,No,No,No,Product,Sales Inventory,Active,Active,No,Default Unit
81236,High Cut Leather Sneaker,Primary Unit,Footwear,0,No,No,No,Product,Sales Inventory,Active,Active,No,Default Unit
81224,Ombre Fringe Skirt,Primary Unit,Clothing,0,No,No,No,Product,Sales Inventory,Active,Active,No,Default Unit
81223,Pleated Gradient Skirt,Primary Unit,Clothing,0,No,No,No,Product,Sales Inventory,Active,Active,No,Default Unit
81230,Relaxed Fit Straight-leg Jeans,Primary Unit,Clothing,0,No,No,No,Product,Sales Inventory,Active,Active,No,Default Unit
81234,White Leather Athletic Sneaker,Primary Unit,Footwear,0,No,No,No,Product,Sales Inventory,Active,Active,No,Default Unit
