{
  "properties": {
    "connectionReferences": {
      "shared_commondataserviceforapps_1": {
        "runtimeSource": "embedded",
        "connection": {
          "connectionReferenceLogicalName": "flow_sharedcommondataserviceforapps_da6c7"
        },
        "api": {
          "name": "shared_commondataserviceforapps"
        }
      },
      "shared_excelonlinebusiness_1": {
        "runtimeSource": "embedded",
        "connection": {
          "connectionReferenceLogicalName": "flow_sharedexcelonlinebusiness_3fc2e"
        },
        "api": {
          "name": "shared_excelonlinebusiness"
        }
      },
      "shared_office365_1": {
        "runtimeSource": "embedded",
        "connection": {
          "connectionReferenceLogicalName": "flow_sharedoffice365_48684"
        },
        "api": {
          "name": "shared_office365"
        }
      },
      "shared_commondataserviceforapps": {
        "runtimeSource": "embedded",
        "connection": {
          "connectionReferenceLogicalName": "contoso_sharedcommondataserviceforapps_eebca"
        },
        "api": {
          "name": "shared_commondataserviceforapps"
        }
      }
    },
    "definition": {
      "$schema": "https://schema.management.azure.com/providers/Microsoft.Logic/schemas/2016-06-01/workflowdefinition.json#",
      "contentVersion": "1.0.0.0",
      "parameters": {
        "$connections": {
          "defaultValue": {},
          "type": "Object"
        },
        "$authentication": {
          "defaultValue": {},
          "type": "SecureObject"
        }
      },
      "triggers": {
        "When_a_visit_activity_for_store_opening_is_completed": {
          "metadata": {
            "operationMetadataId": "d28909b2-606f-47f9-87f5-e7996945ae64"
          },
          "type": "OpenApiConnectionWebhook",
          "inputs": {
            "host": {
              "connectionName": "shared_commondataserviceforapps_1",
              "operationId": "SubscribeWebhookTrigger",
              "apiId": "/providers/Microsoft.PowerApps/apis/shared_commondataserviceforapps"
            },
            "parameters": {
              "subscriptionRequest/message": 3,
              "subscriptionRequest/entityname": "msrex_visitactivity",
              "subscriptionRequest/scope": 4,
              "subscriptionRequest/filterexpression": "msrex_name eq 'Store Opening Checklist' and statuscode eq 4"
            },
            "authentication": "@parameters('$authentication')"
          }
        }
      },
      "actions": {
        "Get_survey_definition_and_response_of_visit": {
          "runAfter": {},
          "metadata": {
            "operationMetadataId": "5dfd8d91-87c6-4eaa-998a-43bd1e929ce6"
          },
          "type": "OpenApiConnection",
          "inputs": {
            "host": {
              "connectionName": "shared_commondataserviceforapps_1",
              "operationId": "GetItem",
              "apiId": "/providers/Microsoft.PowerApps/apis/shared_commondataserviceforapps"
            },
            "parameters": {
              "entityName": "msrex_visitactivities",
              "recordId": "@triggerOutputs()?['body/msrex_visitactivityid']",
              "$expand": "msrex_Surveydefinition($select=msrex_jsoncontent, msrex_name),msrex_Surveyresponse($select=msrex_jsoncontent),owninguser($select=fullname),owningbusinessunit($select=name)"
            },
            "authentication": "@parameters('$authentication')"
          }
        },
        "Initialize_responses_array": {
          "runAfter": {
            "Get_survey_definition_and_response_of_visit": [
              "Succeeded"
            ]
          },
          "metadata": {
            "operationMetadataId": "c32044d8-0e43-41c0-94b0-142127e87ec6"
          },
          "type": "InitializeVariable",
          "inputs": {
            "variables": [
              {
                "name": "UpdatedResponsesArray",
                "type": "array"
              }
            ]
          }
        },
        "Apply_to_each_response": {
          "foreach": "@variables('UpdatedResponsesArray')",
          "actions": {
            "Add_a_row_into_a_table": {
              "runAfter": {},
              "metadata": {
                "016ALC4LZPQWCTPHZLSJGJPWZ2YCFZW7YE": "/General/SurveyResponses.xlsx",
                "operationMetadataId": "be612f98-2a8b-4ecb-b163-68402894ed8d",
                "tableId": "{F5674833-38A4-445D-916B-E3C5F54E2C51}",
                "01P7IZ62GPA4WX4BYMGFF2QRAGEYO44F53": "/General/SurveyResponses.xlsx",
                "01P7IZ62DH4JZKRAEVTRCLT5NNOPJFCGVK": "/General/SurveyResponse.xlsx",
                "01IZ4FOVEYDRQCZLGYXBHJ4EFMRQKIPGLJ": "/Outbound/01-ContosoSurveyResponses.xlsx",
                "01GFRXYGFJV32T56IBJFHKSUXN6A2Z53J7": "/Outbound/01-ContosoSurveyResponses.xlsx",
                "01YRAO6Y37LRSMA6BNL5D3T4LDQJV6WOOP": "/Outbound/01-ContosoSurveyResponses.xlsx"
              },
              "type": "OpenApiConnection",
              "inputs": {
                "host": {
                  "connectionName": "shared_excelonlinebusiness_1",
                  "operationId": "AddRowV2",
                  "apiId": "/providers/Microsoft.PowerApps/apis/shared_excelonlinebusiness"
                },
                "parameters": {
                  "source": "sites/powerplatformopenhacks.sharepoint.com,193bb6ed-26b0-4ae1-8628-faf7cc16fa47,ea1eb0cf-ebc2-4882-8605-ce063d6fe01c",
                  "drive": "b!7bY7GbAm4UqGKPr3zBb6R8-wHurC64JIhgXOBj1v4BwkAOAhRk9AQKnL4TxidDHB",
                  "file": "01GFRXYGFJV32T56IBJFHKSUXN6A2Z53J7",
                  "table": "{F5674833-38A4-445D-916B-E3C5F54E2C51}",
                  "dateTimeFormat": "ISO 8601",
                  "item/Task owner": "@outputs('Get_survey_definition_and_response_of_visit')?['body/owninguser/fullname']",
                  "item/Store": "@outputs('Get_survey_definition_and_response_of_visit')?['body/owningbusinessunit/name']",
                  "item/Are the POS hardware and software working properly?": "@Variables('Updatedresponsesarray')[0]",
                  "item/Issue description": "@variables('issuedescription')",
                  "item/Cash in register": "@Variables('Updatedresponsesarray')[1]",
                  "item/Date in calendar": "@Variables('Updatedresponsesarray')[2]",
                  "item/Cleanliness rating": "@Variables('Updatedresponsesarray')[3]",
                  "item/Is store layout compliant?": "@Variables('Updatedresponsesarray')[5]"
                },
                "authentication": "@parameters('$authentication')"
              }
            }
          },
          "runAfter": {
            "Condition_Check_for_POS_issues": [
              "Succeeded"
            ]
          },
          "metadata": {
            "operationMetadataId": "496203e1-26bb-455b-8d0f-0cadcf21d758"
          },
          "type": "Foreach"
        },
        "Condition_-_Check_for_issues": {
          "actions": {
            "Send_an_email_(V2)": {
              "runAfter": {},
              "metadata": {
                "operationMetadataId": "a4d31500-7a04-42d8-a155-c2cf43bc5239"
              },
              "type": "OpenApiConnection",
              "inputs": {
                "host": {
                  "connectionName": "shared_office365_1",
                  "operationId": "SendEmailV2",
                  "apiId": "/providers/Microsoft.PowerApps/apis/shared_office365"
                },
                "parameters": {
                  "emailMessage/To": "ITHelpdesk@PowerPlatformOpenHacks.onmicrosoft.com;@{variables('usertonotify')}",
                  "emailMessage/Subject": "Hardware issue in Store @{outputs('Get_survey_definition_and_response_of_visit')?['body/owningbusinessunit/name']}",
                  "emailMessage/Body": "<p>Hi Team ,<br>\n<br>\nUser : &nbsp;'@{outputs('Get_survey_definition_and_response_of_visit')?['body/owninguser/fullname']}' from Store '@{outputs('Get_survey_definition_and_response_of_visit')?['body/owningbusinessunit/name']}' has identified issues with Point of Sale devices. <br>\n<br>\nAdditional Details on the issue: ''@{variables('issuedescription')}''</p>",
                  "emailMessage/Importance": "Normal"
                },
                "authentication": "@parameters('$authentication')"
              }
            }
          },
          "runAfter": {
            "Apply_to_each_response": [
              "Succeeded"
            ]
          },
          "expression": {
            "equals": [
              "@Variables('Updatedresponsesarray')[0]",
              "No"
            ]
          },
          "metadata": {
            "operationMetadataId": "a2756e98-79a8-45b2-a1b6-3b8cc1c119fc"
          },
          "type": "If"
        },
        "Parse_JSON": {
          "runAfter": {
            "Initialize_variable_answercount": [
              "Succeeded"
            ]
          },
          "metadata": {
            "operationMetadataId": "3cb378fc-e0bb-426a-a710-4e1de9740fad"
          },
          "type": "ParseJson",
          "inputs": {
            "content": "@outputs('Get_survey_definition_and_response_of_visit')?['body/msrex_surveyresponse/msrex_jsoncontent']",
            "schema": {
              "type": "object",
              "properties": {
                "id": {
                  "type": "string"
                },
                "responses": {
                  "type": "array",
                  "items": {
                    "type": "object",
                    "properties": {
                      "id": {
                        "type": "string"
                      },
                      "answer": {
                        "type": "string"
                      },
                      "questionId": {
                        "type": "string"
                      },
                      "parentQuestionId": {
                        "type": "string"
                      },
                      "isBranchValid": {
                        "type": "boolean"
                      }
                    }
                  }
                }
              }
            }
          }
        },
        "Condition_Check_for_POS_issues": {
          "actions": {
            "Condition_check_issue_description": {
              "actions": {
                "Set_variable": {
                  "runAfter": {},
                  "metadata": {
                    "operationMetadataId": "6c96b744-78ea-411c-91b5-7b49cfb40640"
                  },
                  "type": "SetVariable",
                  "inputs": {
                    "name": "issuedescription",
                    "value": "@{Variables('Updatedresponsesarray')[6]}"
                  }
                }
              },
              "runAfter": {},
              "expression": {
                "equals": [
                  "@empty(variables('UpdatedResponsesArray')[6])",
                  false
                ]
              },
              "metadata": {
                "operationMetadataId": "fd6b9f1e-7fb5-4807-9728-be9a4ba181b1"
              },
              "type": "If"
            },
            "Condition_check_Issue_notification_user": {
              "actions": {
                "Parse_JSON_Issue_notification_user": {
                  "runAfter": {},
                  "metadata": {
                    "operationMetadataId": "a9b43ea1-1f1b-4966-ab31-d2673fe0ef34"
                  },
                  "type": "ParseJson",
                  "inputs": {
                    "content": "@variables('UpdatedResponsesArray')[7]",
                    "schema": {
                      "type": "array",
                      "items": {
                        "type": "object",
                        "properties": {
                          "logicalName": {
                            "type": "string"
                          },
                          "entityName": {
                            "type": "string"
                          },
                          "entityType": {
                            "type": "string"
                          },
                          "name": {
                            "type": "string"
                          },
                          "id": {
                            "type": "string"
                          }
                        }
                      }
                    }
                  }
                },
                "Apply_to_each": {
                  "foreach": "@body('Parse_JSON_Issue_notification_user')",
                  "actions": {
                    "Get_user_email_by_ID": {
                      "runAfter": {},
                      "metadata": {
                        "operationMetadataId": "8fe48c27-4980-46ed-bf84-b988e132e96f"
                      },
                      "type": "OpenApiConnection",
                      "inputs": {
                        "host": {
                          "connectionName": "shared_commondataserviceforapps",
                          "operationId": "GetItem",
                          "apiId": "/providers/Microsoft.PowerApps/apis/shared_commondataserviceforapps"
                        },
                        "parameters": {
                          "entityName": "systemusers",
                          "recordId": "@items('Apply_to_each')['id']",
                          "$select": "internalemailaddress"
                        },
                        "authentication": "@parameters('$authentication')"
                      }
                    },
                    "Set_variable_user_email": {
                      "runAfter": {
                        "Get_user_email_by_ID": [
                          "Succeeded"
                        ]
                      },
                      "metadata": {
                        "operationMetadataId": "d8c6f0fb-9f0b-4bcf-8172-89f062c41931"
                      },
                      "type": "SetVariable",
                      "inputs": {
                        "name": "usertonotify",
                        "value": "@outputs('Get_user_email_by_ID')?['body/internalemailaddress']"
                      }
                    }
                  },
                  "runAfter": {
                    "Parse_JSON_Issue_notification_user": [
                      "Succeeded"
                    ]
                  },
                  "metadata": {
                    "operationMetadataId": "76862382-163b-4340-8146-d5385386fad3"
                  },
                  "type": "Foreach"
                }
              },
              "runAfter": {
                "Condition_check_issue_description": [
                  "Succeeded"
                ]
              },
              "expression": {
                "equals": [
                  "@empty(variables('UpdatedResponsesArray')[7])",
                  false
                ]
              },
              "metadata": {
                "operationMetadataId": "abbb349f-429d-41b2-b266-af123eedd51a"
              },
              "type": "If"
            }
          },
          "runAfter": {
            "Apply_to_each_answer": [
              "Succeeded"
            ]
          },
          "expression": {
            "greater": [
              "@length(variables('UpdatedResponsesArray'))",
              6
            ]
          },
          "metadata": {
            "operationMetadataId": "c196b2cc-4733-4533-b0c0-28428ae21a19"
          },
          "type": "If"
        },
        "Initialize_variable_issue_description": {
          "runAfter": {
            "Initialize_responses_array": [
              "Succeeded"
            ]
          },
          "metadata": {
            "operationMetadataId": "910f36c4-8401-47e0-a00e-9d2102881219"
          },
          "type": "InitializeVariable",
          "inputs": {
            "variables": [
              {
                "name": "issuedescription",
                "type": "string",
                "value": "Not available"
              }
            ]
          }
        },
        "Initialize_variable_issue_notification_user": {
          "runAfter": {
            "Initialize_variable_issue_description": [
              "Succeeded"
            ]
          },
          "metadata": {
            "operationMetadataId": "57827b92-f38a-4493-a0a9-a2562ec257de"
          },
          "type": "InitializeVariable",
          "inputs": {
            "variables": [
              {
                "name": "usertonotify",
                "type": "string"
              }
            ]
          }
        },
        "Apply_to_each_answer": {
          "foreach": "@body('Parse_JSON')?['responses']",
          "actions": {
            "Increment_variable": {
              "runAfter": {},
              "metadata": {
                "operationMetadataId": "b425b563-6dc5-4e1b-be63-cd2f72acb1c6"
              },
              "type": "IncrementVariable",
              "inputs": {
                "name": "answercount"
              }
            },
            "Condition": {
              "actions": {
                "Append_to_array_variable": {
                  "runAfter": {},
                  "metadata": {
                    "operationMetadataId": "db32970b-2c8e-45af-bd03-3eac9978284b"
                  },
                  "type": "AppendToArrayVariable",
                  "inputs": {
                    "name": "UpdatedResponsesArray",
                    "value": "@items('Apply_to_each_answer')?['answer']"
                  }
                }
              },
              "runAfter": {
                "Increment_variable": [
                  "Succeeded"
                ]
              },
              "expression": {
                "less": [
                  "@variables('answercount')",
                  9
                ]
              },
              "metadata": {
                "operationMetadataId": "65ee2b7f-2fd3-42de-b587-35de004c4659"
              },
              "type": "If"
            }
          },
          "runAfter": {
            "Parse_JSON": [
              "Succeeded"
            ]
          },
          "metadata": {
            "operationMetadataId": "be5e2d8c-23c9-4fdf-a577-fe6bc5e01d7b"
          },
          "type": "Foreach"
        },
        "Initialize_variable_answercount": {
          "runAfter": {
            "Initialize_variable_issue_notification_user": [
              "Succeeded"
            ]
          },
          "metadata": {
            "operationMetadataId": "71ba8bfe-5737-4d6e-963f-3f6a1f24a0a9"
          },
          "type": "InitializeVariable",
          "inputs": {
            "variables": [
              {
                "name": "answercount",
                "type": "integer",
                "value": 0
              }
            ]
          }
        }
      }
    },
    "templateName": ""
  },
  "schemaVersion": "1.0.0.0"
}