{
  "properties": {
    "connectionReferences": {
      "shared_commondataserviceforapps": {
        "runtimeSource": "embedded",
        "connection": {
          "connectionReferenceLogicalName": "contoso_sharedcommondataserviceforapps_eebca"
        },
        "api": {
          "name": "shared_commondataserviceforapps"
        }
      },
      "shared_excelonlinebusiness_1": {
        "runtimeSource": "embedded",
        "connection": {
          "connectionReferenceLogicalName": "flow_sharedexcelonlinebusiness_3fc2e"
        },
        "api": {
          "name": "shared_excelonlinebusiness"
        }
      }
    },
    "definition": {
      "$schema": "https://schema.management.azure.com/providers/Microsoft.Logic/schemas/2016-06-01/workflowdefinition.json#",
      "contentVersion": "1.0.0.0",
      "parameters": {
        "$connections": {
          "defaultValue": {},
          "type": "Object"
        },
        "$authentication": {
          "defaultValue": {},
          "type": "SecureObject"
        }
      },
      "triggers": {
        "When_a_product_inventory_count_is_completed": {
          "metadata": {
            "operationMetadataId": "c1f68cb9-937b-460d-a84f-2cce3f438dff"
          },
          "type": "OpenApiConnectionWebhook",
          "inputs": {
            "host": {
              "connectionName": "shared_commondataserviceforapps",
              "operationId": "SubscribeWebhookTrigger",
              "apiId": "/providers/Microsoft.PowerApps/apis/shared_commondataserviceforapps"
            },
            "parameters": {
              "subscriptionRequest/message": 3,
              "subscriptionRequest/entityname": "msrex_visitactivity",
              "subscriptionRequest/scope": 4,
              "subscriptionRequest/filterexpression": "msrex_name eq 'Inventory spot count' and statuscode eq 4",
              "subscriptionRequest/runas": 3
            },
            "authentication": "@parameters('$authentication')"
          }
        }
      },
      "actions": {
        "List_rows_from_audit_responses": {
          "runAfter": {},
          "metadata": {
            "operationMetadataId": "ea87b632-22db-41da-95e3-2288fe482103"
          },
          "type": "OpenApiConnection",
          "inputs": {
            "host": {
              "connectionName": "shared_commondataserviceforapps",
              "operationId": "ListRecords",
              "apiId": "/providers/Microsoft.PowerApps/apis/shared_commondataserviceforapps"
            },
            "parameters": {
              "entityName": "msrex_auditresponses",
              "$filter": "msrex_auditresponseid eq @{triggerOutputs()?['body/_msrex_auditresponse_value']}",
              "$expand": "owninguser($select=fullname),owningbusinessunit($select=name)"
            },
            "authentication": "@parameters('$authentication')"
          }
        },
        "Apply_to_each": {
          "foreach": "@outputs('List_rows_from_audit_responses')?['body/value']",
          "actions": {
            "Parse_JSON": {
              "runAfter": {},
              "metadata": {
                "operationMetadataId": "72855f6e-4308-4009-95ee-19b3dc38732d"
              },
              "type": "ParseJson",
              "inputs": {
                "content": "@items('Apply_to_each')?['msrex_jsoncontent']",
                "schema": {
                  "type": "object",
                  "properties": {
                    "items": {
                      "type": "array",
                      "items": {
                        "type": "object",
                        "properties": {
                          "isComplete": {
                            "type": [
                              "boolean",
                              "null"
                            ]
                          },
                          "name": {
                            "type": [
                              "string",
                              "null"
                            ]
                          },
                          "id": {
                            "type": [
                              "string",
                              "null"
                            ]
                          },
                          "SKU": {
                            "type": [
                              "string",
                              "null"
                            ]
                          },
                          "EAN": {
                            "type": [
                              "string",
                              "null"
                            ]
                          },
                          "category": {
                            "type": [
                              "string",
                              "null"
                            ]
                          },
                          "brand": {
                            "type": [
                              "string",
                              "null"
                            ]
                          },
                          "inventoryCount": {
                            "type": "integer"
                          },
                          "expectedCount": {
                            "type": "integer"
                          },
                          "price": {
                            "type": "integer"
                          },
                          "oldPrice": {
                            "type": "integer"
                          },
                          "attributes": {
                            "type": "object",
                            "properties": {
                              "hierarchypath": {
                                "type": [
                                  "string",
                                  "null"
                                ]
                              },
                              "standardcost": {},
                              "b.msrex_name": {
                                "type": [
                                  "string",
                                  "null"
                                ]
                              }
                            }
                          },
                          "filterAttributes": {
                            "type": "object",
                            "properties": {}
                          },
                          "resp": {
                            "type": "array",
                            "items": {
                              "type": "object",
                              "properties": {
                                "qid": {
                                  "type": "string"
                                },
                                "a": {
                                  "type": "integer"
                                },
                                "isValid": {
                                  "type": "boolean"
                                }
                              },
                              "required": [
                                "qid",
                                "a",
                                "isValid"
                              ]
                            }
                          }
                        },
                        "required": [
                          "isComplete",
                          "name",
                          "id",
                          "SKU",
                          "EAN",
                          "category",
                          "brand",
                          "inventoryCount",
                          "expectedCount",
                          "price",
                          "oldPrice",
                          "attributes",
                          "filterAttributes"
                        ]
                      }
                    },
                    "id": {
                      "type": "string"
                    },
                    "questions": {},
                    "img": {}
                  }
                }
              }
            },
            "Apply_to_each_item": {
              "foreach": "@body('Parse_JSON')?['items']",
              "actions": {
                "List_rows": {
                  "runAfter": {},
                  "metadata": {
                    "operationMetadataId": "eb91a04d-960b-46c9-8af8-1ed17516764d"
                  },
                  "type": "OpenApiConnection",
                  "inputs": {
                    "host": {
                      "connectionName": "shared_commondataserviceforapps",
                      "operationId": "ListRecords",
                      "apiId": "/providers/Microsoft.PowerApps/apis/shared_commondataserviceforapps"
                    },
                    "parameters": {
                      "entityName": "products",
                      "$select": "productnumber,name",
                      "$filter": "productid eq @{items('Apply_to_each_item')?['id']}"
                    },
                    "authentication": "@parameters('$authentication')"
                  }
                },
                "Add_a_row_into_a_table_for_stock_count": {
                  "runAfter": {
                    "List_rows": [
                      "Succeeded"
                    ]
                  },
                  "metadata": {
                    "01QMQEBFAKW3OY7DNE45C3PL4QOSUJCNBX": "/General/Product files/ProductCount.xlsx",
                    "operationMetadataId": "67c9af10-de87-40cc-9028-f4623eff7b50",
                    "tableId": "{F5EFC815-8660-4238-A442-994351384F13}",
                    "016ALC4L65KRH5EGOQ6BFIL2SOSK4E6LYI": "/General/ProductCount.xlsx",
                    "01P7IZ62AVPAW66ZXPNVBYWEZQKLUBDYWE": "/General/ProductCount.xlsx",
                    "01IZ4FOVEKKGP3CS226FDK5FK5R3IJX6AO": "/Outbound/02-ContosoInventorySpotCount.xlsx",
                    "01GFRXYGGF7ENDMVCT3ZEJBKZDARDJ2HS7": "/Outbound/02-ContosoInventorySpotCount.xlsx",
                    "01YRAO6Y7Z6WX5ODRN4RFZWLTU2PQNAZOQ": "/Outbound/02-ContosoInventorySpotCount.xlsx"
                  },
                  "type": "OpenApiConnection",
                  "inputs": {
                    "host": {
                      "connectionName": "shared_excelonlinebusiness_1",
                      "operationId": "AddRowV2",
                      "apiId": "/providers/Microsoft.PowerApps/apis/shared_excelonlinebusiness"
                    },
                    "parameters": {
                      "source": "sites/powerplatformopenhacks.sharepoint.com,193bb6ed-26b0-4ae1-8628-faf7cc16fa47,ea1eb0cf-ebc2-4882-8605-ce063d6fe01c",
                      "drive": "b!7bY7GbAm4UqGKPr3zBb6R8-wHurC64JIhgXOBj1v4BwkAOAhRk9AQKnL4TxidDHB",
                      "file": "01GFRXYGGF7ENDMVCT3ZEJBKZDARDJ2HS7",
                      "table": "{F5EFC815-8660-4238-A442-994351384F13}",
                      "dateTimeFormat": "ISO 8601",
                      "item/Product ID": "@outputs('List_rows')?['body/value'][0]['productnumber']",
                      "item/Product name": "@outputs('List_rows')?['body/value'][0]['name']",
                      "item/Store": "@items('Apply_to_each')?['owningbusinessunit/name']",
                      "item/Date": "@formatDateTime(parseDateTime(triggerOutputs()?['body/modifiedon']),'MM/dd/yyyy', 'en-US')",
                      "item/Good stock": "@items('Apply_to_each_item')?['resp'][0]?['a']",
                      "item/Damaged stock": "@items('Apply_to_each_item')?['resp'][1]?['a']"
                    },
                    "authentication": "@parameters('$authentication')"
                  }
                },
                "Condition_-_Check_good_stock_is_less_than_5": {
                  "actions": {
                    "Add_a_row_into_a_table_for_replenishment": {
                      "runAfter": {},
                      "metadata": {
                        "01IZ4FOVAXKITNLMQT5FAJBZ46ORLFKHNK": "/Outbound/03-ContosoProductReplenishment.xlsx",
                        "operationMetadataId": "83d01f7f-6627-4a15-b141-dff84340915e",
                        "tableId": "{F5EFC815-8660-4238-A442-994351384F13}",
                        "01GFRXYGELST7NH5USKVGYRF3BHXVZ7Q6O": "/Outbound/03-ContosoProductReplenishment.xlsx",
                        "01YRAO6Y3N2A32TPJ7IVF2Z5C6QWM5Z45Y": "/Outbound/03-ContosoProductReplenishment.xlsx"
                      },
                      "type": "OpenApiConnection",
                      "inputs": {
                        "host": {
                          "connectionName": "shared_excelonlinebusiness_1",
                          "operationId": "AddRowV2",
                          "apiId": "/providers/Microsoft.PowerApps/apis/shared_excelonlinebusiness"
                        },
                        "parameters": {
                          "source": "sites/powerplatformopenhacks.sharepoint.com,193bb6ed-26b0-4ae1-8628-faf7cc16fa47,ea1eb0cf-ebc2-4882-8605-ce063d6fe01c",
                          "drive": "b!7bY7GbAm4UqGKPr3zBb6R8-wHurC64JIhgXOBj1v4BwkAOAhRk9AQKnL4TxidDHB",
                          "file": "01GFRXYGELST7NH5USKVGYRF3BHXVZ7Q6O",
                          "table": "{F5EFC815-8660-4238-A442-994351384F13}",
                          "dateTimeFormat": "ISO 8601",
                          "item/Product ID": "@outputs('List_rows')?['body/value'][0]['productnumber']",
                          "item/Product name": "@outputs('List_rows')?['body/value'][0]['name']",
                          "item/Store": "@items('Apply_to_each')?['owningbusinessunit/name']",
                          "item/Date": "@formatDateTime(parseDateTime(triggerOutputs()?['body/modifiedon']),'MM/dd/yyyy', 'en-US')",
                          "item/Good stock": "@outputs('Add_a_row_into_a_table_for_stock_count')?['body/Good stock']"
                        },
                        "authentication": "@parameters('$authentication')"
                      }
                    }
                  },
                  "runAfter": {
                    "Add_a_row_into_a_table_for_stock_count": [
                      "Succeeded"
                    ]
                  },
                  "expression": {
                    "less": [
                      "@items('Apply_to_each_item')?['resp'][0]?['a']",
                      5
                    ]
                  },
                  "metadata": {
                    "operationMetadataId": "a793796b-f75e-4260-9688-10f8b25a3578"
                  },
                  "type": "If"
                }
              },
              "runAfter": {
                "Parse_JSON": [
                  "Succeeded"
                ]
              },
              "metadata": {
                "operationMetadataId": "c058fc5d-26ac-4265-bec3-2c32a4c2fa17"
              },
              "type": "Foreach"
            }
          },
          "runAfter": {
            "List_rows_from_audit_responses": [
              "Succeeded"
            ]
          },
          "metadata": {
            "operationMetadataId": "e53830b1-5507-402c-ab37-d5a03fb7c370"
          },
          "type": "Foreach"
        }
      }
    },
    "templateName": ""
  },
  "schemaVersion": "1.0.0.0"
}