<ImportExportXml xmlns:xsi="http://www.w3.org/2001/XMLSchema-instance">
  <Entities></Entities>
  <Roles></Roles>
  <Workflows></Workflows>
  <FieldSecurityProfiles></FieldSecurityProfiles>
  <Templates />
  <EntityMaps />
  <EntityRelationships />
  <OrganizationSettings />
  <optionsets />
  <CustomControls />
  <EntityDataProviders />
  <Connectors>
    <Connector>
      <connectorid>6f5d138c-bc01-44a1-ae22-2640a72a4a68</connectorid>
      <description>Contoso invoicing</description>
      <displayname>Contoso Invoicing - Policy</displayname>
      <iconbrandcolor>#007ee5</iconbrandcolor>
      <name>cr83e_5Fcontoso-20invoicing-20-2D-20policy</name>
      <connectortype>1</connectortype>
      <openapidefinition>/Connector/cr83e_5Fcontoso-20invoicing-20-2D-20policy_openapidefinition.json</openapidefinition>
      <connectionparameters>/Connector/cr83e_5Fcontoso-20invoicing-20-2D-20policy_connectionparameters.json</connectionparameters>
      <policytemplateinstances>/Connector/cr83e_5Fcontoso-20invoicing-20-2D-20policy_policytemplateinstances.json</policytemplateinstances>
      <iconblob>/Connector/cr83e_5Fcontoso-20invoicing-20-2D-20policy_iconblob.Jpeg</iconblob>
    </Connector>
  </Connectors>
  <Languages>
    <Language>1033</Language>
  </Languages>
</ImportExportXml>