{"properties":{"connectionReferences":{"shared_commondataserviceforapps":{"runtimeSource":"embedded","connection":{"connectionReferenceLogicalName":"cr139_sharedcommondataserviceforapps_95c00"},"api":{"name":"shared_commondataserviceforapps"}},"shared_office365":{"runtimeSource":"embedded","connection":{"connectionReferenceLogicalName":"cr139_sharedoffice365_35267"},"api":{"name":"shared_office365"}}},"definition":{"$schema":"https://schema.management.azure.com/providers/Microsoft.Logic/schemas/2016-06-01/workflowdefinition.json#","contentVersion":"1.0.0.0","parameters":{"$connections":{"defaultValue":{},"type":"Object"},"$authentication":{"defaultValue":{},"type":"SecureObject"}},"triggers":{"When_a_row_is_added,_modified_or_deleted":{"metadata":{"operationMetadataId":"14adac8e-f7b1-4471-b0b3-8a65ed00d9bf"},"type":"OpenApiConnectionWebhook","inputs":{"host":{"connectionName":"shared_commondataserviceforapps","operationId":"SubscribeWebhookTrigger","apiId":"/providers/Microsoft.PowerApps/apis/shared_commondataserviceforapps"},"parameters":{"subscriptionRequest/message":3,"subscriptionRequest/entityname":"cr139_bpf_accidentrecording","subscriptionRequest/scope":4},"authentication":"@parameters('$authentication')"}}},"actions":{"Parse_JSON":{"runAfter":{},"metadata":{"operationMetadataId":"7821897e-9fe0-4b89-b978-1353ac484851"},"type":"ParseJson","inputs":{"content":"@triggerOutputs()?['body']","schema":{"type":"object","properties":{"_statuscode_label":{"type":"string"}}}}},"Condition":{"actions":{"Get_a_row_by_ID":{"runAfter":{},"metadata":{"operationMetadataId":"45e503e6-1adf-4699-81f6-b6507c940218"},"type":"OpenApiConnection","inputs":{"host":{"connectionName":"shared_commondataserviceforapps","operationId":"GetItem","apiId":"/providers/Microsoft.PowerApps/apis/shared_commondataserviceforapps"},"parameters":{"entityName":"cr139_accidenttables","recordId":"@triggerOutputs()?['body/_bpf_cr139_accidenttableid_value']"},"authentication":"@parameters('$authentication')"}},"Send_an_email_(V2)":{"runAfter":{"Get_a_row_by_ID":["Succeeded"]},"metadata":{"operationMetadataId":"91dc31c1-254e-4b11-b4c7-d8f8f1bbf330"},"type":"OpenApiConnection","inputs":{"host":{"connectionName":"shared_office365","operationId":"SendEmailV2","apiId":"/providers/Microsoft.PowerApps/apis/shared_office365"},"parameters":{"emailMessage/To":"NestorW@M365B735549.OnMicrosoft.com","emailMessage/Subject":"New Accident Recorded","emailMessage/Body":"<p>An accident has been recorded, more details below:<br>\n<br>\nAcciden Description: @{outputs('Get_a_row_by_ID')?['body/cr139_accidentdescription']}<br>\nManager Comments:@{outputs('Get_a_row_by_ID')?['body/cr139_managercomments']}</p>"},"authentication":"@parameters('$authentication')"}}},"runAfter":{"Parse_JSON":["Succeeded"]},"expression":{"equals":["@body('Parse_JSON')?['_statuscode_label']","Finished"]},"metadata":{"operationMetadataId":"16b51479-0818-4b8c-bfef-4abf77c715f2"},"type":"If"}}}},"schemaVersion":"1.0.0.0"}