{
  "fxexpression": {
    "@uniquename": "contoso_CalculateDebtRatio",
    "category": "0",
    "iscustomizable": "1",
    "name": "Calculate Debt Ratio",
    "parameters": "{\"InputParameter\":[{\"entityLogicalName\":\"\",\"name\":\"Income\",\"type\":2},{\"entityLogicalName\":\"\",\"name\":\"HousingDebt\",\"type\":2},{\"entityLogicalName\":\"\",\"name\":\"OtherDebt\",\"type\":2}],\"OutputParameter\":[{\"entityLogicalName\":\"\",\"name\":\"TotalDebtRatio\",\"type\":2},{\"entityLogicalName\":\"\",\"name\":\"HousingDebtRatio\",\"type\":2}]}",
    "statecode": "0",
    "statuscode": "1"
  }
}