<ImportExportXml version="9.2.23043.234" SolutionPackageVersion="9.2" languagecode="1033" generatedBy="CrmLive" xmlns:xsi="http://www.w3.org/2001/XMLSchema-instance">
  <SolutionManifest>
    <UniqueName>Contosoflows</UniqueName>
    <LocalizedNames>
      <LocalizedName description="Contoso flows" languagecode="1033" />
    </LocalizedNames>
    <Descriptions />
    <Version>1.0.0.4</Version>
    <Managed>0</Managed>
    <Publisher>
      <UniqueName>ContosoRetailpublisher</UniqueName>
      <LocalizedNames>
        <LocalizedName description="ContosoRetailCustomizations" languagecode="1033" />
      </LocalizedNames>
      <Descriptions />
      <EMailAddress xsi:nil="true"></EMailAddress>
      <SupportingWebsiteUrl xsi:nil="true"></SupportingWebsiteUrl>
      <CustomizationPrefix>contoso</CustomizationPrefix>
      <CustomizationOptionValuePrefix>33065</CustomizationOptionValuePrefix>
      <Addresses>
        <Address>
          <AddressNumber>1</AddressNumber>
          <AddressTypeCode>1</AddressTypeCode>
          <City xsi:nil="true"></City>
          <County xsi:nil="true"></County>
          <Country xsi:nil="true"></Country>
          <Fax xsi:nil="true"></Fax>
          <FreightTermsCode xsi:nil="true"></FreightTermsCode>
          <ImportSequenceNumber xsi:nil="true"></ImportSequenceNumber>
          <Latitude xsi:nil="true"></Latitude>
          <Line1 xsi:nil="true"></Line1>
          <Line2 xsi:nil="true"></Line2>
          <Line3 xsi:nil="true"></Line3>
          <Longitude xsi:nil="true"></Longitude>
          <Name xsi:nil="true"></Name>
          <PostalCode xsi:nil="true"></PostalCode>
          <PostOfficeBox xsi:nil="true"></PostOfficeBox>
          <PrimaryContactName xsi:nil="true"></PrimaryContactName>
          <ShippingMethodCode>1</ShippingMethodCode>
          <StateOrProvince xsi:nil="true"></StateOrProvince>
          <Telephone1 xsi:nil="true"></Telephone1>
          <Telephone2 xsi:nil="true"></Telephone2>
          <Telephone3 xsi:nil="true"></Telephone3>
          <TimeZoneRuleVersionNumber xsi:nil="true"></TimeZoneRuleVersionNumber>
          <UPSZone xsi:nil="true"></UPSZone>
          <UTCOffset xsi:nil="true"></UTCOffset>
          <UTCConversionTimeZoneCode xsi:nil="true"></UTCConversionTimeZoneCode>
        </Address>
        <Address>
          <AddressNumber>2</AddressNumber>
          <AddressTypeCode>1</AddressTypeCode>
          <City xsi:nil="true"></City>
          <County xsi:nil="true"></County>
          <Country xsi:nil="true"></Country>
          <Fax xsi:nil="true"></Fax>
          <FreightTermsCode xsi:nil="true"></FreightTermsCode>
          <ImportSequenceNumber xsi:nil="true"></ImportSequenceNumber>
          <Latitude xsi:nil="true"></Latitude>
          <Line1 xsi:nil="true"></Line1>
          <Line2 xsi:nil="true"></Line2>
          <Line3 xsi:nil="true"></Line3>
          <Longitude xsi:nil="true"></Longitude>
          <Name xsi:nil="true"></Name>
          <PostalCode xsi:nil="true"></PostalCode>
          <PostOfficeBox xsi:nil="true"></PostOfficeBox>
          <PrimaryContactName xsi:nil="true"></PrimaryContactName>
          <ShippingMethodCode>1</ShippingMethodCode>
          <StateOrProvince xsi:nil="true"></StateOrProvince>
          <Telephone1 xsi:nil="true"></Telephone1>
          <Telephone2 xsi:nil="true"></Telephone2>
          <Telephone3 xsi:nil="true"></Telephone3>
          <TimeZoneRuleVersionNumber xsi:nil="true"></TimeZoneRuleVersionNumber>
          <UPSZone xsi:nil="true"></UPSZone>
          <UTCOffset xsi:nil="true"></UTCOffset>
          <UTCConversionTimeZoneCode xsi:nil="true"></UTCConversionTimeZoneCode>
        </Address>
      </Addresses>
    </Publisher>
    <RootComponents>
      <RootComponent type="29" id="{30aed66b-ddc4-ed11-83ff-0022480819d7}" behavior="0" />
      <RootComponent type="29" id="{b479bb01-19cf-ed11-b597-00224825b359}" behavior="0" />
      <RootComponent type="29" id="{f643beee-5bcd-ed11-b597-002248081c98}" behavior="0" />
    </RootComponents>
    <MissingDependencies>
      <MissingDependency>
        <Required type="1" schemaName="msrex_auditresponse" displayName="Audit response" solution="msrex_RetailActivities (1.0.0.576)">
          <package>msrex_RetailFoundationAnchor (1.0.0.635)</package>
        </Required>
        <Dependent type="29" displayName="Contoso Inventory Spot Count" id="{30aed66b-ddc4-ed11-83ff-0022480819d7}" />
      </MissingDependency>
      <MissingDependency>
        <Required type="1" schemaName="msrex_auditresponse" displayName="Audit response" solution="msrex_RetailActivities (1.0.0.576)">
          <package>msrex_RetailFoundationAnchor (1.0.0.635)</package>
        </Required>
        <Dependent type="29" displayName="Contoso Product Price Update" id="{f643beee-5bcd-ed11-b597-002248081c98}" />
      </MissingDependency>
      <MissingDependency>
        <Required type="1" schemaName="msrex_visitactivity" displayName="Visit activity" solution="msrex_RetailVisits (1.0.0.575)">
          <package>msrex_RetailFoundationAnchor (1.0.0.635)</package>
        </Required>
        <Dependent type="29" displayName="Contoso Inventory Spot Count" id="{30aed66b-ddc4-ed11-83ff-0022480819d7}" />
      </MissingDependency>
      <MissingDependency>
        <Required type="1" schemaName="msrex_visitactivity" displayName="Visit activity" solution="msrex_RetailVisits (1.0.0.575)">
          <package>msrex_RetailFoundationAnchor (1.0.0.635)</package>
        </Required>
        <Dependent type="29" displayName="Contoso survey responses" id="{b479bb01-19cf-ed11-b597-00224825b359}" />
      </MissingDependency>
      <MissingDependency>
        <Required type="1" schemaName="msrex_visitactivity" displayName="Visit activity" solution="msrex_RetailVisits (1.0.0.575)">
          <package>msrex_RetailFoundationAnchor (1.0.0.635)</package>
        </Required>
        <Dependent type="29" displayName="Contoso Product Price Update" id="{f643beee-5bcd-ed11-b597-002248081c98}" />
      </MissingDependency>
      <MissingDependency>
        <Required type="1" schemaName="product" displayName="Product" solution="msdynce_ProductManagement (9.0.4.0066)" />
        <Dependent type="29" displayName="Contoso Inventory Spot Count" id="{30aed66b-ddc4-ed11-83ff-0022480819d7}" />
      </MissingDependency>
      <MissingDependency>
        <Required type="1" schemaName="product" displayName="Product" solution="msdynce_ProductManagement (9.0.4.0066)" />
        <Dependent type="29" displayName="Contoso Product Price Update" id="{f643beee-5bcd-ed11-b597-002248081c98}" />
      </MissingDependency>
    </MissingDependencies>
  </SolutionManifest>
</ImportExportXml>