{"properties":{"connectionReferences":{"shared_commondataserviceforapps":{"runtimeSource":"embedded","connection":{"connectionReferenceLogicalName":"cv_sharedcommondataserviceforapps_2a0a2"},"api":{"name":"shared_commondataserviceforapps"}}},"definition":{"$schema":"https://schema.management.azure.com/providers/Microsoft.Logic/schemas/2016-06-01/workflowdefinition.json#","contentVersion":"1.0.0.0","parameters":{"$connections":{"defaultValue":{},"type":"Object"},"$authentication":{"defaultValue":{},"type":"SecureObject"}},"triggers":{"manual":{"type":"Request","kind":"Button","inputs":{"schema":{"type":"object","properties":{},"required":[]}}}},"actions":{"Do_until":{"actions":{"Add_a_new_barrel_row":{"runAfter":{},"type":"OpenApiConnection","inputs":{"host":{"connectionName":"shared_commondataserviceforapps","operationId":"CreateRecord","apiId":"/providers/Microsoft.PowerApps/apis/shared_commondataserviceforapps"},"parameters":{"entityName":"cv_barrels"},"authentication":{"type":"Raw","value":"@json(decodeBase64(triggerOutputs().headers['X-MS-APIM-Tokens']))['$ConnectionKey']"}}},"Do_until_2":{"actions":{"Add_a_new_bottle_row":{"runAfter":{},"type":"OpenApiConnection","inputs":{"host":{"connectionName":"shared_commondataserviceforapps","operationId":"CreateRecord","apiId":"/providers/Microsoft.PowerApps/apis/shared_commondataserviceforapps"},"parameters":{"entityName":"cv_bottles","item/cv_name":"@{outputs('Add_a_new_barrel_row')?['body/cv_name']} - Bottle #@{iterationIndexes('Do_until_2')}","item/cv_Barrel@odata.bind":"@outputs('Add_a_new_barrel_row')?['body/@odata.id']"},"authentication":{"type":"Raw","value":"@json(decodeBase64(triggerOutputs().headers['X-MS-APIM-Tokens']))['$ConnectionKey']"}}}},"runAfter":{"Add_a_new_barrel_row":["Succeeded"]},"expression":"@equals('', '1')","limit":{"count":60,"timeout":"PT1H"},"type":"Until"}},"runAfter":{},"expression":"@equals('', '1')","limit":{"count":10,"timeout":"PT1H"},"type":"Until"}}}},"schemaVersion":"1.0.0.0"}