{"schemaVersion":"1.0","appDefinitionTemplate":{"id":"/providers/Microsoft.PowerApps/apps/","type":"Microsoft.PowerApps/apps","tags":{"primaryDeviceWidth":"1366","primaryDeviceHeight":"768","supportsPortrait":"true","supportsLandscape":"true","primaryFormFactor":"Tablet","showStatusBar":"false","publisherVersion":"3.23104.18","minimumRequiredApiVersion":"2.2.0","hasComponent":"false","hasUnlockedComponent":"false","isUnifiedRootApp":"false","sienaVersion":"20231108T015756Z-3.23104.18.0"},"properties":{"appVersion":"2023-11-08T01:57:56Z","lifeCycleId":"Published","createdByClientVersion":{"major":3,"minor":23104,"build":18,"revision":0,"majorRevision":0,"minorRevision":0},"minClientVersion":{"major":3,"minor":23104,"build":18,"revision":0,"majorRevision":0,"minorRevision":0},"backgroundColor":"RGBA(0,176,240,1)","backgroundImageUri":"/5421282139093877875/Nd2b6a011-4ab1-4de0-9bb9-40bfc7339e1a-logoSmallFile","displayName":"FHIRlink Sample - Sample 1","description":"","aiGeneratedDescription":"Empower your business with FHIRlink Sample - Sample 1. Easily retrieve and manage patient data with just a click of a button. Streamline your workflow and improve efficiency with this powerful tool.","commitMessage":"","appUris":{"documentUri":{"value":"/5421282139093877875/N940d26f2-ce11-425b-ba82-d82e2f5d9aa0-document.msapp"},"imageUris":[],"additionalUris":[]},"createdTime":"0001-01-01T00:00:00Z","lastModifiedTime":"0001-01-01T00:00:00Z","sharedGroupsCount":0,"sharedUsersCount":0,"connectionReferences":{"1e79d9c4-5a67-4f7d-b0e0-cc46037bfee7":{"id":"b40a2716-a0e3-48a7-a7de-0f1b94ec6c9b","displayName":"FHIRlink","iconUri":"https://connectoricons-prod.azureedge.net/u/v-sriyen/FHIRLinkFastrackTrain/1.0.1644.3336/fhirlink/icon.png","dataSources":["FHIRlink"],"dependencies":[],"dependents":[],"parameterHints":{},"parameterHintsV2":{},"isOnPremiseConnection":false,"bypassConsent":false,"dataSets":{},"apiTier":"Premium","isCustomApiConnection":false,"authenticationType":"azure-shared-app","actions":["ListResources"]}},"databaseReferences":{},"almMode":"Solution","performanceOptimizationEnabled":true,"canConsumeAppPass":true,"enableModernRuntimeMode":false,"executionRestrictions":{"isTeamsOnly":false,"dataLossPreventionEvaluationResult":{"status":"Compliant","lastEvaluationDate":"2023-11-06T23:17:59.5595387Z","violations":[],"violationsByPolicy":[],"violationErrorMessage":"The app uses the following connectors: shared_fhirlink."}}},"appType":"ClassicCanvasApp","appComponents":[]}}