﻿IsoCurrencyCode,CurrencyName,CountryName,CountryCode
AFN,Afghan Afghani,Afghanistan,AFG
ALL,Albanian Lek,Albania,ALB
DZD,Algerian Dinar,Algeria,DZA
USD,US Dollar,American Samoa,ASM
AOA,Angolan Kwanza,Angola,AGO
XCD,East Caribbean Dollar,Anguilla,AIA
USD,US Dollar,Antarctica,ATA
XCD,East Caribbean Dollar,Antigua and Barbuda,ATG
ARS,Argentine Peso,Argentina,ARG
AMD,Armenian Dram,Armenia,ARM
AWG,Aruban Florin,Aruba,ABW
SHP,Saint Helena Pound,Ascension Island,ASC
AUD,Australian Dollar,Australia,AUS
AZN,Azerbaijani Manat,Azerbaijan,AZE
BSD,Bahamian Dollar,Bahamas,BHS
BHD,Bahraini Dinar,Bahrain,BHR
BDT,Bangladeshi Taka,Bangladesh,BGD
BBD,Barbadian Dollar,Barbados,BRB
BYN,Belarusian Ruble,Belarus,BLR
BZD,Belize Dollar,Belize,BLZ
XOF,CFA Franc BCEAO,Benin,BEN
BMD,Bermudan Dollar,Bermuda,BMU
INR,Indian Rupee,Bhutan,BTN
BOB,Bolivian Boliviano,Bolivia,BOL
BAM,Bosnia-Herzegovina Convertible Mark,Bosnia and Herzegovina,BIH
BWP,Botswanan Pula,Botswana,BWA
NOK,Norwegian Krone,Bouvet Island,BVT
BRL,Brazilian Real,Brazil,BRA
USD,US Dollar,British Indian Ocean Territory,IOT
USD,US Dollar,British Virgin Islands,VGB
BND,Brunei Dollar,Brunei,BRN
BGN,Bulgarian Lev,Bulgaria,BGR
XOF,CFA Franc BCEAO,Burkina Faso,BFA
BIF,Burundian Franc,Burundi,BDI
KHR,Cambodian Riel,Cambodia,KHM
XAF,CFA Franc BEAC,Cameroon,CMR
CAD,Canadian Dollar,Canada,CAN
CVE,Cape Verdean Escudo,Cape Verde,CPV
KYD,Cayman Islands Dollar,Cayman Islands,CYM
XAF,CFA Franc BEAC,Central African Republic,CAF
XAF,CFA Franc BEAC,Chad,TCD
CLP,Chilean Peso,Chile,CHL
CNY,Chinese Yuan,China,CHN
AUD,Australian Dollar,Christmas Island,CXR
AUD,Australian Dollar,Clipperton Island,CCK
COP,Colombian Peso,Colombia,COL
KMF,Comorian Franc,Comoros,COM
XAF,CFA Franc BEAC,Congo - Brazzaville,COG
CDF,Congolese Franc,Congo - Kinshasa,COD
NZD,New Zealand Dollar,Cook Islands,COK
CRC,Costa Rican Colón,Costa Rica,CRI
XOF,CFA Franc BCEAO,Côte d’Ivoire,CIV
HRK,Croatian Kuna,Croatia,HRV
CUP,Cuban Peso,Cuba,CUB
ANG,Netherlands Antillean Guilder,Curacao,CW
CZK,Czech Republic Koruna,Czech Republic,CZE
DKK,Danish Krone,Denmark,DNK
DJF,Djiboutian Franc,Djibouti,DJI
XCD,East Caribbean Dollar,Dominica,DMA
DOP,Dominican Peso,Dominican Republic,DOM
IDR,Indonesian Rupiah,East Timor,TLS
USD,US Dollar,Ecuador,ECU
EGP,Egyptian Pound,Egypt,EGY
SVC,Salvadoran Colón,El Salvador,SLV
XAF,CFA Franc BEAC,Equatorial Guinea,GNQ
ERN,Eritrean Nakfa,Eritrea,ERI
ETB,Ethiopian Birr,Ethiopia,ETH
FKP,Falkland Islands Pound,Falkland Islands,FLK
DKK,Danish Krone,Faroe Islands,FRO
FJD,Fijian Dollar,Fiji,FJI
XPF,CFP Franc,French Polynesia,PYF
XAF,CFA Franc BEAC,Gabon,GAB
GMD,Gambian Dalasi,Gambia,GMB
GEL,Georgian Lari,Georgia,GEO
GHS,Ghanaian Cedi,Ghana,GHA
GIP,Gibraltar Pound,Gibraltar,GIB
DKK,Danish Krone,Greenland,GRL
XCD,East Caribbean Dollar,Grenada,GRD
USD,US Dollar,Guam,GUM
GTQ,Guatemalan Quetzal,Guatemala,GTM
GBP,Pound Sterling,Guernsey,GGY
GNF,Guinean Franc,Guinea,GIN
XOF,CFA Franc BCEAO,Guinea-Bissau,GNB
GYD,Guyanaese Dollar,Guyana,GUY
HTG,Haitian Gourde,Haiti,HTI
AUD,Australian Dollar,Heard Island and McDonald Islands,HMD
HNL,Honduran Lempira,Honduras,HND
HKD,Hong Kong Dollar,Hong Kong,HKG
HUF,Hungarian Forint,Hungary,HUN
ISK,Icelandic Króna,Iceland,ISL
INR,Indian Rupee,India,IND
IDR,Indonesian Rupiah,Indonesia,IDN
IRR,Iranian Rial,Iran,IRN
IQD,Iraqi Dinar,Iraq,IRQ
GBP,Pound Sterling,Isle Of Man,IMN
ILS,Israeli New Sheqel,Israel,ISR
JMD,Jamaican Dollar,Jamaica,JAM
JPY,Japanese Yen,Japan,JPN
GBP,Pound Sterling,Jersey,JEY
JOD,Jordanian Dinar,Jordan,JOR
KZT,Kazakhstani Tenge,Kazakhstan,KAZ
KES,Kenyan Shilling,Kenya,KEN
AUD,Australian Dollar,Kiribati,KIR
KWD,Kuwaiti Dinar,Kuwait,KWT
KGS,Kyrgystani Som,Kyrgyzstan,KGZ
LAK,Laotian Kip,Laos,LAO
LBP,Lebanese Pound,Lebanon,LBN
LSL,Lesotho Loti,Lesotho,LSO
LRD,Liberian Dollar,Liberia,LBR
LYD,Libyan Dinar,Libya,LBY
CHF,Swiss Franc,Liechtenstein,LIE
MOP,Macanese Pataca,Macau,MAC
MKD,Macedonian Denar,Macedonia,MKD
MGA,Malagasy Ariary,Madagascar,MDG
MWK,Malawian Kwacha,Malawi,MWI
MYR,Malaysian Ringgit,Malaysia,MYS
MVR,Maldivian Rufiyaa,Maldives,MDV
XOF,CFA Franc BCEAO,Mali,MLI
USD,US Dollar,Marshall Islands,MHL
MRU,Ouguiya,Mauritania,MRT
MUR,Mauritian Rupee,Mauritius,MUS
MXN,Mexican Peso,Mexico,MEX
USD,US Dollar,Micronesia,FSM
MDL,Moldovan Leu,Moldova,MDA
MNT,Mongolian Tugrik,Mongolia,MNG
XCD,East Caribbean Dollar,Montserrat,MSR
MAD,Moroccan Dirham,Morocco,MAR
MZN,Mozambican Metical,Mozambique,MOZ
MMK,Myanma Kyat,Myanmar,MMR
NAD,Namibian Dollar,Namibia,NAM
AUD,Australian Dollar,Nauru,NRU
NPR,Nepalese Rupee,Nepal,NPL
ANG,Netherlands Antillean Guilder,Netherlands Antilles,ANT
XPF,CFP Franc,New Caledonia,NCL
NZD,New Zealand Dollar,New Zealand,NZL
NIO,Nicaraguan Córdoba,Nicaragua,NIC
XOF,CFA Franc BCEAO,Niger,NER
NGN,Nigerian Naira,Nigeria,NGA
NZD,New Zealand Dollar,Niue,NIU
AUD,Australian Dollar,Norfolk Island,NFK
KPW,North Korean Won,North Korea,PRK
USD,US Dollar,Northern Mariana Islands,MNP
NOK,Norwegian Krone,Norway,NOR
OMR,Omani Rial,Oman,OMN
PKR,Pakistani Rupee,Pakistan,PAK
USD,US Dollar,Palau,PLW
JOD,Jordanian Dinar,Palestine,PSE
PAB,Panamanian Balboa,Panama,PAN
PGK,Papua New Guinean Kina,Papua New Guinea,PNG
PYG,Paraguayan Guarani,Paraguay,PRY
PEN,Peruvian Nuevo Sol,Peru,PER
PHP,Philippine Peso,Philippines,PHL
NZD,New Zealand Dollar,Pitcairn,PCN
PLN,Polish Zloty,Poland,POL
USD,US Dollar,Puerto Rico,PRI
QAR,Qatari Rial,Qatar,QAT
RON,Romanian Leu,Romania,ROU
RWF,Rwandan Franc,Rwanda,RWA
GBP,Pound Sterling,Saint Helena,SHN
XCD,East Caribbean Dollar,Saint Kitts and Nevis,KNA
XCD,East Caribbean Dollar,Saint Lucia,LCA
XCD,East Caribbean Dollar,Saint Vincent and the Grenadines,VCT
WST,Samoan Tala,Samoa,WSM
STN,Dobra,Sao Tome and Principe,STP
SAR,Saudi Riyal,Saudi Arabia,SAU
XOF,CFA Franc BCEAO,Senegal,SEN
RSD,Serbian Dinar,Serbia,SRB
RSD,Serbian Dinar,Serbia and Montenegro,SCG
SCR,Seychellois Rupee,Seychelles,SYC
SLL,Sierra Leonean Leone,Sierra Leone,SLE
SGD,Singapore Dollar,Singapore,SGP
ANG,Netherlands Antillean Guilder,Sint Maarten (Dutch Part),SXM
SBD,Solomon Islands Dollar,Solomon Islands,SLB
SOS,Somali Shilling,Somalia,SOM
ZAR,South African Rand,South Africa,ZAF
GBP,Pound Sterling,South Georgia and the South Sandwich Islands,SGS
KRW,South Korean Won,South Korea,KOR
SSP,South Sudanese Pound,South Sudan,SSD
LKR,Sri Lankan Rupee,Sri Lanka,LKA
SDG,Sudanese Pound,Sudan,SDN
SRD,Surinamese Dollar,Suriname,SUR
NOK,Norwegian Krone,Svalbard and Jan Mayen,SJM
SZL,Swazi Lilangeni,Swaziland,SWZ
SEK,Swedish Krona,Sweden,SWE
CHF,Swiss Franc,Switzerland,CHE
SYP,Syrian Pound,Syria,SYR
TWD,New Taiwan Dollar,Taiwan,TWN
TJS,Tajikistani Somoni,Tajikistan,TJK
TZS,Tanzanian Shilling,Tanzania,TZA
THB,Thai Baht,Thailand,THA
XOF,CFA Franc BCEAO,Togo,TGO
NZD,New Zealand Dollar,Tokelau,TKL
TOP,Tongan Paʻanga,Tonga,TON
TTD,Trinidad and Tobago Dollar,Trinidad and Tobago,TTO
SHP,Saint Helena Pound,Tristan da Cunha,
TND,Tunisian Dinar,Tunisia,TUN
TRY,Turkish Lira,Turkey,TUR
TMT,Turkmenistani Manat,Turkmenistan,TKM
USD,US Dollar,Turks and Caicos Islands,TCA
AUD,Australian Dollar,Tuvalu,TUV
USD,US Dollar,U.S. Outlying Islands,UMI
USD,US Dollar,U.S. Virgin Islands,VIR
UGX,Ugandan Shilling,Uganda,UGA
UAH,Ukrainian Hryvnia,Ukraine,UKR
AED,United Arab Emirates Dirham,United Arab Emirates,ARE
GBP,Pound Sterling,United Kingdom,GBR
USD,US Dollar,United States,USA
UYU,Uruguayan Peso,Uruguay,URY
UZS,Uzbekistan Som,Uzbekistan,UZB
VUV,Vanuatu Vatu,Vanuatu,VUT
VES,Bolívar Soberano,Venezuela,VEN
VND,Vietnamese Dong,Vietnam,VNM
XPF,CFP Franc,Wallis and Futuna,WLF
MAD,Moroccan Dirham,Western Sahara,ESH
YER,Yemeni Rial,Yemen,YEM
ZMW,Zambian Kwacha,Zambia,ZMB
ZWL,Zimbabwean Dollar,Zimbabwe,ZWE
EUR,Euro,ÅLand Islands,ALA
EUR,Euro,Andorra,AND
EUR,Euro,Austria,AUT
EUR,Euro,Belgium,BEL
EUR,Euro,Canary Islands,
EUR,Euro,Cyprus,CYP
EUR,Euro,Estonia,EST
EUR,Euro,Finland,FIN
EUR,Euro,France,FRA
EUR,Euro,French Guiana,GUF
EUR,Euro,French Southern Territories,ATF
EUR,Euro,Germany,DEU
EUR,Euro,Greece,GRC
EUR,Euro,Guadeloupe,GLP
EUR,Euro,Ireland,IRL
EUR,Euro,Italy,ITA
EUR,Euro,Kosovo,XKX
EUR,Euro,Latvia,LVA
EUR,Euro,Lithuania,LTU
EUR,Euro,Luxembourg,LUX
EUR,Euro,Malta,MLT
EUR,Euro,Martinique,MTQ
EUR,Euro,Mayotte,MYT
EUR,Euro,Monaco,MCO
EUR,Euro,Montenegro,MNE
EUR,Euro,Netherlands,NLD
EUR,Euro,Portugal,PRT
EUR,Euro,Reunion,REU
EUR,Euro,Saint BarthÉLemy,BLM
EUR,Euro,Saint Martin (French Part),MAF
EUR,Euro,Saint Pierre and Miquelon,SPM
EUR,Euro,San Marino,SMR
EUR,Euro,Slovakia,SVK
EUR,Euro,Slovenia,SVN
EUR,Euro,Spain,ESP
EUR,Euro,Vatican,VAT
