{"commitInfo":{"timestamp":1709312971015,"operation":"WRITE","operationParameters":{"mode":"Append","partitionBy":"[]"},"readVersion":0,"isolationLevel":"Serializable","isBlindAppend":true,"operationMetrics":{"numFiles":"1","numOutputRows":"300","numOutputBytes":"7620"},"tags":{"VORDER":"true"},"engineInfo":"Apache-Spark/3.4.1.5.3-117503204 Delta-Lake/2.4.0.9","txnId":"c6e029f8-b71d-442b-9e1a-57e17f3fb9bb"}}
{"metaData":{"id":"d47373d7-3a89-48a8-9633-6565d313bde9","format":{"provider":"parquet","options":{}},"schemaString":"{\"type\":\"struct\",\"fields\":[{\"name\":\"LocationId\",\"type\":\"integer\",\"nullable\":true,\"metadata\":{}},{\"name\":\"LocationName\",\"type\":\"string\",\"nullable\":true,\"metadata\":{}},{\"name\":\"LocationDescription\",\"type\":\"string\",\"nullable\":true,\"metadata\":{}},{\"name\":\"LocationAddressLine1\",\"type\":\"string\",\"nullable\":true,\"metadata\":{}},{\"name\":\"LocationAddressLine2\",\"type\":\"string\",\"nullable\":true,\"metadata\":{}},{\"name\":\"LocationCity\",\"type\":\"string\",\"nullable\":true,\"metadata\":{}},{\"name\":\"LocationStateId\",\"type\":\"integer\",\"nullable\":true,\"metadata\":{}},{\"name\":\"LocationZipCode\",\"type\":\"decimal(10,2)\",\"nullable\":true,\"metadata\":{}},{\"name\":\"LocationNote\",\"type\":\"string\",\"nullable\":true,\"metadata\":{}},{\"name\":\"LocationLatitude\",\"type\":\"decimal(10,2)\",\"nullable\":true,\"metadata\":{}},{\"name\":\"LocationLongitude\",\"type\":\"decimal(10,2)\",\"nullable\":true,\"metadata\":{}},{\"name\":\"LocationDatum\",\"type\":\"string\",\"nullable\":true,\"metadata\":{}},{\"name\":\"LocationElevation\",\"type\":\"decimal(10,2)\",\"nullable\":true,\"metadata\":{}},{\"name\":\"LocationElevationUnitOfMeasureId\",\"type\":\"integer\",\"nullable\":true,\"metadata\":{}},{\"name\":\"GlobalLocationNumber\",\"type\":\"decimal(10,2)\",\"nullable\":true,\"metadata\":{}},{\"name\":\"TimezoneId\",\"type\":\"integer\",\"nullable\":true,\"metadata\":{}},{\"name\":\"DaylightSavingsTimeObservedIndicator\",\"type\":\"boolean\",\"nullable\":true,\"metadata\":{}},{\"name\":\"CountryId\",\"type\":\"integer\",\"nullable\":true,\"metadata\":{}},{\"name\":\"SubdivisionId\",\"type\":\"integer\",\"nullable\":true,\"metadata\":{}},{\"name\":\"LocationState\",\"type\":\"string\",\"nullable\":true,\"metadata\":{}}]}","partitionColumns":[],"configuration":{},"createdTime":1709311933754}}
{"add":{"path":"part-00000-fff82a0f-46e5-411f-9af6-0fa3db70c95d-c000.snappy.parquet","partitionValues":{},"size":7620,"modificationTime":1709312970684,"dataChange":true,"stats":"{\"numRecords\":300,\"minValues\":{\"LocationId\":101,\"LocationCity\":\"Abilene\",\"CountryId\":840,\"LocationState\":\"Alabama\"},\"maxValues\":{\"LocationId\":400,\"LocationCity\":\"Yonkers\",\"CountryId\":840,\"LocationState\":\"Wisconsin\"},\"nullCount\":{\"LocationId\":0,\"LocationName\":300,\"LocationDescription\":300,\"LocationAddressLine1\":300,\"LocationAddressLine2\":300,\"LocationCity\":0,\"LocationStateId\":300,\"LocationZipCode\":300,\"LocationNote\":300,\"LocationLatitude\":300,\"LocationLongitude\":300,\"LocationDatum\":300,\"LocationElevation\":300,\"LocationElevationUnitOfMeasureId\":300,\"GlobalLocationNumber\":300,\"TimezoneId\":300,\"DaylightSavingsTimeObservedIndicator\":300,\"CountryId\":0,\"SubdivisionId\":300,\"LocationState\":0}}","tags":{"VORDER":"true"}}}
