{"commitInfo":{"timestamp":1709311936798,"operation":"CREATE TABLE AS SELECT","operationParameters":{"isManaged":"true","description":null,"partitionBy":"[]","properties":"{}"},"isolationLevel":"Serializable","isBlindAppend":true,"operationMetrics":{"numFiles":"1","numOutputRows":"0","numOutputBytes":"2494"},"engineInfo":"Apache-Spark/3.4.1.5.3-117503204 Delta-Lake/2.4.0.9","txnId":"7350aab0-6312-4297-82fe-00ec9d54b8f5"}}
{"protocol":{"minReaderVersion":1,"minWriterVersion":2}}
{"metaData":{"id":"d47373d7-3a89-48a8-9633-6565d313bde9","format":{"provider":"parquet","options":{}},"schemaString":"{\"type\":\"struct\",\"fields\":[{\"name\":\"LocationId\",\"type\":\"integer\",\"nullable\":true,\"metadata\":{}},{\"name\":\"LocationName\",\"type\":\"string\",\"nullable\":true,\"metadata\":{}},{\"name\":\"LocationDescription\",\"type\":\"string\",\"nullable\":true,\"metadata\":{}},{\"name\":\"LocationAddressLine1\",\"type\":\"string\",\"nullable\":true,\"metadata\":{}},{\"name\":\"LocationAddressLine2\",\"type\":\"string\",\"nullable\":true,\"metadata\":{}},{\"name\":\"LocationCity\",\"type\":\"string\",\"nullable\":true,\"metadata\":{}},{\"name\":\"LocationStateId\",\"type\":\"integer\",\"nullable\":true,\"metadata\":{}},{\"name\":\"LocationZipCode\",\"type\":\"decimal(10,2)\",\"nullable\":true,\"metadata\":{}},{\"name\":\"LocationNote\",\"type\":\"string\",\"nullable\":true,\"metadata\":{}},{\"name\":\"LocationLatitude\",\"type\":\"decimal(10,2)\",\"nullable\":true,\"metadata\":{}},{\"name\":\"LocationLongitude\",\"type\":\"decimal(10,2)\",\"nullable\":true,\"metadata\":{}},{\"name\":\"LocationDatum\",\"type\":\"string\",\"nullable\":true,\"metadata\":{}},{\"name\":\"LocationElevation\",\"type\":\"decimal(10,2)\",\"nullable\":true,\"metadata\":{}},{\"name\":\"LocationElevationUnitOfMeasureId\",\"type\":\"integer\",\"nullable\":true,\"metadata\":{}},{\"name\":\"GlobalLocationNumber\",\"type\":\"decimal(10,2)\",\"nullable\":true,\"metadata\":{}},{\"name\":\"TimezoneId\",\"type\":\"integer\",\"nullable\":true,\"metadata\":{}},{\"name\":\"DaylightSavingsTimeObservedIndicator\",\"type\":\"boolean\",\"nullable\":true,\"metadata\":{}},{\"name\":\"CountryId\",\"type\":\"integer\",\"nullable\":true,\"metadata\":{}},{\"name\":\"SubdivisionId\",\"type\":\"integer\",\"nullable\":true,\"metadata\":{}}]}","partitionColumns":[],"configuration":{},"createdTime":1709311933754}}
