{
  "properties": {
    "connectionReferences": {
      "shared_office365users": {
        "runtimeSource": "invoker",
        "connection": {
          "connectionReferenceLogicalName": "cr6d0_sharedoffice365users_76741"
        },
        "api": {
          "name": "shared_office365users"
        }
      },
      "shared_office365users_1": {
        "runtimeSource": "invoker",
        "connection": {
          "connectionReferenceLogicalName": "cr6d0_sharedoffice365users_6840a"
        },
        "api": {
          "name": "shared_office365users"
        }
      },
      "shared_commondataserviceforapps": {
        "runtimeSource": "embedded",
        "connection": {
          "connectionReferenceLogicalName": "cr6d0_sharedcommondataserviceforapps_bdde4"
        },
        "api": {
          "name": "shared_commondataserviceforapps"
        }
      }
    },
    "definition": {
      "$schema": "https://schema.management.azure.com/providers/Microsoft.Logic/schemas/2016-06-01/workflowdefinition.json#",
      "contentVersion": "1.0.0.0",
      "parameters": {
        "$connections": {
          "defaultValue": {},
          "type": "Object"
        },
        "$authentication": {
          "defaultValue": {},
          "type": "SecureObject"
        }
      },
      "triggers": {
        "manual": {
          "metadata": {
            "operationMetadataId": "80c5e4f9-3bb0-4c92-ac6d-25f70765143b"
          },
          "type": "Request",
          "kind": "Button",
          "inputs": {
            "schema": {
              "type": "object",
              "properties": {},
              "required": []
            }
          }
        }
      },
      "actions": {
        "Search_for_users_(V2)": {
          "runAfter": {},
          "metadata": {
            "operationMetadataId": "514e083c-042e-47ad-b711-6d2d01629af3"
          },
          "type": "OpenApiConnection",
          "inputs": {
            "host": {
              "connectionName": "shared_office365users",
              "operationId": "SearchUserV2",
              "apiId": "/providers/Microsoft.PowerApps/apis/shared_office365users"
            },
            "parameters": {},
            "authentication": {
              "type": "Raw",
              "value": "@json(decodeBase64(triggerOutputs().headers['X-MS-APIM-Tokens']))['$ConnectionKey']"
            }
          }
        },
        "Apply_to_each": {
          "foreach": "@outputs('Search_for_users_(V2)')?['body/value']",
          "actions": {
            "Get_user_profile_(V2)": {
              "runAfter": {},
              "metadata": {
                "operationMetadataId": "30ac9f02-838b-40d5-a14c-ddc68da24cd8"
              },
              "type": "OpenApiConnection",
              "inputs": {
                "host": {
                  "connectionName": "shared_office365users_1",
                  "operationId": "UserProfile_V2",
                  "apiId": "/providers/Microsoft.PowerApps/apis/shared_office365users"
                },
                "parameters": {
                  "id": "@items('Apply_to_each')?['Id']"
                },
                "authentication": {
                  "type": "Raw",
                  "value": "@json(decodeBase64(triggerOutputs().headers['X-MS-APIM-Tokens']))['$ConnectionKey']"
                }
              }
            },
            "Add_a_new_row": {
              "runAfter": {
                "Get_user_profile_(V2)": [
                  "Succeeded"
                ]
              },
              "metadata": {
                "operationMetadataId": "fd6f518a-e2c8-4dd7-b21b-ca4955927724"
              },
              "type": "OpenApiConnection",
              "inputs": {
                "host": {
                  "connectionName": "shared_commondataserviceforapps",
                  "operationId": "CreateRecord",
                  "apiId": "/providers/Microsoft.PowerApps/apis/shared_commondataserviceforapps"
                },
                "parameters": {
                  "entityName": "cr6d0_machineorders",
                  "item/cr6d0_name": "Crema Cafe",
                  "item/cr6d0_machineimage": "https://images-us-prod.cms.commerce.dynamics.com/cms/api/qbvttlwqcm/imageFileData/search?fileName=/Products%2FSP-DCM1010%20%5E%20%20%5E%20%20%5E%20Red%20%5E_000_001.png",
                  "item/cr6d0_price": 999,
                  "item/cr6d0_requestdate": "@utcNow()",
                  "item/cr6d0_requestedby": "@outputs('Get_user_profile_(V2)')?['body/mail']"
                },
                "authentication": {
                  "type": "Raw",
                  "value": "@json(decodeBase64(triggerOutputs().headers['X-MS-APIM-Tokens']))['$ConnectionKey']"
                }
              }
            }
          },
          "runAfter": {
            "Search_for_users_(V2)": [
              "Succeeded"
            ]
          },
          "metadata": {
            "operationMetadataId": "85401f2d-b445-4d8c-a21a-2bf6af52985f"
          },
          "type": "Foreach"
        }
      }
    }
  },
  "schemaVersion": "1.0.0.0"
}