{
  "properties": {
    "connectionReferences": {
      "shared_commondataserviceforapps": {
        "runtimeSource": "embedded",
        "connection": {
          "connectionReferenceLogicalName": "cr6d0_sharedcommondataserviceforapps_bdde4"
        },
        "api": {
          "name": "shared_commondataserviceforapps"
        }
      }
    },
    "definition": {
      "$schema": "https://schema.management.azure.com/providers/Microsoft.Logic/schemas/2016-06-01/workflowdefinition.json#",
      "contentVersion": "1.0.0.0",
      "parameters": {
        "$connections": {
          "defaultValue": {},
          "type": "Object"
        },
        "$authentication": {
          "defaultValue": {},
          "type": "SecureObject"
        }
      },
      "triggers": {
        "manual": {
          "metadata": {
            "operationMetadataId": "f658758e-4d47-449c-84dc-ce6ed11ef463"
          },
          "type": "Request",
          "kind": "VirtualAgent",
          "inputs": {
            "schema": {
              "type": "object",
              "properties": {
                "text": {
                  "title": "Customer email",
                  "type": "string",
                  "x-ms-dynamically-added": true,
                  "description": "Please enter your input",
                  "x-ms-content-hint": "TEXT"
                }
              },
              "required": [
                "text"
              ]
            }
          }
        }
      },
      "actions": {
        "Return_value(s)_to_Power_Virtual_Agents": {
          "runAfter": {
            "Compose": [
              "Succeeded"
            ]
          },
          "metadata": {
            "operationMetadataId": "74b15017-3d71-4569-a43f-198a6cb36bef"
          },
          "type": "Response",
          "kind": "VirtualAgent",
          "inputs": {
            "statusCode": 200,
            "body": {
              "customeremail": "@{outputs('Compose')?['cr6d0_requestedby']}",
              "ordernumber": "@{outputs('Compose')?['cr6d0_machineorderid']}",
              "orderdate": "@{outputs('Compose')?['cr6d0_requestdate']}",
              "price": "@{outputs('Compose')?['cr6d0_price']}",
              "machinename": "@{outputs('Compose')?['cr6d0_name']}",
              "machineimage": "![](@{outputs('Compose')?['cr6d0_machineimage']})"
            },
            "schema": {
              "type": "object",
              "properties": {
                "customeremail": {
                  "title": "CustomerEmail",
                  "x-ms-dynamically-added": true,
                  "type": "string"
                },
                "ordernumber": {
                  "title": "OrderNumber",
                  "x-ms-dynamically-added": true,
                  "type": "string"
                },
                "orderdate": {
                  "title": "OrderDate",
                  "x-ms-dynamically-added": true,
                  "type": "string"
                },
                "price": {
                  "title": "Price",
                  "x-ms-dynamically-added": true,
                  "type": "string"
                },
                "machinename": {
                  "title": "MachineName",
                  "x-ms-dynamically-added": true,
                  "type": "string"
                },
                "machineimage": {
                  "title": "MachineImage",
                  "x-ms-dynamically-added": true,
                  "type": "string"
                }
              }
            }
          }
        },
        "List_rows": {
          "runAfter": {},
          "metadata": {
            "operationMetadataId": "9af32284-b6da-43d7-81e5-79e3e3db8842"
          },
          "type": "OpenApiConnection",
          "inputs": {
            "host": {
              "connectionName": "shared_commondataserviceforapps",
              "operationId": "ListRecords",
              "apiId": "/providers/Microsoft.PowerApps/apis/shared_commondataserviceforapps"
            },
            "parameters": {
              "entityName": "cr6d0_machineorders",
              "$filter": "cr6d0_requestedby eq '@{triggerBody()['text']}'",
              "$top": 1
            },
            "authentication": "@parameters('$authentication')"
          }
        },
        "Compose": {
          "runAfter": {
            "List_rows": [
              "Succeeded"
            ]
          },
          "metadata": {
            "operationMetadataId": "fd1deb5e-c64c-4465-bfde-05379cdf0afe"
          },
          "type": "Compose",
          "inputs": "@first(outputs('List_rows')?['body/value'])"
        }
      },
      "outputs": {}
    }
  },
  "schemaVersion": "1.0.0.0"
}