{"properties":{"connectionReferences":{"shared_commondataserviceforapps":{"runtimeSource":"embedded","connection":{"connectionReferenceLogicalName":"contoso_sharedcommondataserviceforapps_a075f"},"api":{"name":"shared_commondataserviceforapps"}}},"definition":{"$schema":"https://schema.management.azure.com/providers/Microsoft.Logic/schemas/2016-06-01/workflowdefinition.json#","contentVersion":"1.0.0.0","parameters":{"$connections":{"defaultValue":{},"type":"Object"},"$authentication":{"defaultValue":{},"type":"SecureObject"}},"triggers":{"manual":{"type":"Request","kind":"Button","inputs":{"schema":{"type":"object","properties":{},"required":[]}}}},"actions":{"Parse_JSON_Locations":{"runAfter":{"Apply_to_each":["Succeeded"]},"type":"ParseJson","inputs":{"content":[{"Name":"Building 1","Address":"1 Redmond Way","NumberOfDesks":3},{"Name":"Building 2","Address":"2 Redmond Way","NumberOfDesks":5},{"Name":"Building 3","Address":"3 Redmond Way","NumberOfDesks":5},{"Name":"Building 4","Address":"4 Redmond Way","NumberOfDesks":6},{"Name":"Building 5","Address":"5 Redmond Way","NumberOfDesks":2}],"schema":{"type":"array","items":{"type":"object","properties":{"Name":{"type":"string"},"Address":{"type":"string"},"NumberOfDesks":{"type":"integer"}},"required":["Name","Address","NumberOfDesks"]}}}},"Parse_JSON_Desk_Features":{"runAfter":{"Initialize_DesksCreated":["Succeeded"]},"type":"ParseJson","inputs":{"content":["Speaker Phone","Enclosed Office","Printer","Teams Room","Surface Hub","Guest Chairs","Coffee Machine","Window View"],"schema":{"type":"array","items":{"type":"string"}}}},"Apply_to_each":{"foreach":"@body('Parse_JSON_Desk_Features')","actions":{"Add_a_new_Desk_Feature":{"runAfter":{},"type":"OpenApiConnection","inputs":{"host":{"connectionName":"shared_commondataserviceforapps","operationId":"CreateRecord","apiId":"/providers/Microsoft.PowerApps/apis/shared_commondataserviceforapps"},"parameters":{"entityName":"contoso_deskfeatures","item/contoso_name":"@items('Apply_to_each')"},"authentication":{"type":"Raw","value":"@json(decodeBase64(triggerOutputs().headers['X-MS-APIM-Tokens']))['$ConnectionKey']"}}},"Append_to_array_DeskFeatureIDs":{"runAfter":{"Add_a_new_Desk_Feature":["Succeeded"]},"type":"AppendToArrayVariable","inputs":{"name":"DeskFeatureIDs","value":"@outputs('Add_a_new_Desk_Feature')?['body/@odata.id']"}}},"runAfter":{"Parse_JSON_Desk_Features":["Succeeded"]},"type":"Foreach"},"Initialize_DeskFeatureIDs":{"runAfter":{},"type":"InitializeVariable","inputs":{"variables":[{"name":"DeskFeatureIDs","type":"array"}]}},"Apply_to_each_Location":{"foreach":"@body('Parse_JSON_Locations')","actions":{"Add_a_new_Location":{"runAfter":{},"type":"OpenApiConnection","inputs":{"host":{"connectionName":"shared_commondataserviceforapps","operationId":"CreateRecord","apiId":"/providers/Microsoft.PowerApps/apis/shared_commondataserviceforapps"},"parameters":{"entityName":"contoso_locations","item/contoso_name":"@items('Apply_to_each_Location')['Name']","item/contoso_address":"@items('Apply_to_each_Location')['Address']","item/contoso_phone":"425-555-1212"},"authentication":{"type":"Raw","value":"@json(decodeBase64(triggerOutputs().headers['X-MS-APIM-Tokens']))['$ConnectionKey']"}}},"Set_DesksCreated_One":{"runAfter":{"Add_a_new_Location":["Succeeded"]},"type":"SetVariable","inputs":{"name":"DesksCreated","value":1}},"Do_until_all_desks_created":{"actions":{"Add_a_new_desk":{"runAfter":{},"type":"OpenApiConnection","inputs":{"host":{"connectionName":"shared_commondataserviceforapps","operationId":"CreateRecord","apiId":"/providers/Microsoft.PowerApps/apis/shared_commondataserviceforapps"},"parameters":{"entityName":"contoso_desks","item/contoso_name":"Desk # @{variables('DesksCreated')}","item/contoso_Location@odata.bind":"@outputs('Add_a_new_Location')?['body/@odata.id']"},"authentication":{"type":"Raw","value":"@json(decodeBase64(triggerOutputs().headers['X-MS-APIM-Tokens']))['$ConnectionKey']"}}},"Relate_desk_feature":{"runAfter":{"Add_a_new_desk":["Succeeded"]},"type":"OpenApiConnection","inputs":{"host":{"connectionName":"shared_commondataserviceforapps","operationId":"AssociateEntities","apiId":"/providers/Microsoft.PowerApps/apis/shared_commondataserviceforapps"},"parameters":{"entityName":"contoso_desks","recordId":"@outputs('Add_a_new_desk')?['body/contoso_deskid']","associationEntityRelationship":"contoso_Desk_Feature","item/@odata.id":"@variables('DeskFeatureIDs')[rand(0,length(variables('DeskFeatureIDs')))]"},"authentication":{"type":"Raw","value":"@json(decodeBase64(triggerOutputs().headers['X-MS-APIM-Tokens']))['$ConnectionKey']"}}},"Relate_desk_feature_2":{"runAfter":{"Relate_desk_feature":["Succeeded"]},"type":"OpenApiConnection","inputs":{"host":{"connectionName":"shared_commondataserviceforapps","operationId":"AssociateEntities","apiId":"/providers/Microsoft.PowerApps/apis/shared_commondataserviceforapps"},"parameters":{"entityName":"contoso_desks","recordId":"@outputs('Add_a_new_desk')?['body/contoso_deskid']","associationEntityRelationship":"contoso_Desk_Feature","item/@odata.id":"@variables('DeskFeatureIDs')[rand(0, length(variables('DeskFeatureIDs')))]"},"authentication":{"type":"Raw","value":"@json(decodeBase64(triggerOutputs().headers['X-MS-APIM-Tokens']))['$ConnectionKey']"}}},"Increment_DesksCreated":{"runAfter":{"Relate_desk_feature_2":["Succeeded"]},"type":"IncrementVariable","inputs":{"name":"DesksCreated","value":1}}},"runAfter":{"Set_DesksCreated_One":["Succeeded"]},"expression":"@greater(variables('DesksCreated'), items('Apply_to_each_Location')['NumberOfDesks'])","limit":{"count":60,"timeout":"PT1H"},"type":"Until"}},"runAfter":{"Parse_JSON_Locations":["Succeeded"]},"type":"Foreach"},"Initialize_DesksCreated":{"runAfter":{"Initialize_DeskFeatureIDs":["Succeeded"]},"type":"InitializeVariable","inputs":{"variables":[{"name":"DesksCreated","type":"integer","value":1}]}}}}},"schemaVersion":"1.0.0.0"}