<ImportExportXml xmlns:xsi="http://www.w3.org/2001/XMLSchema-instance">
  <Entities>
    <Entity>
      <Name LocalizedName="Contact" OriginalName="">Contact</Name>
      <EntityInfo>
        <entity Name="Contact">
          <attributes>
            <attribute PhysicalName="contoso_Housingdebt">
              <Type>money</Type>
              <Name>contoso_housingdebt</Name>
              <LogicalName>contoso_housingdebt</LogicalName>
              <RequiredLevel>none</RequiredLevel>
              <DisplayMask>ValidForAdvancedFind|ValidForForm|ValidForGrid</DisplayMask>
              <ImeMode>auto</ImeMode>
              <ValidForUpdateApi>1</ValidForUpdateApi>
              <ValidForReadApi>1</ValidForReadApi>
              <ValidForCreateApi>1</ValidForCreateApi>
              <IsCustomField>1</IsCustomField>
              <IsAuditEnabled>1</IsAuditEnabled>
              <IsSecured>0</IsSecured>
              <IntroducedVersion>1.0.0.0</IntroducedVersion>
              <IsCustomizable>1</IsCustomizable>
              <IsRenameable>1</IsRenameable>
              <CanModifySearchSettings>1</CanModifySearchSettings>
              <CanModifyRequirementLevelSettings>1</CanModifyRequirementLevelSettings>
              <CanModifyAdditionalSettings>1</CanModifyAdditionalSettings>
              <SourceType>0</SourceType>
              <IsGlobalFilterEnabled>0</IsGlobalFilterEnabled>
              <IsSortableEnabled>0</IsSortableEnabled>
              <CanModifyGlobalFilterSettings>1</CanModifyGlobalFilterSettings>
              <CanModifyIsSortableSettings>1</CanModifyIsSortableSettings>
              <IsDataSourceSecret>0</IsDataSourceSecret>
              <AutoNumberFormat></AutoNumberFormat>
              <IsSearchable>0</IsSearchable>
              <IsFilterable>0</IsFilterable>
              <IsRetrievable>0</IsRetrievable>
              <IsLocalizable>0</IsLocalizable>
              <MinValue>-922337203685477</MinValue>
              <MaxValue>922337203685477</MaxValue>
              <Accuracy>2</Accuracy>
              <AccuracySource>2</AccuracySource>
              <displaynames>
                <displayname description="Housing debt" languagecode="1033" />
              </displaynames>
              <Descriptions>
                <Description description="" languagecode="1033" />
              </Descriptions>
            </attribute>
            <attribute PhysicalName="contoso_housingdebt_Base">
              <Type>money</Type>
              <Name>contoso_housingdebt_base</Name>
              <LogicalName>contoso_housingdebt_base</LogicalName>
              <RequiredLevel>none</RequiredLevel>
              <DisplayMask>ValidForAdvancedFind|ValidForForm|ValidForGrid</DisplayMask>
              <ImeMode>disabled</ImeMode>
              <ValidForUpdateApi>0</ValidForUpdateApi>
              <ValidForReadApi>1</ValidForReadApi>
              <ValidForCreateApi>0</ValidForCreateApi>
              <IsCustomField>1</IsCustomField>
              <IsAuditEnabled>1</IsAuditEnabled>
              <IsSecured>0</IsSecured>
              <IntroducedVersion>1.0.0.0</IntroducedVersion>
              <IsCustomizable>1</IsCustomizable>
              <IsRenameable>1</IsRenameable>
              <CanModifySearchSettings>1</CanModifySearchSettings>
              <CanModifyRequirementLevelSettings>1</CanModifyRequirementLevelSettings>
              <CanModifyAdditionalSettings>1</CanModifyAdditionalSettings>
              <SourceType>0</SourceType>
              <IsGlobalFilterEnabled>0</IsGlobalFilterEnabled>
              <IsSortableEnabled>0</IsSortableEnabled>
              <CanModifyGlobalFilterSettings>1</CanModifyGlobalFilterSettings>
              <CanModifyIsSortableSettings>1</CanModifyIsSortableSettings>
              <IsDataSourceSecret>0</IsDataSourceSecret>
              <AutoNumberFormat></AutoNumberFormat>
              <IsSearchable>0</IsSearchable>
              <IsFilterable>0</IsFilterable>
              <IsRetrievable>0</IsRetrievable>
              <IsLocalizable>0</IsLocalizable>
              <MinValue>-922337203685477</MinValue>
              <MaxValue>922337203685477</MaxValue>
              <Accuracy>2</Accuracy>
              <AccuracySource>2</AccuracySource>
              <CalculationOf>contoso_Housingdebt</CalculationOf>
              <displaynames>
                <displayname description="Housing debt (Base)" languagecode="1033" />
              </displaynames>
              <Descriptions>
                <Description description="Value of the Housing debt in base currency." languagecode="1033" />
              </Descriptions>
            </attribute>
            <attribute PhysicalName="contoso_Otherdebt">
              <Type>money</Type>
              <Name>contoso_otherdebt</Name>
              <LogicalName>contoso_otherdebt</LogicalName>
              <RequiredLevel>none</RequiredLevel>
              <DisplayMask>ValidForAdvancedFind|ValidForForm|ValidForGrid</DisplayMask>
              <ImeMode>auto</ImeMode>
              <ValidForUpdateApi>1</ValidForUpdateApi>
              <ValidForReadApi>1</ValidForReadApi>
              <ValidForCreateApi>1</ValidForCreateApi>
              <IsCustomField>1</IsCustomField>
              <IsAuditEnabled>1</IsAuditEnabled>
              <IsSecured>0</IsSecured>
              <IntroducedVersion>1.0.0.0</IntroducedVersion>
              <IsCustomizable>1</IsCustomizable>
              <IsRenameable>1</IsRenameable>
              <CanModifySearchSettings>1</CanModifySearchSettings>
              <CanModifyRequirementLevelSettings>1</CanModifyRequirementLevelSettings>
              <CanModifyAdditionalSettings>1</CanModifyAdditionalSettings>
              <SourceType>0</SourceType>
              <IsGlobalFilterEnabled>0</IsGlobalFilterEnabled>
              <IsSortableEnabled>0</IsSortableEnabled>
              <CanModifyGlobalFilterSettings>1</CanModifyGlobalFilterSettings>
              <CanModifyIsSortableSettings>1</CanModifyIsSortableSettings>
              <IsDataSourceSecret>0</IsDataSourceSecret>
              <AutoNumberFormat></AutoNumberFormat>
              <IsSearchable>0</IsSearchable>
              <IsFilterable>0</IsFilterable>
              <IsRetrievable>0</IsRetrievable>
              <IsLocalizable>0</IsLocalizable>
              <MinValue>-922337203685477</MinValue>
              <MaxValue>922337203685477</MaxValue>
              <Accuracy>2</Accuracy>
              <AccuracySource>2</AccuracySource>
              <displaynames>
                <displayname description="Other debt" languagecode="1033" />
              </displaynames>
              <Descriptions>
                <Description description="" languagecode="1033" />
              </Descriptions>
            </attribute>
            <attribute PhysicalName="contoso_otherdebt_Base">
              <Type>money</Type>
              <Name>contoso_otherdebt_base</Name>
              <LogicalName>contoso_otherdebt_base</LogicalName>
              <RequiredLevel>none</RequiredLevel>
              <DisplayMask>ValidForAdvancedFind|ValidForForm|ValidForGrid</DisplayMask>
              <ImeMode>disabled</ImeMode>
              <ValidForUpdateApi>0</ValidForUpdateApi>
              <ValidForReadApi>1</ValidForReadApi>
              <ValidForCreateApi>0</ValidForCreateApi>
              <IsCustomField>1</IsCustomField>
              <IsAuditEnabled>1</IsAuditEnabled>
              <IsSecured>0</IsSecured>
              <IntroducedVersion>1.0.0.0</IntroducedVersion>
              <IsCustomizable>1</IsCustomizable>
              <IsRenameable>1</IsRenameable>
              <CanModifySearchSettings>1</CanModifySearchSettings>
              <CanModifyRequirementLevelSettings>1</CanModifyRequirementLevelSettings>
              <CanModifyAdditionalSettings>1</CanModifyAdditionalSettings>
              <SourceType>0</SourceType>
              <IsGlobalFilterEnabled>0</IsGlobalFilterEnabled>
              <IsSortableEnabled>0</IsSortableEnabled>
              <CanModifyGlobalFilterSettings>1</CanModifyGlobalFilterSettings>
              <CanModifyIsSortableSettings>1</CanModifyIsSortableSettings>
              <IsDataSourceSecret>0</IsDataSourceSecret>
              <AutoNumberFormat></AutoNumberFormat>
              <IsSearchable>0</IsSearchable>
              <IsFilterable>0</IsFilterable>
              <IsRetrievable>0</IsRetrievable>
              <IsLocalizable>0</IsLocalizable>
              <MinValue>-922337203685477</MinValue>
              <MaxValue>922337203685477</MaxValue>
              <Accuracy>2</Accuracy>
              <AccuracySource>2</AccuracySource>
              <CalculationOf>contoso_Otherdebt</CalculationOf>
              <displaynames>
                <displayname description="Other debt (Base)" languagecode="1033" />
              </displaynames>
              <Descriptions>
                <Description description="Value of the Other debt in base currency." languagecode="1033" />
              </Descriptions>
            </attribute>
          </attributes>
        </entity>
      </EntityInfo>
      <FormXml>
        <forms type="main">
          <systemform>
            <formid>{1fed44d1-ae68-4a41-bd2b-f13acac4acfa}</formid>
            <IntroducedVersion>5.0.0.0</IntroducedVersion>
            <FormPresentation>1</FormPresentation>
            <FormActivationState>1</FormActivationState>
            <form showImage="true" headerdensity="HighWithControls" solutionaction="Modified">
              <tabs>
                <tab name="SUMMARY_TAB" id="{15bb2d4b-71da-74ea-3c5b-e497d78a55a2}" IsUserDefined="0" showlabel="true" expanded="true" ordinalvalue="0">
                  <columns>
                    <column width="33%" id="0">
                      <sections>
                        <section name="CONTACT_INFORMATION" showlabel="true" showbar="false" id="{9d943649-0387-1882-caa1-36de40d5a86c}" IsUserDefined="0" layout="varwidth" columns="1" labelwidth="115" celllabelposition="Left" ordinalvalue="0">
                          <rows>
                            <row>
                              <cell id="{542e581d-cca1-5e40-e6d9-d67a9d1468b4}" showlabel="true" locklevel="0" ordinalvalue="10000">
                                <labels>
                                  <label description="Full Name" languagecode="1033" solutionaction="Modified" />
                                </labels>
                              </cell>
                            </row>
                            <row>
                              <cell id="{07326cde-7529-ddc0-e421-c0bcddd07b8a}" showlabel="true" ordinalvalue="10001">
                                <labels>
                                  <label description="Job Title" languagecode="1033" solutionaction="Modified" />
                                </labels>
                              </cell>
                            </row>
                            <row>
                              <cell id="{7d538a97-98eb-b438-72de-57a808b9a308}" showlabel="true" ordinalvalue="10003">
                                <labels>
                                  <label description="Email" languagecode="1033" solutionaction="Modified" />
                                </labels>
                              </cell>
                            </row>
                            <row>
                              <cell id="{215da2d0-2b64-3481-8d2d-16107d4d7e5b}" showlabel="true" ordinalvalue="10004">
                                <labels>
                                  <label description="Business Phone" languagecode="1033" solutionaction="Modified" />
                                </labels>
                              </cell>
                            </row>
                            <row>
                              <cell id="{290b48ba-c0cc-7746-6dda-93e240e4cc78}" showlabel="true" ordinalvalue="10005">
                                <labels>
                                  <label description="Mobile Phone" languagecode="1033" solutionaction="Modified" />
                                </labels>
                              </cell>
                            </row>
                            <row>
                              <cell id="{1b54cdb3-1582-c29e-cc9e-9d4bc2a5700b}" showlabel="true" ordinalvalue="10006">
                                <labels>
                                  <label description="Fax" languagecode="1033" solutionaction="Modified" />
                                </labels>
                              </cell>
                            </row>
                            <row>
                              <cell id="{408dda0b-48a7-c05c-e29a-56a93eb97172}" showlabel="true" ordinalvalue="10007">
                                <labels>
                                  <label description="Preferred Method of Contact" languagecode="1033" solutionaction="Modified" />
                                </labels>
                              </cell>
                            </row>
                          </rows>
                        </section>
                      </sections>
                    </column>
                  </columns>
                </tab>
                <tab name="DETAILS_TAB" id="{fe1c5c3b-d556-4552-a444-4781214a6d63}" IsUserDefined="0" expanded="true" showlabel="true" ordinalvalue="1">
                  <columns>
                    <column width="34%" id="0">
                      <sections>
                        <section name="PERSONAL INFORMATION" showlabel="true" showbar="false" id="{0F64B9A3-01F2-4411-B0B5-6C6C39D7B011}" IsUserDefined="0" columns="1" labelwidth="115" celllabelposition="Left" ordinalvalue="0">
                          <rows>
                            <row>
                              <cell id="{cb391eb8-02ec-0ee6-9d92-6996d4311809}" showlabel="true" ordinalvalue="10000">
                                <labels>
                                  <label description="Gender" languagecode="1033" solutionaction="Modified" />
                                </labels>
                              </cell>
                            </row>
                            <row>
                              <cell id="{2d8cee50-7123-01e7-c2cc-0068c0ecc4c0}" showlabel="true" ordinalvalue="10001">
                                <labels>
                                  <label description="Marital Status" languagecode="1033" solutionaction="Modified" />
                                </labels>
                              </cell>
                            </row>
                            <row>
                              <cell id="{450c5a59-c7de-1289-0934-9a04bc4e1c72}" showlabel="true" ordinalvalue="10002">
                                <labels>
                                  <label description="Spouse/Partner Name" languagecode="1033" solutionaction="Modified" />
                                </labels>
                              </cell>
                            </row>
                            <row>
                              <cell id="{bac50a31-27a0-c7e2-3ab3-5d6aa8895c6e}" showlabel="true" ordinalvalue="10003">
                                <labels>
                                  <label description="Birthday" languagecode="1033" solutionaction="Modified" />
                                </labels>
                              </cell>
                            </row>
                            <row>
                              <cell id="{ba714204-2499-db47-78e0-d8795307301d}" showlabel="true" ordinalvalue="10004">
                                <labels>
                                  <label description="Anniversary" languagecode="1033" solutionaction="Modified" />
                                </labels>
                              </cell>
                            </row>
                          </rows>
                        </section>
                        <section name="PERSONAL_NOTES_SECTION" showlabel="true" showbar="false" locklevel="0" id="{9435d60e-c5ac-2462-a159-414573dc2e45}" IsUserDefined="0" layout="varwidth" columns="1" labelwidth="115" celllabelalignment="Left" celllabelposition="Top" ordinalvalue="1">
                          <rows>
                            <row>
                              <cell id="{d0c6aad7-7064-924e-b0e0-718dc557ccee}" showlabel="false" locklevel="0" rowspan="5" ordinalvalue="10000">
                                <labels>
                                  <label description="Description" languagecode="1033" solutionaction="Modified" />
                                </labels>
                              </cell>
                            </row>
                          </rows>
                        </section>
                      </sections>
                    </column>
                    <column width="33%" id="2">
                      <sections>
                        <section name="billing information" showlabel="true" showbar="false" id="{4565ac06-d780-4467-9baa-d03d6af45ae7}" IsUserDefined="0" columns="1" labelwidth="115" celllabelposition="Left" ordinalvalue="0">
                          <rows>
                            <row>
                              <cell id="{4e7b2783-1a45-4a13-bfd6-e12915e74161}" ordinalvalue="10000">
                                <labels>
                                  <label description="Currency" languagecode="1033" solutionaction="Modified" />
                                </labels>
                              </cell>
                            </row>
                            <row>
                              <cell id="{6b03860a-a677-48f1-bfdc-a04faf8b151c}" ordinalvalue="10001">
                                <labels>
                                  <label description="Credit Limit" languagecode="1033" solutionaction="Modified" />
                                </labels>
                              </cell>
                            </row>
                            <row>
                              <cell id="{64e56163-0a77-46c9-9872-50b94d661d96}" ordinalvalue="10005" solutionaction="Modified">
                                <labels>
                                  <label description="Credit Hold" languagecode="1033" solutionaction="Modified" />
                                </labels>
                              </cell>
                            </row>
                            <row>
                              <cell id="{9980090e-c75b-4bc9-834f-63ba6e3a93f2}" ordinalvalue="10006" solutionaction="Modified">
                                <labels>
                                  <label description="Payment Terms" languagecode="1033" solutionaction="Modified" />
                                </labels>
                              </cell>
                            </row>
                            <row>
                              <cell id="{749fc42f-a7db-4599-b67e-ba0ffbc75cbf}" locklevel="0" colspan="1" rowspan="1" ordinalvalue="10002" solutionaction="Added">
                                <labels>
                                  <label description="Annual Income" languagecode="1033" />
                                </labels>
                                <control id="annualincome" classid="{533B9E00-756B-4312-95A0-DC888637AC78}" datafieldname="annualincome" disabled="false" />
                              </cell>
                            </row>
                            <row>
                              <cell id="{3f6b42d7-a608-4c7f-b17a-1d3717613564}" locklevel="0" colspan="1" rowspan="1" ordinalvalue="10003" solutionaction="Added">
                                <labels>
                                  <label description="Housing debt" languagecode="1033" />
                                </labels>
                                <control id="contoso_housingdebt" classid="{533B9E00-756B-4312-95A0-DC888637AC78}" datafieldname="contoso_housingdebt" disabled="false" />
                              </cell>
                            </row>
                            <row>
                              <cell id="{a9170ffa-e439-4f01-b461-38bc7311f91b}" locklevel="0" colspan="1" rowspan="1" ordinalvalue="10004" solutionaction="Added">
                                <labels>
                                  <label description="Other debt" languagecode="1033" />
                                </labels>
                                <control id="contoso_otherdebt" classid="{533B9E00-756B-4312-95A0-DC888637AC78}" datafieldname="contoso_otherdebt" disabled="false" />
                              </cell>
                            </row>
                          </rows>
                        </section>
                      </sections>
                    </column>
                  </columns>
                </tab>
              </tabs>
              <header id="{3ff9aa06-4e43-41ce-afa9-22a038af5c19}" celllabelposition="Top" columns="1" labelwidth="115">
                <rows>
                  <row>
                    <cell id="{24be01cc-16a6-8eea-8916-42d20a1097ae}" showlabel="true" locklevel="1" ordinalvalue="10000">
                      <labels>
                        <label description="Owner" languagecode="1033" solutionaction="Modified" />
                      </labels>
                    </cell>
                  </row>
                </rows>
              </header>
              <footer id="{2390c0ca-398e-4c9e-b160-85f4059cab2d}" celllabelposition="Top" columns="111" labelwidth="115" celllabelalignment="Left" solutionaction="Added">
                <rows>
                  <row>
                    <cell id="{da402ae1-b67e-40eb-acd5-0b7ddacfec4d}" showlabel="false" ordinalvalue="10000">
                      <labels>
                        <label description="" languagecode="1033" />
                      </labels>
                    </cell>
                    <cell id="{381664cf-7e30-41b9-8896-063d5bccdaa5}" showlabel="false" ordinalvalue="20001">
                      <labels>
                        <label description="" languagecode="1033" />
                      </labels>
                    </cell>
                    <cell id="{79962269-c00e-4ffa-9f93-b81c79887468}" showlabel="false" ordinalvalue="30002">
                      <labels>
                        <label description="" languagecode="1033" />
                      </labels>
                    </cell>
                  </row>
                </rows>
              </footer>
            </form>
            <LocalizedNames>
              <LocalizedName description="Contact" languagecode="1033" />
            </LocalizedNames>
            <Descriptions>
              <Description description="Updated default Contact form." languagecode="1033" />
            </Descriptions>
          </systemform>
        </forms>
      </FormXml>
      <RibbonDiffXml>
        <CustomActions />
        <Templates>
          <RibbonTemplates Id="Mscrm.Templates"></RibbonTemplates>
        </Templates>
        <CommandDefinitions />
        <RuleDefinitions>
          <TabDisplayRules />
          <DisplayRules />
          <EnableRules />
        </RuleDefinitions>
        <LocLabels />
      </RibbonDiffXml>
    </Entity>
  </Entities>
  <Roles></Roles>
  <Workflows></Workflows>
  <FieldSecurityProfiles></FieldSecurityProfiles>
  <Templates />
  <EntityMaps />
  <EntityRelationships />
  <OrganizationSettings />
  <optionsets />
  <CustomControls />
  <SdkMessageProcessingSteps>
    <SdkMessageProcessingStep Name="Validate Contact Credit Limit to Debt Ratio" SdkMessageProcessingStepId="{f0eba8d3-1c8e-ee11-8179-0022483028bf}">
      <SdkMessageId>9ebdbb1b-ea3e-db11-86a7-000a3a5473e8</SdkMessageId>
      <PluginTypeName>Microsoft.PowerFx.Evaluator, Microsoft.PowerFx.PlexPlugins, Version=1.0.0.0, Culture=neutral, PublicKeyToken=31bf3856ad364e35</PluginTypeName>
      <PluginTypeId>462b3e8f-beb4-4981-9b87-a60c2162a9f7</PluginTypeId>
      <fxexpressionid>
        <uniquename>contoso_ValidateContactCreditLimittoDebtRatio</uniquename>
      </fxexpressionid>
      <PrimaryEntity>contact</PrimaryEntity>
      <AsyncAutoDelete>0</AsyncAutoDelete>
      <FilteringAttributes></FilteringAttributes>
      <InvocationSource>1</InvocationSource>
      <Mode>0</Mode>
      <Rank>1</Rank>
      <EventHandlerTypeCode>4602</EventHandlerTypeCode>
      <Stage>20</Stage>
      <IsCustomizable>1</IsCustomizable>
      <IsHidden>0</IsHidden>
      <SupportedDeployment>0</SupportedDeployment>
      <IntroducedVersion>1.0.0.0</IntroducedVersion>
      <SdkMessageProcessingStepImages />
    </SdkMessageProcessingStep>
    <SdkMessageProcessingStep Name="Validate Contact Credit Limit to Debt Ratio" SdkMessageProcessingStepId="{f6eba8d3-1c8e-ee11-8179-0022483028bf}">
      <SdkMessageId>20bebb1b-ea3e-db11-86a7-000a3a5473e8</SdkMessageId>
      <PluginTypeName>Microsoft.PowerFx.Evaluator, Microsoft.PowerFx.PlexPlugins, Version=1.0.0.0, Culture=neutral, PublicKeyToken=31bf3856ad364e35</PluginTypeName>
      <PluginTypeId>462b3e8f-beb4-4981-9b87-a60c2162a9f7</PluginTypeId>
      <fxexpressionid>
        <uniquename>contoso_ValidateContactCreditLimittoDebtRatio</uniquename>
      </fxexpressionid>
      <PrimaryEntity>contact</PrimaryEntity>
      <AsyncAutoDelete>0</AsyncAutoDelete>
      <FilteringAttributes></FilteringAttributes>
      <InvocationSource>1</InvocationSource>
      <Mode>0</Mode>
      <Rank>1</Rank>
      <EventHandlerTypeCode>4602</EventHandlerTypeCode>
      <Stage>20</Stage>
      <IsCustomizable>1</IsCustomizable>
      <IsHidden>0</IsHidden>
      <SupportedDeployment>0</SupportedDeployment>
      <IntroducedVersion>1.0.0.0</IntroducedVersion>
      <SdkMessageProcessingStepImages />
    </SdkMessageProcessingStep>
  </SdkMessageProcessingSteps>
  <EntityDataProviders />
  <Languages>
    <Language>1033</Language>
  </Languages>
</ImportExportXml>