{"commitInfo":{"timestamp":1709314388570,"operation":"UPDATE","operationParameters":{"predicate":"[]"},"readVersion":1,"isolationLevel":"Serializable","isBlindAppend":false,"operationMetrics":{"numRemovedFiles":"1","numRemovedBytes":"8581","numCopiedRows":"0","numAddedChangeFiles":"0","executionTimeMs":"11486","scanTimeMs":"6150","numAddedFiles":"1","numUpdatedRows":"590","numAddedBytes":"35162","rewriteTimeMs":"5333"},"tags":{"VORDER":"true"},"engineInfo":"Apache-Spark/3.4.1.5.3-117503204 Delta-Lake/2.4.0.9","txnId":"45d4b0c1-ae38-4405-a414-0b29ff74897e"}}
{"remove":{"path":"part-00000-d9963045-2aa0-40bd-bf61-36497de7b1c5-c000.snappy.parquet","deletionTimestamp":1709314388565,"dataChange":true,"extendedFileMetadata":true,"partitionValues":{},"size":8581,"tags":{"VORDER":"true"}}}
{"add":{"path":"part-00000-cb9d2974-b620-4ddf-be36-6f6856b7434b-c000.snappy.parquet","partitionValues":{},"size":35162,"modificationTime":1709314388126,"dataChange":true,"stats":"{\"numRecords\":590,\"minValues\":{\"OrderId\":20000000000000,\"NumberOfOrderLines\":50,\"OrderActualDeliveryTimestamp\":\"2022-06-21T19:30:30.000Z\",\"OrderTotalAmount\":50.00},\"maxValues\":{\"OrderId\":20000000000589,\"NumberOfOrderLines\":1285,\"OrderActualDeliveryTimestamp\":\"2023-12-07T17:00:00.000Z\",\"OrderTotalAmount\":1285.00},\"nullCount\":{\"OrderId\":0,\"OrderConfirmationNumber\":590,\"OrderEnteredByEmployeeId\":590,\"NumberOfOrderLines\":0,\"OrderReceivedTimestamp\":590,\"OrderEntryTimestamp\":590,\"CustomerCreditCheckTimestamp\":590,\"OrderConfirmationTimestamp\":590,\"OrderRequestedDeliveryDate\":590,\"OrderCommittedDeliveryDate\":590,\"ShipmentConfirmationTimestamp\":590,\"OrderActualDeliveryTimestamp\":0,\"OrderTotalRetailPriceAmount\":590,\"OrderTotalActualSalesPriceAmount\":590,\"OrderTotalAdjustmentPercentage\":590,\"OrderTotalAdjustmentAmount\":590,\"OrderTotalAmount\":0,\"TotalShippingChargeAmount\":590,\"OrderTotalTaxAmount\":590,\"OrderTotalInvoicedAmount\":590,\"TotalGratuityAmount\":590,\"TotalPaidAmount\":590,\"TotalCommissionsPayableAmount\":590,\"SplitCommissionsIndicator\":590,\"OrderBookedDate\":590,\"OrderBilledDate\":590,\"OrderBacklogReportedDate\":590,\"OrderBacklogReleasedDate\":590,\"OrderCancellationDate\":590,\"OrderReturnedDate\":590,\"ShipmentToName\":590,\"ShipmentToLocationId\":590}}","tags":{"VORDER":"true"}}}
