{"commitInfo":{"timestamp":1709311937487,"operation":"CREATE TABLE AS SELECT","operationParameters":{"isManaged":"true","description":null,"partitionBy":"[]","properties":"{}"},"isolationLevel":"Serializable","isBlindAppend":true,"operationMetrics":{"numFiles":"1","numOutputRows":"0","numOutputBytes":"9373"},"engineInfo":"Apache-Spark/3.4.1.5.3-117503204 Delta-Lake/2.4.0.9","txnId":"e33d53e7-74de-4a73-aafb-09741d59fe53"}}
{"protocol":{"minReaderVersion":1,"minWriterVersion":2}}
{"metaData":{"id":"c3621dc7-83e1-4157-ad34-f5c024be891d","format":{"provider":"parquet","options":{}},"schemaString":"{\"type\":\"struct\",\"fields\":[{\"name\":\"OrderId\",\"type\":\"long\",\"nullable\":true,\"metadata\":{}},{\"name\":\"OrderConfirmationNumber\",\"type\":\"string\",\"nullable\":true,\"metadata\":{}},{\"name\":\"OrderEnteredByEmployeeId\",\"type\":\"integer\",\"nullable\":true,\"metadata\":{}},{\"name\":\"NumberOfOrderLines\",\"type\":\"integer\",\"nullable\":true,\"metadata\":{}},{\"name\":\"OrderReceivedTimestamp\",\"type\":\"timestamp\",\"nullable\":true,\"metadata\":{}},{\"name\":\"OrderEntryTimestamp\",\"type\":\"timestamp\",\"nullable\":true,\"metadata\":{}},{\"name\":\"CustomerCreditCheckTimestamp\",\"type\":\"timestamp\",\"nullable\":true,\"metadata\":{}},{\"name\":\"OrderConfirmationTimestamp\",\"type\":\"timestamp\",\"nullable\":true,\"metadata\":{}},{\"name\":\"OrderRequestedDeliveryDate\",\"type\":\"timestamp\",\"nullable\":true,\"metadata\":{}},{\"name\":\"OrderCommittedDeliveryDate\",\"type\":\"timestamp\",\"nullable\":true,\"metadata\":{}},{\"name\":\"ShipmentConfirmationTimestamp\",\"type\":\"timestamp\",\"nullable\":true,\"metadata\":{}},{\"name\":\"OrderActualDeliveryTimestamp\",\"type\":\"timestamp\",\"nullable\":true,\"metadata\":{}},{\"name\":\"OrderTotalRetailPriceAmount\",\"type\":\"decimal(10,2)\",\"nullable\":true,\"metadata\":{}},{\"name\":\"OrderTotalActualSalesPriceAmount\",\"type\":\"decimal(10,2)\",\"nullable\":true,\"metadata\":{}},{\"name\":\"OrderTotalAdjustmentPercentage\",\"type\":\"decimal(10,2)\",\"nullable\":true,\"metadata\":{}},{\"name\":\"OrderTotalAdjustmentAmount\",\"type\":\"decimal(10,2)\",\"nullable\":true,\"metadata\":{}},{\"name\":\"OrderTotalAmount\",\"type\":\"decimal(10,2)\",\"nullable\":true,\"metadata\":{}},{\"name\":\"TotalShippingChargeAmount\",\"type\":\"decimal(10,2)\",\"nullable\":true,\"metadata\":{}},{\"name\":\"OrderTotalTaxAmount\",\"type\":\"decimal(10,2)\",\"nullable\":true,\"metadata\":{}},{\"name\":\"OrderTotalInvoicedAmount\",\"type\":\"decimal(10,2)\",\"nullable\":true,\"metadata\":{}},{\"name\":\"TotalGratuityAmount\",\"type\":\"decimal(10,2)\",\"nullable\":true,\"metadata\":{}},{\"name\":\"TotalPaidAmount\",\"type\":\"decimal(10,2)\",\"nullable\":true,\"metadata\":{}},{\"name\":\"TotalCommissionsPayableAmount\",\"type\":\"decimal(10,2)\",\"nullable\":true,\"metadata\":{}},{\"name\":\"SplitCommissionsIndicator\",\"type\":\"boolean\",\"nullable\":true,\"metadata\":{}},{\"name\":\"OrderBookedDate\",\"type\":\"timestamp\",\"nullable\":true,\"metadata\":{}},{\"name\":\"OrderBilledDate\",\"type\":\"timestamp\",\"nullable\":true,\"metadata\":{}},{\"name\":\"OrderBacklogReportedDate\",\"type\":\"timestamp\",\"nullable\":true,\"metadata\":{}},{\"name\":\"OrderBacklogReleasedDate\",\"type\":\"timestamp\",\"nullable\":true,\"metadata\":{}},{\"name\":\"OrderCancellationDate\",\"type\":\"timestamp\",\"nullable\":true,\"metadata\":{}},{\"name\":\"OrderReturnedDate\",\"type\":\"timestamp\",\"nullable\":true,\"metadata\":{}},{\"name\":\"ShipmentToName\",\"type\":\"string\",\"nullable\":true,\"metadata\":{}},{\"name\":\"ShipmentToLocationId\",\"type\":\"integer\",\"nullable\":true,\"metadata\":{}},{\"name\":\"ShipmentId\",\"type\":\"integer\",\"nullable\":true,\"metadata\":{}},{\"name\":\"CarrierId\",\"type\":\"integer\",\"nullable\":true,\"metadata\":{}},{\"name\":\"ShipmentMethodId\",\"type\":\"integer\",\"nullable\":true,\"metadata\":{}},{\"name\":\"RequestedShipmentCarrierName\",\"type\":\"string\",\"nullable\":true,\"metadata\":{}},{\"name\":\"AlternateCarrierAcceptableIndicator\",\"type\":\"boolean\",\"nullable\":true,\"metadata\":{}},{\"name\":\"ActualShipmentCarrierName\",\"type\":\"string\",\"nullable\":true,\"metadata\":{}},{\"name\":\"ShipOrderCompleteIndicator\",\"type\":\"boolean\",\"nullable\":true,\"metadata\":{}},{\"name\":\"TotalOrderWeight\",\"type\":\"decimal(10,2)\",\"nullable\":true,\"metadata\":{}},{\"name\":\"WeightUomId\",\"type\":\"integer\",\"nullable\":true,\"metadata\":{}},{\"name\":\"TotalOrderFreightChargeAmount\",\"type\":\"decimal(10,2)\",\"nullable\":true,\"metadata\":{}},{\"name\":\"EarliestDeliveryWindowTimestamp\",\"type\":\"timestamp\",\"nullable\":true,\"metadata\":{}},{\"name\":\"LatestDeliveryWindowTimestamp\",\"type\":\"timestamp\",\"nullable\":true,\"metadata\":{}},{\"name\":\"AcknowledgementRequiredIndicator\",\"type\":\"boolean\",\"nullable\":true,\"metadata\":{}},{\"name\":\"ExpediteOrderIndicator\",\"type\":\"boolean\",\"nullable\":true,\"metadata\":{}},{\"name\":\"DropShipmentIndicator\",\"type\":\"boolean\",\"nullable\":true,\"metadata\":{}},{\"name\":\"ServiceOrderIndicator\",\"type\":\"boolean\",\"nullable\":true,\"metadata\":{}},{\"name\":\"ProductOrderIndicator\",\"type\":\"boolean\",\"nullable\":true,\"metadata\":{}},{\"name\":\"OrderDeliveryInstructions\",\"type\":\"string\",\"nullable\":true,\"metadata\":{}},{\"name\":\"CustomerCreditCheckNote\",\"type\":\"string\",\"nullable\":true,\"metadata\":{}},{\"name\":\"MessageToCustomer\",\"type\":\"string\",\"nullable\":true,\"metadata\":{}},{\"name\":\"CustomerId\",\"type\":\"long\",\"nullable\":true,\"metadata\":{}},{\"name\":\"CustomerAccountId\",\"type\":\"long\",\"nullable\":true,\"metadata\":{}},{\"name\":\"WarehouseId\",\"type\":\"integer\",\"nullable\":true,\"metadata\":{}},{\"name\":\"StoreId\",\"type\":\"integer\",\"nullable\":true,\"metadata\":{}},{\"name\":\"CustomerIdentificationMethodId\",\"type\":\"integer\",\"nullable\":true,\"metadata\":{}},{\"name\":\"PoNumber\",\"type\":\"string\",\"nullable\":true,\"metadata\":{}},{\"name\":\"MarketingEventId\",\"type\":\"integer\",\"nullable\":true,\"metadata\":{}},{\"name\":\"AdvertisingEventId\",\"type\":\"integer\",\"nullable\":true,\"metadata\":{}},{\"name\":\"SalesMethodId\",\"type\":\"integer\",\"nullable\":true,\"metadata\":{}},{\"name\":\"PaymentMethodId\",\"type\":\"integer\",\"nullable\":true,\"metadata\":{}},{\"name\":\"BillingCycleId\",\"type\":\"integer\",\"nullable\":true,\"metadata\":{}},{\"name\":\"ContractId\",\"type\":\"integer\",\"nullable\":true,\"metadata\":{}},{\"name\":\"SalesChannelId\",\"type\":\"integer\",\"nullable\":true,\"metadata\":{}},{\"name\":\"DistributionChannelId\",\"type\":\"integer\",\"nullable\":true,\"metadata\":{}},{\"name\":\"OrderTypeId\",\"type\":\"integer\",\"nullable\":true,\"metadata\":{}},{\"name\":\"OrderClassificationId\",\"type\":\"integer\",\"nullable\":true,\"metadata\":{}},{\"name\":\"RejectionReasonId\",\"type\":\"integer\",\"nullable\":true,\"metadata\":{}},{\"name\":\"OrderProcessingStatusId\",\"type\":\"integer\",\"nullable\":true,\"metadata\":{}},{\"name\":\"IsoCurrencyCode\",\"type\":\"string\",\"nullable\":true,\"metadata\":{}},{\"name\":\"PointOfSaleId\",\"type\":\"integer\",\"nullable\":true,\"metadata\":{}},{\"name\":\"ResponsibilityCenterId\",\"type\":\"integer\",\"nullable\":true,\"metadata\":{}},{\"name\":\"VendorId\",\"type\":\"long\",\"nullable\":true,\"metadata\":{}},{\"name\":\"DeviceId\",\"type\":\"long\",\"nullable\":true,\"metadata\":{}},{\"name\":\"SoftwareProductId\",\"type\":\"long\",\"nullable\":true,\"metadata\":{}},{\"name\":\"SoftwareProductVersionNumber\",\"type\":\"integer\",\"nullable\":true,\"metadata\":{}},{\"name\":\"PromotionOfferId\",\"type\":\"integer\",\"nullable\":true,\"metadata\":{}}]}","partitionColumns":[],"configuration":{},"createdTime":1709311933811}}
