{"commitInfo":{"timestamp":1716468257887,"operation":"UPDATE","operationParameters":{"predicate":"[]"},"readVersion":2,"isolationLevel":"Serializable","isBlindAppend":false,"operationMetrics":{"numRemovedFiles":"1","numRemovedBytes":"35162","numCopiedRows":"0","numAddedChangeFiles":"0","executionTimeMs":"5824","scanTimeMs":"3191","numAddedFiles":"1","numUpdatedRows":"590","numAddedBytes":"32637","rewriteTimeMs":"2630"},"tags":{"VORDER":"true"},"engineInfo":"Apache-Spark/3.4.1.5.3.20240428.1 Delta-Lake/2.4.0.13","txnId":"f4e52fa0-0bdf-4b7b-b813-5b515724903f"}}
{"remove":{"path":"part-00000-cb9d2974-b620-4ddf-be36-6f6856b7434b-c000.snappy.parquet","deletionTimestamp":1716468257882,"dataChange":true,"extendedFileMetadata":true,"partitionValues":{},"size":35162,"tags":{"VORDER":"true"}}}
{"add":{"path":"part-00000-6b7cd627-a00d-4a4c-a754-88ccd1bcac92-c000.snappy.parquet","partitionValues":{},"size":32637,"modificationTime":1716468257517,"dataChange":true,"stats":"{\"numRecords\":590,\"minValues\":{\"OrderId\":20000000000000,\"OrderActualDeliveryTimestamp\":\"2022-06-21T19:30:30.000Z\",\"OrderTotalAmount\":50.00},\"maxValues\":{\"OrderId\":20000000000589,\"OrderActualDeliveryTimestamp\":\"2023-12-07T17:00:00.000Z\",\"OrderTotalAmount\":1285.00},\"nullCount\":{\"OrderId\":0,\"OrderConfirmationNumber\":590,\"OrderEnteredByEmployeeId\":590,\"NumberOfOrderLines\":590,\"OrderReceivedTimestamp\":590,\"OrderEntryTimestamp\":590,\"CustomerCreditCheckTimestamp\":590,\"OrderConfirmationTimestamp\":590,\"OrderRequestedDeliveryDate\":590,\"OrderCommittedDeliveryDate\":590,\"ShipmentConfirmationTimestamp\":590,\"OrderActualDeliveryTimestamp\":0,\"OrderTotalRetailPriceAmount\":590,\"OrderTotalActualSalesPriceAmount\":590,\"OrderTotalAdjustmentPercentage\":590,\"OrderTotalAdjustmentAmount\":590,\"OrderTotalAmount\":0,\"TotalShippingChargeAmount\":590,\"OrderTotalTaxAmount\":590,\"OrderTotalInvoicedAmount\":590,\"TotalGratuityAmount\":590,\"TotalPaidAmount\":590,\"TotalCommissionsPayableAmount\":590,\"SplitCommissionsIndicator\":590,\"OrderBookedDate\":590,\"OrderBilledDate\":590,\"OrderBacklogReportedDate\":590,\"OrderBacklogReleasedDate\":590,\"OrderCancellationDate\":590,\"OrderReturnedDate\":590,\"ShipmentToName\":590,\"ShipmentToLocationId\":590}}","tags":{"VORDER":"true"}}}
