{"commitInfo":{"timestamp":1709313933928,"operation":"WRITE","operationParameters":{"mode":"Append","partitionBy":"[]"},"readVersion":0,"isolationLevel":"Serializable","isBlindAppend":true,"operationMetrics":{"numFiles":"1","numOutputRows":"590","numOutputBytes":"8581"},"tags":{"VORDER":"true"},"engineInfo":"Apache-Spark/3.4.1.5.3-117503204 Delta-Lake/2.4.0.9","txnId":"ee02e510-b919-492b-82dd-0e239b4010a7"}}
{"metaData":{"id":"c3621dc7-83e1-4157-ad34-f5c024be891d","format":{"provider":"parquet","options":{}},"schemaString":"{\"type\":\"struct\",\"fields\":[{\"name\":\"OrderId\",\"type\":\"long\",\"nullable\":true,\"metadata\":{}},{\"name\":\"OrderConfirmationNumber\",\"type\":\"string\",\"nullable\":true,\"metadata\":{}},{\"name\":\"OrderEnteredByEmployeeId\",\"type\":\"integer\",\"nullable\":true,\"metadata\":{}},{\"name\":\"NumberOfOrderLines\",\"type\":\"integer\",\"nullable\":true,\"metadata\":{}},{\"name\":\"OrderReceivedTimestamp\",\"type\":\"timestamp\",\"nullable\":true,\"metadata\":{}},{\"name\":\"OrderEntryTimestamp\",\"type\":\"timestamp\",\"nullable\":true,\"metadata\":{}},{\"name\":\"CustomerCreditCheckTimestamp\",\"type\":\"timestamp\",\"nullable\":true,\"metadata\":{}},{\"name\":\"OrderConfirmationTimestamp\",\"type\":\"timestamp\",\"nullable\":true,\"metadata\":{}},{\"name\":\"OrderRequestedDeliveryDate\",\"type\":\"timestamp\",\"nullable\":true,\"metadata\":{}},{\"name\":\"OrderCommittedDeliveryDate\",\"type\":\"timestamp\",\"nullable\":true,\"metadata\":{}},{\"name\":\"ShipmentConfirmationTimestamp\",\"type\":\"timestamp\",\"nullable\":true,\"metadata\":{}},{\"name\":\"OrderActualDeliveryTimestamp\",\"type\":\"timestamp\",\"nullable\":true,\"metadata\":{}},{\"name\":\"OrderTotalRetailPriceAmount\",\"type\":\"decimal(10,2)\",\"nullable\":true,\"metadata\":{}},{\"name\":\"OrderTotalActualSalesPriceAmount\",\"type\":\"decimal(10,2)\",\"nullable\":true,\"metadata\":{}},{\"name\":\"OrderTotalAdjustmentPercentage\",\"type\":\"decimal(10,2)\",\"nullable\":true,\"metadata\":{}},{\"name\":\"OrderTotalAdjustmentAmount\",\"type\":\"decimal(10,2)\",\"nullable\":true,\"metadata\":{}},{\"name\":\"OrderTotalAmount\",\"type\":\"decimal(10,2)\",\"nullable\":true,\"metadata\":{}},{\"name\":\"TotalShippingChargeAmount\",\"type\":\"decimal(10,2)\",\"nullable\":true,\"metadata\":{}},{\"name\":\"OrderTotalTaxAmount\",\"type\":\"decimal(10,2)\",\"nullable\":true,\"metadata\":{}},{\"name\":\"OrderTotalInvoicedAmount\",\"type\":\"decimal(10,2)\",\"nullable\":true,\"metadata\":{}},{\"name\":\"TotalGratuityAmount\",\"type\":\"decimal(10,2)\",\"nullable\":true,\"metadata\":{}},{\"name\":\"TotalPaidAmount\",\"type\":\"decimal(10,2)\",\"nullable\":true,\"metadata\":{}},{\"name\":\"TotalCommissionsPayableAmount\",\"type\":\"decimal(10,2)\",\"nullable\":true,\"metadata\":{}},{\"name\":\"SplitCommissionsIndicator\",\"type\":\"boolean\",\"nullable\":true,\"metadata\":{}},{\"name\":\"OrderBookedDate\",\"type\":\"timestamp\",\"nullable\":true,\"metadata\":{}},{\"name\":\"OrderBilledDate\",\"type\":\"timestamp\",\"nullable\":true,\"metadata\":{}},{\"name\":\"OrderBacklogReportedDate\",\"type\":\"timestamp\",\"nullable\":true,\"metadata\":{}},{\"name\":\"OrderBacklogReleasedDate\",\"type\":\"timestamp\",\"nullable\":true,\"metadata\":{}},{\"name\":\"OrderCancellationDate\",\"type\":\"timestamp\",\"nullable\":true,\"metadata\":{}},{\"name\":\"OrderReturnedDate\",\"type\":\"timestamp\",\"nullable\":true,\"metadata\":{}},{\"name\":\"ShipmentToName\",\"type\":\"string\",\"nullable\":true,\"metadata\":{}},{\"name\":\"ShipmentToLocationId\",\"type\":\"integer\",\"nullable\":true,\"metadata\":{}},{\"name\":\"ShipmentId\",\"type\":\"integer\",\"nullable\":true,\"metadata\":{}},{\"name\":\"CarrierId\",\"type\":\"integer\",\"nullable\":true,\"metadata\":{}},{\"name\":\"ShipmentMethodId\",\"type\":\"integer\",\"nullable\":true,\"metadata\":{}},{\"name\":\"RequestedShipmentCarrierName\",\"type\":\"string\",\"nullable\":true,\"metadata\":{}},{\"name\":\"AlternateCarrierAcceptableIndicator\",\"type\":\"boolean\",\"nullable\":true,\"metadata\":{}},{\"name\":\"ActualShipmentCarrierName\",\"type\":\"string\",\"nullable\":true,\"metadata\":{}},{\"name\":\"ShipOrderCompleteIndicator\",\"type\":\"boolean\",\"nullable\":true,\"metadata\":{}},{\"name\":\"TotalOrderWeight\",\"type\":\"decimal(10,2)\",\"nullable\":true,\"metadata\":{}},{\"name\":\"WeightUomId\",\"type\":\"integer\",\"nullable\":true,\"metadata\":{}},{\"name\":\"TotalOrderFreightChargeAmount\",\"type\":\"decimal(10,2)\",\"nullable\":true,\"metadata\":{}},{\"name\":\"EarliestDeliveryWindowTimestamp\",\"type\":\"timestamp\",\"nullable\":true,\"metadata\":{}},{\"name\":\"LatestDeliveryWindowTimestamp\",\"type\":\"timestamp\",\"nullable\":true,\"metadata\":{}},{\"name\":\"AcknowledgementRequiredIndicator\",\"type\":\"boolean\",\"nullable\":true,\"metadata\":{}},{\"name\":\"ExpediteOrderIndicator\",\"type\":\"boolean\",\"nullable\":true,\"metadata\":{}},{\"name\":\"DropShipmentIndicator\",\"type\":\"boolean\",\"nullable\":true,\"metadata\":{}},{\"name\":\"ServiceOrderIndicator\",\"type\":\"boolean\",\"nullable\":true,\"metadata\":{}},{\"name\":\"ProductOrderIndicator\",\"type\":\"boolean\",\"nullable\":true,\"metadata\":{}},{\"name\":\"OrderDeliveryInstructions\",\"type\":\"string\",\"nullable\":true,\"metadata\":{}},{\"name\":\"CustomerCreditCheckNote\",\"type\":\"string\",\"nullable\":true,\"metadata\":{}},{\"name\":\"MessageToCustomer\",\"type\":\"string\",\"nullable\":true,\"metadata\":{}},{\"name\":\"CustomerId\",\"type\":\"long\",\"nullable\":true,\"metadata\":{}},{\"name\":\"CustomerAccountId\",\"type\":\"long\",\"nullable\":true,\"metadata\":{}},{\"name\":\"WarehouseId\",\"type\":\"integer\",\"nullable\":true,\"metadata\":{}},{\"name\":\"StoreId\",\"type\":\"integer\",\"nullable\":true,\"metadata\":{}},{\"name\":\"CustomerIdentificationMethodId\",\"type\":\"integer\",\"nullable\":true,\"metadata\":{}},{\"name\":\"PoNumber\",\"type\":\"string\",\"nullable\":true,\"metadata\":{}},{\"name\":\"MarketingEventId\",\"type\":\"integer\",\"nullable\":true,\"metadata\":{}},{\"name\":\"AdvertisingEventId\",\"type\":\"integer\",\"nullable\":true,\"metadata\":{}},{\"name\":\"SalesMethodId\",\"type\":\"integer\",\"nullable\":true,\"metadata\":{}},{\"name\":\"PaymentMethodId\",\"type\":\"integer\",\"nullable\":true,\"metadata\":{}},{\"name\":\"BillingCycleId\",\"type\":\"integer\",\"nullable\":true,\"metadata\":{}},{\"name\":\"ContractId\",\"type\":\"integer\",\"nullable\":true,\"metadata\":{}},{\"name\":\"SalesChannelId\",\"type\":\"integer\",\"nullable\":true,\"metadata\":{}},{\"name\":\"DistributionChannelId\",\"type\":\"integer\",\"nullable\":true,\"metadata\":{}},{\"name\":\"OrderTypeId\",\"type\":\"integer\",\"nullable\":true,\"metadata\":{}},{\"name\":\"OrderClassificationId\",\"type\":\"integer\",\"nullable\":true,\"metadata\":{}},{\"name\":\"RejectionReasonId\",\"type\":\"integer\",\"nullable\":true,\"metadata\":{}},{\"name\":\"OrderProcessingStatusId\",\"type\":\"integer\",\"nullable\":true,\"metadata\":{}},{\"name\":\"IsoCurrencyCode\",\"type\":\"string\",\"nullable\":true,\"metadata\":{}},{\"name\":\"PointOfSaleId\",\"type\":\"integer\",\"nullable\":true,\"metadata\":{}},{\"name\":\"ResponsibilityCenterId\",\"type\":\"integer\",\"nullable\":true,\"metadata\":{}},{\"name\":\"VendorId\",\"type\":\"long\",\"nullable\":true,\"metadata\":{}},{\"name\":\"DeviceId\",\"type\":\"long\",\"nullable\":true,\"metadata\":{}},{\"name\":\"SoftwareProductId\",\"type\":\"long\",\"nullable\":true,\"metadata\":{}},{\"name\":\"SoftwareProductVersionNumber\",\"type\":\"integer\",\"nullable\":true,\"metadata\":{}},{\"name\":\"PromotionOfferId\",\"type\":\"integer\",\"nullable\":true,\"metadata\":{}},{\"name\":\"OrderRecievedTimeStamp\",\"type\":\"timestamp\",\"nullable\":true,\"metadata\":{}},{\"name\":\"ISOCurencyCode\",\"type\":\"string\",\"nullable\":true,\"metadata\":{}}]}","partitionColumns":[],"configuration":{},"createdTime":1709311933811}}
{"add":{"path":"part-00000-d9963045-2aa0-40bd-bf61-36497de7b1c5-c000.snappy.parquet","partitionValues":{},"size":8581,"modificationTime":1709313933592,"dataChange":true,"stats":"{\"numRecords\":590,\"minValues\":{\"OrderId\":20000000000000,\"NumberOfOrderLines\":50,\"OrderActualDeliveryTimestamp\":\"2022-06-21T19:30:30.000Z\"},\"maxValues\":{\"OrderId\":20000000000589,\"NumberOfOrderLines\":1285,\"OrderActualDeliveryTimestamp\":\"2023-12-07T17:00:00.000Z\"},\"nullCount\":{\"OrderId\":0,\"OrderConfirmationNumber\":590,\"OrderEnteredByEmployeeId\":590,\"NumberOfOrderLines\":0,\"OrderReceivedTimestamp\":590,\"OrderEntryTimestamp\":590,\"CustomerCreditCheckTimestamp\":590,\"OrderConfirmationTimestamp\":590,\"OrderRequestedDeliveryDate\":590,\"OrderCommittedDeliveryDate\":590,\"ShipmentConfirmationTimestamp\":590,\"OrderActualDeliveryTimestamp\":0,\"OrderTotalRetailPriceAmount\":590,\"OrderTotalActualSalesPriceAmount\":590,\"OrderTotalAdjustmentPercentage\":590,\"OrderTotalAdjustmentAmount\":590,\"OrderTotalAmount\":590,\"TotalShippingChargeAmount\":590,\"OrderTotalTaxAmount\":590,\"OrderTotalInvoicedAmount\":590,\"TotalGratuityAmount\":590,\"TotalPaidAmount\":590,\"TotalCommissionsPayableAmount\":590,\"SplitCommissionsIndicator\":590,\"OrderBookedDate\":590,\"OrderBilledDate\":590,\"OrderBacklogReportedDate\":590,\"OrderBacklogReleasedDate\":590,\"OrderCancellationDate\":590,\"OrderReturnedDate\":590,\"ShipmentToName\":590,\"ShipmentToLocationId\":590}}","tags":{"VORDER":"true"}}}
