{"schemaVersion":"1.0","appDefinitionTemplate":{"id":"/providers/Microsoft.PowerApps/apps/","type":"Microsoft.PowerApps/apps","tags":{"primaryDeviceWidth":"1366","primaryDeviceHeight":"768","supportsPortrait":"true","supportsLandscape":"true","primaryFormFactor":"Tablet","showStatusBar":"false","publisherVersion":"3.23102.20","minimumRequiredApiVersion":"2.2.0","hasComponent":"false","hasUnlockedComponent":"false","isUnifiedRootApp":"false","sienaVersion":"20231107T234234Z-3.23102.20.0"},"properties":{"appVersion":"2023-11-07T23:42:34Z","lifeCycleId":"Published","createdByClientVersion":{"major":3,"minor":23102,"build":20,"revision":0,"majorRevision":0,"minorRevision":0},"minClientVersion":{"major":3,"minor":23102,"build":20,"revision":0,"majorRevision":0,"minorRevision":0},"backgroundColor":"RGBA(0,176,240,1)","backgroundImageUri":"/15331949236022122235/N0c89a925-4885-440a-ada3-739436fb229c-logoSmallFile","displayName":"FHIRlink Sample - Sample 3","description":"","aiGeneratedDescription":"Empower business users to seamlessly manage patient data with FHIRlink Sample - Sample 3. Easily retrieve and display patient information, update patient records, and view encounter history all in one app.","commitMessage":"","appUris":{"documentUri":{"value":"/15331949236022122235/N19b34dd4-f1d2-4ff7-b2cd-f00a585938df-document.msapp"},"imageUris":[],"additionalUris":[]},"createdTime":"0001-01-01T00:00:00Z","lastModifiedTime":"0001-01-01T00:00:00Z","sharedGroupsCount":0,"sharedUsersCount":0,"connectionReferences":{"1e79d9c4-5a67-4f7d-b0e0-cc46037bfee7":{"id":"b40a2716-a0e3-48a7-a7de-0f1b94ec6c9b","displayName":"FHIRlink","iconUri":"https://connectoricons-prod.azureedge.net/u/v-sriyen/FHIRLinkFastrackTrain/1.0.1644.3336/fhirlink/icon.png","dataSources":["FHIRlink"],"dependencies":[],"dependents":[],"parameterHints":{},"parameterHintsV2":{},"isOnPremiseConnection":false,"bypassConsent":false,"dataSets":{},"apiTier":"Premium","isCustomApiConnection":false,"authenticationType":"azure-shared-app","actions":["ListResources","GetResource"]}},"databaseReferences":{},"almMode":"Solution","performanceOptimizationEnabled":true,"canConsumeAppPass":true,"enableModernRuntimeMode":false,"executionRestrictions":{"isTeamsOnly":false,"dataLossPreventionEvaluationResult":{"status":"Compliant","lastEvaluationDate":"2023-11-07T16:22:38.5975557Z","violations":[],"violationsByPolicy":[],"violationErrorMessage":"The app uses the following connectors: shared_fhirlink."}}},"appType":"ClassicCanvasApp","appComponents":[]}}