ID,OR,SR,OR-Description,SR-Description,startTime,endTime,ScheduleStatus,Duration,Product,Quantity,quantityUnitOfMeasure,BOMIngredient,BOMQuantity,BOMuom,WorkCenter
6754520,0125074001001,0125074001001,BAKING,BAKING,16-03-2023 07:36,16-03-2023 11:46,Completed,4,PITXMPL960G35,2000,g,XMPL-BSC00E5,2000,g,BREADBLAST05
6714079,0124789001001,0124789001001,BAKING,BAKING,03-03-2023 11:22,04-03-2023 01:32,Completed,14,PITXMPL720G46,4500,g,XMPL-BLD45,6000,g,BREADBLAST07
6727022,0124874001001,0124874001001,BAKING,BAKING,07-03-2023 00:30,08-03-2023 00:08,Completed,23,PITXMPL540G46,5625,g,XMPL-BLD45,10000,g,BREADBLAST07
6818712,0125264001001,0125264001001,BAKING,BAKING,02-04-2023 13:15,05-04-2023 03:48,Completed,62,PITXMPL640G43,20000.01,g,XMPL-BSC00E5,30000,g,BREADBLAST05
6818713,0125264001001,0125264001001_001,BAKING,BAKING,02-04-2023 13:15,05-04-2023 03:48,Completed,62,PITXMPL320G43,9999.99,g,VIST-MXX,0E-10,g,BREADBLAST05
6610280,0124393001001,0124393001001,BAKING,BAKING,02-02-2023 13:00,03-02-2023 09:51,Completed,20,PITXMPL900G43,10000,g,XMPL-BSC00,10000,g,BREADBLAST04
6863083,0125309001001,0125309001001,BAKING,BAKING,17-04-2023 15:30,20-04-2023 13:04,Completed,69,LOAXMPL860G22,28000,g,XMPL-FRM150,28000,g,BREADBLAST06
6814992,0125346001001,0125346001001,BAKING,BAKING,02-04-2023 13:02,03-04-2023 03:12,Completed,14,PITXMPL560G46,3499.998,g,XMPL-BLD45,6000,g,BREADBLAST07
6814993,0125346001001,0125346001001_001,BAKING,BAKING,02-04-2023 13:02,03-04-2023 03:12,Completed,14,PITXMPL400G46,2500.002,g,VIST-MXX,0E-10,g,BREADBLAST07
6808396,0125269001001,0125269001001,BAKING,BAKING,28-03-2023 17:20,29-03-2023 16:58,Completed,23,PITXMPL900G46,10000,g,XMPL-BLD45,10000,g,BREADBLAST04
6859833,0125459001001,0125459001001,BAKING,BAKING,10-04-2023 12:09,11-04-2023 09:00,Completed,20,PITXMPL960G43,10000,g,XMPL-BSC00E5,10000,g,BREADBLAST05
6802194,0125263001001,0125263001001,BAKING,BAKING,28-03-2023 08:04,31-03-2023 19:28,Completed,83,PITXMPL960G43,40000,g,XMPL-BSC00E5,40000,g,BREADBLAST05
6819237,0125304001001,0125304001001,BAKING,BAKING,04-04-2023 11:25,05-04-2023 15:05,Completed,27,BAGGBTR760G69,10000,g,GBTR-LG42,11904.7619,g,BREADBLAST04
7019441,0125541001001,0125541001001,BAKING,BAKING,15-05-2023 03:08,16-05-2023 12:29,Completed,33,PITXMPL900G35,16000,g,XMPL-BSC00,16000,g,BREADBLAST04
6863420,0125365001001,0125365001001,BAKING,BAKING,18-04-2023 02:39,18-04-2023 19:19,Completed,16,PITXMPL480G43,8000,g,XMPL-BSC00E5,8000,g,BREADBLAST05
6848154,0125539001001,0125539001001,BAKING,BAKING,13-04-2023 21:41,14-04-2023 18:32,Completed,20,PITXMPL960G29,10000,g,XMPL-FRM100,10000,g,BREADBLAST06
6929124,0125623001001,0125623001001,BAKING,BAKING,05-05-2023 07:26,08-05-2023 18:50,Completed,83,PITXMPL900G43,40000,g,XMPL-BSC00,40000,g,BREADBLAST04
6774844,0125142001001,0125142001001,BAKING,BAKING,23-03-2023 08:16,24-03-2023 14:05,Completed,29,LOAXMPL860G22,12000,g,XMPL-FRM150,12000,g,BREADBLAST06
6687638,0124631001001,0124631001001,BAKING,BAKING,19-02-2023 03:44,20-02-2023 01:52,Completed,22,BAGGBTR680G75,5666.664,g,GBTR-LG35,8000,g,BREADBLAST07
6691920,0124721001001,0124721001001,BAKING,BAKING,23-02-2023 05:06,23-02-2023 17:36,Completed,12,PITXMPL440G43,6000,g,XMPL-BSC00,6000,g,BREADBLAST04
6679696,0124706001001,0124706001001,BAKING,BAKING,23-02-2023 18:15,24-02-2023 02:35,Completed,8,PITXMPL520G29,2168,g,XMPL-FRM100,4000,g,BREADBLAST06
6693528,0124773001001,0124773001001,BAKING,BAKING,24-02-2023 05:31,25-02-2023 02:22,Completed,20,PITXMPL900G43,10000,g,XMPL-BSC00,10000,g,BREADBLAST04
6682984,0123672001001,0123672001001,BAKING,BAKING,18-02-2023 00:03,19-02-2023 03:43,Completed,27,BAGGBTR960G75,10000,g,GBTR-LG35,10000,g,BREADBLAST07
6662876,0124633001001,0124633001001,BAKING,BAKING,15-02-2023 11:08,16-02-2023 09:16,Completed,22,BAGGBTR600G69,5000,g,GBTR-LG42,8000,g,BREADBLAST07
6677379,0124707001001,0124707001001,BAKING,BAKING,03-03-2023 13:42,04-03-2023 06:22,Completed,16,PITXMPL960G43,8000,g,XMPL-BSC00,8000,g,BREADBLAST07
6638952,0124447001001,0124447001001,BAKING,BAKING,06-02-2023 20:08,09-02-2023 19:02,Completed,70,PITXMPL660G46,20625,g,XMPL-BLD45,30000,g,BREADBLAST05
6623681,0124319001001,0124319001001,BAKING,BAKING,05-02-2023 06:18,05-02-2023 20:28,Completed,14,PITXMPL720G46,4500,g,XMPL-BLD45,6000,g,BREADBLAST05
6896731,0125155001001,0125155001001,BAKING,BAKING,27-04-2023 22:17,28-04-2023 14:53,Completed,16,BAGGBTR560G75,3499.8,g,GBTR-LG35,6000,g,BREADBLAST07
6896732,0125155001001,0125155001001_001,BAKING,BAKING,27-04-2023 22:17,28-04-2023 14:53,Completed,16,BAGGBTR400G75,2500.2,g,VIST-MXX,0E-10,g,BREADBLAST07
6766539,0125018001001,0125018001001,BAKING,BAKING,21-03-2023 06:00,22-03-2023 02:51,Completed,20,PITXMPL800G29T,10000,g,XMPL-FRM150TT,12048.19277,g,BREADBLAST06
6621336,0124452001001,0124452001001,BAKING,BAKING,10-02-2023 02:00,10-02-2023 10:20,Completed,8,PITXMPL800G43,4000,g,XMPL-BSC00,4545.454545,g,BREADBLAST04
7263612,0127469001001,0127469001001,BAKING,BAKING,13-08-2023 05:46,14-08-2023 23:28,Started,41,PITXMPL960G43,20000,g,XMPL-BSC00E5,20000,g,BREADBLAST07
7264633,0127308001001,0127308001001,BAKING,BAKING,03-08-2023 18:22,07-08-2023 12:10,PAUSE,89,PITXMPL960G46,38000,g,XMPL-BLD45E5,38000,g,BREADBLAST05
7246876,0127242001001,0127242001001,BAKING,BAKING,24-07-2023 23:52,25-07-2023 16:32,Completed,16,PITXMPL520G29,4336,g,XMPL-FRM100,8000,g,BREADBLAST06
7048798,0126394001001,0126394001001,BAKING,BAKING,04-06-2023 09:45,05-06-2023 02:25,Completed,16,PITXMPL560G29,4664,g,XMPL-FRM100,8000,g,BREADBLAST06
7142979,0126800001001,0126800001001,BAKING,BAKING,26-06-2023 12:49,27-06-2023 09:40,Completed,20,PITXMPL560G43,5833.33,g,XMPL-BSC00E5,10000,g,BREADBLAST05
7050513,0126445001001,0126445001001,BAKING,BAKING,05-06-2023 02:26,05-06-2023 14:56,Completed,12,PITXMPL720G29,4500,g,XMPL-FRM100,6000,g,BREADBLAST06
6762932,0125108001001,0125108001001,BAKING,BAKING,18-03-2023 20:46,20-03-2023 00:26,Completed,27,BAGGBTR680G69,7083.33,g,GBTR-LG42,10000,g,BREADBLAST07
6762933,0125108001001,0125108001001_001,BAKING,BAKING,18-03-2023 20:46,20-03-2023 00:26,Completed,27,BAGGBTR280G69,2916.67,g,VIST-MXX,0E-10,g,BREADBLAST07
6748736,0124710001001,0124710001001,BAKING,BAKING,24-02-2023 03:36,25-02-2023 09:25,Completed,29,LOAXMPL760G22,12000,g,XMPL-FRM150,13636.36364,g,BREADBLAST06
6953239,0125494001001,0125494001001,BAKING,BAKING,06-05-2023 23:56,09-05-2023 14:29,Completed,62,PITXMPL800G29T,30000,g,XMPL-FRM150TT,36144.57831,g,BREADBLAST06
6820964,0125345001001,0125345001001,BAKING,BAKING,03-04-2023 22:08,04-04-2023 12:18,Completed,14,PITXMPL580G46,3625.002,g,XMPL-BLD45,6000,g,BREADBLAST07
6820965,0125345001001,0125345001001_001,BAKING,BAKING,03-04-2023 22:08,04-04-2023 12:18,Completed,14,PITXMPL380G46,2374.998,g,VIST-MXX,0E-10,g,BREADBLAST07
6730180,0124870001001,0124870001001,BAKING,BAKING,08-03-2023 02:13,09-03-2023 07:24,Completed,29,PITXMPL560G43,8166.662,g,XMPL-BSC00E5,14000,g,BREADBLAST05
6666717,0124451001001,0124451001001,BAKING,BAKING,16-02-2023 20:22,18-02-2023 00:02,Completed,27,BAGGBTR600G75,6250,g,GBTR-LG35,10000,g,BREADBLAST07
6678713,0124671001001,0124671001001,BAKING,BAKING,23-02-2023 01:35,23-02-2023 18:15,Completed,16,PITXMPL560G29,4664,g,XMPL-FRM100,8000,g,BREADBLAST06
6760178,0125077001001,0125077001001,BAKING,BAKING,18-03-2023 09:41,18-03-2023 20:45,Completed,11,BAGGBTR600G78,2500,g,GBTR-LG55,4000,g,BREADBLAST07
6762615,0125121001001,0125121001001_001,BAKING,BAKING,19-03-2023 16:27,20-03-2023 00:47,Completed,8,PITXMPL240G29,1000,g,VIST-MXX,0E-10,g,BREADBLAST06
6711997,0124704001001,0124704001001,BAKING,BAKING,01-03-2023 08:26,03-03-2023 15:46,Completed,55,BAGGBTR540G75,11250,g,GBTR-LG35,20000,g,BREADBLAST07
6723937,0124834001001,0124834001001,BAKING,BAKING,04-03-2023 01:33,07-03-2023 00:27,Completed,70,PITXMPL960G46,30000,g,XMPL-BLD45,30000,g,BREADBLAST07
6891455,0125153001001,0125153001001,BAKING,BAKING,26-04-2023 07:31,27-04-2023 05:39,Completed,22,BAGGBTR680G75,5666.664,g,GBTR-LG35,8000,g,BREADBLAST07
6891456,0125153001001,0125153001001_001,BAKING,BAKING,26-04-2023 07:31,27-04-2023 05:39,Completed,22,BAGGBTR280G75,2333.336,g,VIST-MXX,0E-10,g,BREADBLAST07
6835037,0125465001001,0125465001001,BAKING,BAKING,08-04-2023 22:13,09-04-2023 12:23,Completed,14,PITXMPL680G46,4248,g,XMPL-BLD45,6000,g,BREADBLAST07
6835038,0125465001001,0125465001001_001,BAKING,BAKING,08-04-2023 22:13,09-04-2023 12:23,Completed,14,PITXMPL280G46,1752,g,VIST-MXX,0E-10,g,BREADBLAST07
6691219,0124670001001,0124670001001,BAKING,BAKING,20-02-2023 01:53,21-02-2023 05:33,Completed,27,BAGGBTR520G75,5600,g,GBTR-LG35,10000,g,BREADBLAST07
6653074,0124405001001,0124405001001,BAKING,BAKING,07-02-2023 13:41,08-02-2023 00:45,Completed,11,BAGGBTR620G75,2755.6,g,GBTR-LG35,4000,g,BREADBLAST04
6810069,0125368001001,0125368001001,BAKING,BAKING,01-04-2023 03:40,02-04-2023 13:01,Completed,33,PITXMPL600G35,10000,g,XMPL-BSC00,16000,g,BREADBLAST07
6810070,0125368001001,0125368001001_001,BAKING,BAKING,01-04-2023 03:40,02-04-2023 13:01,Completed,33,PITXMPL360G35,6000,g,VIST-MXX,0E-10,g,BREADBLAST07
6645050,0124496001001,0124496001001,BAKING,BAKING,11-02-2023 06:52,12-02-2023 03:43,Completed,20,PITXMPL960G29,10000,g,XMPL-FRM100,10000,g,BREADBLAST06
6702287,0124703001001,0124703001001,BAKING,BAKING,24-02-2023 17:41,01-03-2023 08:21,Completed,110,BAGGBTR520G75,22400,g,GBTR-LG35,40000,g,BREADBLAST07
6759367,0125120001001,0125120001001,BAKING,BAKING,27-03-2023 07:10,27-03-2023 12:42,Completed,5,BAGGBTR960G78,2000,g,GBTR-LG55,2000,g,BREADBLAST07
6771831,0125021001001,0125021001001,BAKING,BAKING,27-03-2023 21:21,29-03-2023 01:01,Completed,27,BAGGBTR680G75,7083.33,g,GBTR-LG35,10000,g,BREADBLAST07
7177760,0126994001001,0126994001001,BAKING,BAKING,07-07-2023 02:43,07-07-2023 23:34,Completed,20,PITXMPL520G29,5420,g,XMPL-FRM100,10000,g,BREADBLAST06
6898160,0125740001001,0125740001001,BAKING,BAKING,28-04-2023 11:18,29-04-2023 08:09,Completed,20,PITXMPL960G43,10000,g,XMPL-BSC00E5,10000,g,BREADBLAST05
6888930,0125564001001,0125564001001,BAKING,BAKING,25-04-2023 03:50,26-04-2023 07:30,Completed,27,BAGGBTR640G75,6667,g,GBTR-LG35,10000,g,BREADBLAST07
6777392,0125200001001,0125200001001,BAKING,BAKING,25-03-2023 09:00,26-03-2023 05:51,Completed,20,PITXMPL960G43,10000,g,XMPL-BSC00E5,10000,g,BREADBLAST05
6726768,0124869001001,0124869001001,BAKING,BAKING,06-03-2023 08:29,08-03-2023 02:11,Completed,41,PITXMPL960G43,20000,g,XMPL-BSC00E5,20000,g,BREADBLAST05
7101070,0126668001001,0126668001001,BAKING,BAKING,17-06-2023 08:34,18-06-2023 01:14,Completed,16,PITXMPL520G43,4333.336,g,XMPL-BSC00,8000,g,BREADBLAST06
6890703,0125667001001,0125667001001,BAKING,BAKING,24-04-2023 14:00,27-04-2023 12:53,Completed,70,PITXMPL600G43,21250,g,XMPL-BSC00E5,34000,g,BREADBLAST05
6937537,0125791001001,0125791001001,BAKING,BAKING,29-04-2023 16:34,01-05-2023 10:16,Completed,41,PITXMPL960G35,20000,g,XMPL-BSC00E5,20000,g,BREADBLAST06
6990390,0126066001001,0126066001001,BAKING,BAKING,17-05-2023 21:05,18-05-2023 22:06,Completed,25,PITXMPL600G29,7500,g,XMPL-FRM100,12000,g,BREADBLAST06
7011074,0126207001001,0126207001001,BAKING,BAKING,12-06-2023 00:21,12-06-2023 23:59,Completed,23,PITXMPL600G46,6250,g,XMPL-BLD45,10000,g,BREADBLAST07
6934896,0125854001001,0125854001001,BAKING,BAKING,05-05-2023 13:10,06-05-2023 05:50,Completed,16,PITXMPL640G35,5333.336,g,XMPL-BSC00E5,8000,g,BREADBLAST07
6950743,0125857001001,0125857001001,BAKING,BAKING,10-05-2023 15:52,11-05-2023 04:22,Completed,12,PITXMPL480G35,6000,g,XMPL-BSC00E5,6000,g,BREADBLAST07
6672821,0124449001001,0124449001001,BAKING,BAKING,18-02-2023 00:51,19-02-2023 10:12,Completed,33,ROUNDXMPL580G23,9666.672,g,XMPL-FRM150GRT,16701.46138,g,BREADBLAST06
6818172,0125266001001,0125266001001,BAKING,BAKING,03-04-2023 03:13,03-04-2023 22:07,Completed,18,PITXMPL640G46,5333.336,g,XMPL-BLD45,8000,g,BREADBLAST07
6818173,0125266001001,0125266001001_001,BAKING,BAKING,03-04-2023 03:13,03-04-2023 22:07,Completed,18,PITXMPL320G46,2666.664,g,VIST-MXX,0E-10,g,BREADBLAST07
6839235,0125307001001,0125307001001,BAKING,BAKING,10-04-2023 09:00,11-04-2023 14:11,Completed,29,PITXMPL600G29,8750,g,XMPL-FRM100,14000,g,BREADBLAST06
6839236,0125307001001,0125307001001_001,BAKING,BAKING,10-04-2023 09:00,11-04-2023 14:11,Completed,29,PITXMPL360G29,5250,g,VIST-MXX,0E-10,g,BREADBLAST06
6781022,0125198001001,0125198001001,BAKING,BAKING,26-03-2023 06:00,27-03-2023 11:11,Completed,29,PITXMPL520G43,7583.338,g,XMPL-BSC00E5,14000,g,BREADBLAST05
6781023,0125198001001,0125198001001_001,BAKING,BAKING,26-03-2023 06:00,27-03-2023 11:11,Completed,29,PITXMPL440G43,6416.662,g,VIST-MXX,0E-10,g,BREADBLAST05
6735422,0124871001001,0124871001001,BAKING,BAKING,09-03-2023 07:25,10-03-2023 12:36,Completed,29,PITXMPL580G43,8458.338,g,XMPL-BSC00E5,14000,g,BREADBLAST05
6680840,0124634001001,0124634001001,BAKING,BAKING,03-03-2023 02:38,03-03-2023 13:42,Completed,11,BAGGBTR640G69,2666.668,g,GBTR-LG42,4000,g,BREADBLAST07
6764594,0125094001001,0125094001001,BAKING,BAKING,20-03-2023 00:48,21-03-2023 05:59,Completed,29,PITXMPL960G29,14000,g,XMPL-FRM100,14000,g,BREADBLAST06
6795893,0125265001001,0125265001001,BAKING,BAKING,29-03-2023 00:18,30-03-2023 14:06,Completed,37,PITXMPL960G46,16000,g,XMPL-BLD45,16000,g,BREADBLAST07
6919349,0125785001001,0125785001001,BAKING,BAKING,02-05-2023 00:47,03-05-2023 09:52,Completed,33,PITXMPL640G46,9333.338,g,XMPL-BLD45E5,14000,g,BREADBLAST05
6894757,0125154001001,0125154001001,BAKING,BAKING,27-04-2023 05:40,27-04-2023 22:16,Completed,16,BAGGBTR480G75,6000,g,GBTR-LG35,6000,g,BREADBLAST07
6879381,0125579001001,0125579001001,BAKING,BAKING,20-04-2023 04:42,24-04-2023 04:36,Completed,95,PITXMPL960G43,46000,g,XMPL-BSC00E5,46000,g,BREADBLAST05
6899318,0125742001001,0125742001001,BAKING,BAKING,27-04-2023 10:20,28-04-2023 07:11,Completed,20,PITXMPL960G29,10000,g,XMPL-FRM100,10000,g,BREADBLAST06
6804856,0125322001001,0125322001001,BAKING,BAKING,31-03-2023 10:59,01-04-2023 03:39,Completed,16,PITXMPL640G35,5333.336,g,XMPL-BSC00,8000,g,BREADBLAST07
6804857,0125322001001,0125322001001_001,BAKING,BAKING,31-03-2023 10:59,01-04-2023 03:39,Completed,16,PITXMPL320G35,2666.664,g,VIST-MXX,0E-10,g,BREADBLAST07
6835004,0125456001001,0125456001001,BAKING,BAKING,10-04-2023 08:26,11-04-2023 12:06,Completed,27,BAGGBTR540G75,6000,g,GBTR-LG35,10000,g,BREADBLAST04
6835005,0125456001001,0125456001001_001,BAKING,BAKING,10-04-2023 08:26,11-04-2023 12:06,Completed,27,BAGGBTR360G75,4000,g,VIST-MXX,0E-10,g,BREADBLAST04
6843205,0125308001001,0125308001001,BAKING,BAKING,12-04-2023 02:43,12-04-2023 11:03,Completed,8,PITXMPL620G29,2583.6,g,XMPL-FRM100,4000,g,BREADBLAST06
6843206,0125308001001,0125308001001_001,BAKING,BAKING,12-04-2023 02:43,12-04-2023 11:03,Completed,8,PITXMPL340G29,1416.4,g,VIST-MXX,0E-10,g,BREADBLAST06
6902058,0125548001001,0125548001001,BAKING,BAKING,23-04-2023 11:42,25-04-2023 01:30,Completed,37,PITXMPL660G46,11000,g,XMPL-BLD45,16000,g,BREADBLAST07
6832137,0125461001001,0125461001001,BAKING,BAKING,09-04-2023 15:18,10-04-2023 03:48,Completed,12,PITXMPL600G35,3750,g,XMPL-BSC00E5,6000,g,BREADBLAST05
6832138,0125461001001,0125461001001_001,BAKING,BAKING,09-04-2023 15:18,10-04-2023 03:48,Completed,12,PITXMPL360G35,2250,g,VIST-MXX,0E-10,g,BREADBLAST05
6901633,0125790001001,0125790001001,BAKING,BAKING,28-04-2023 07:12,29-04-2023 04:03,Completed,20,PITXMPL600G35,6250,g,XMPL-BSC00E5,10000,g,BREADBLAST06
6875253,0125672001001,0125672001001,BAKING,BAKING,05-05-2023 12:13,06-05-2023 09:04,Completed,20,PITXMPL560G43,5833.33,g,XMPL-BSC00,10000,g,BREADBLAST07
7120554,0126728001001,0126728001001,BAKING,BAKING,20-06-2023 07:29,20-06-2023 19:59,Completed,12,ROUNDXMPL520G23,3250.2,g,XMPL-FRM125,6000,g,BREADBLAST06
7134015,0126806001001,0126806001001,BAKING,BAKING,24-06-2023 21:14,25-06-2023 07:10,Completed,9,LOAXMPL500G22,2325.6,g,XMPL-FRM150,4000,g,BREADBLAST06
6620234,0124322001001,0124322001001,BAKING,BAKING,02-02-2023 03:00,02-02-2023 23:51,Completed,20,PITXMPL800G43,10000,g,XMPL-BSC00,11363.63636,g,BREADBLAST04
6625447,0124446001001,0124446001001,BAKING,BAKING,05-02-2023 20:29,06-02-2023 20:07,Completed,23,PITXMPL600G46,6250,g,XMPL-BLD45,10000,g,BREADBLAST05
7216796,0127186001001,0127186001001,BAKING,BAKING,18-07-2023 05:57,19-07-2023 02:48,Completed,20,PITXMPL520G35,5416.67,g,XMPL-BSC00,10000,g,BREADBLAST06
6978957,0126037001001,0126037001001,BAKING,BAKING,17-05-2023 17:40,18-05-2023 02:00,Completed,8,PITXMPL540G35,2250,g,XMPL-BSC00,4000,g,BREADBLAST07
7029755,0126347001001,0126347001001,BAKING,BAKING,07-06-2023 01:16,07-06-2023 12:20,Completed,11,BAGGBTR560G78,2333.2,g,GBTR-LG55,4000,g,BREADBLAST07
6772279,0125190001001,0125190001001,BAKING,BAKING,23-03-2023 15:50,23-03-2023 20:00,Completed,4,PITXMPL960G35,2000,g,XMPL-BSC00,2000,g,BREADBLAST07
6678750,0124603001001,0124603001001,BAKING,BAKING,17-02-2023 10:00,20-02-2023 08:54,Completed,70,PITXMPL900G46,30000,g,XMPL-BLD45,30000,g,BREADBLAST04
6760910,0125019001001,0125019001001,BAKING,BAKING,15-03-2023 15:10,19-03-2023 02:34,Completed,83,PITXMPL720G29,30000,g,XMPL-FRM100,40000,g,BREADBLAST06
7063695,0126273001001,0126273001001,BAKING,BAKING,03-06-2023 05:58,04-06-2023 11:09,Completed,29,PITXMPL680G43,9916.662,g,XMPL-BSC00E5,14000,g,BREADBLAST05
6715848,0124923001001,0124923001001,BAKING,BAKING,07-03-2023 23:59,08-03-2023 04:09,Completed,4,PITXMPL960G43,2000,g,XMPL-BSC00,2000,g,BREADBLAST07
6748519,0125000001001,0125000001001,BAKING,BAKING,14-03-2023 11:39,15-03-2023 06:33,Completed,18,PITXMPL580G46,4833.336,g,XMPL-BLD45E5,8000,g,BREADBLAST05
6738518,0124872001001,0124872001001,BAKING,BAKING,10-03-2023 15:12,11-03-2023 03:42,Completed,12,PITXMPL640G43,4000.002,g,XMPL-BSC00E5,6000,g,BREADBLAST05
6676699,0124557001001,0124557001001,BAKING,BAKING,19-02-2023 10:13,21-02-2023 07:49,Completed,45,PITXMPL600GRG29,10000,g,XMPL-FRM100GR,16000,g,BREADBLAST06
6698118,0124785001001,0124785001001,BAKING,BAKING,25-02-2023 02:23,27-02-2023 00:15,Completed,45,PITXMPL900G35,22000,g,XMPL-BSC00,22000,g,BREADBLAST04
6686123,0124582001001,0124582001001,BAKING,BAKING,21-02-2023 07:51,23-02-2023 01:33,Completed,41,PITXMPL960G29,20000,g,XMPL-FRM100,20000,g,BREADBLAST06
6664818,0124669001001,0124669001001,BAKING,BAKING,20-02-2023 16:00,20-02-2023 20:10,Completed,4,PITXMPL520G43,1155.556,g,XMPL-BSC00,2000,g,BREADBLAST04
7104678,0126669001001,0126669001001,BAKING,BAKING,18-06-2023 01:16,18-06-2023 22:07,Completed,20,PITXMPL640G43,6666.67,g,XMPL-BSC00,10000,g,BREADBLAST06
6660013,0124632001001,0124632001001,BAKING,BAKING,15-02-2023 05:36,15-02-2023 11:08,Completed,5,BAGGBTR960G69,2000,g,GBTR-LG42,2000,g,BREADBLAST07
7134442,0126665001001,0126665001001,BAKING,BAKING,22-06-2023 21:41,24-06-2023 20:57,Completed,47,PITXMPL900G46,20000,g,XMPL-BLD45,20000,g,BREADBLAST04
7185998,0126996001001,0126996001001,BAKING,BAKING,10-07-2023 05:48,11-07-2023 06:39,Completed,24,LOAXMPL760G22,10000,g,XMPL-FRM150,11363.63636,g,BREADBLAST06
6713418,0124851001001,0124851001001,BAKING,BAKING,27-02-2023 06:16,28-02-2023 23:58,Completed,41,PITXMPL960G35,20000,g,XMPL-BSC00E5,20000,g,BREADBLAST05
6695937,0124705001001,0124705001001,BAKING,BAKING,28-02-2023 03:41,03-03-2023 02:35,Completed,70,PITXMPL960G46,30000,g,XMPL-BLD45,30000,g,BREADBLAST07
6704438,0124786001001,0124786001001,BAKING,BAKING,27-02-2023 01:00,01-03-2023 15:33,Completed,62,PITXMPL960G35,30000,g,XMPL-BSC00,30000,g,BREADBLAST05
6843809,0125352001001,0125352001001,BAKING,BAKING,10-04-2023 16:05,12-04-2023 06:49,Completed,38,BAGGBTR720G78,10500,g,GBTR-LG55,14000,g,BREADBLAST07
6843810,0125352001001,0125352001001_001,BAKING,BAKING,10-04-2023 16:05,12-04-2023 06:49,Completed,38,BAGGBTR240G78,3500,g,VIST-MXX,0E-10,g,BREADBLAST07
6695906,0124497001001,0124497001001,BAKING,BAKING,09-02-2023 04:57,10-02-2023 05:58,Completed,25,PITXMPL520G43,6500.004,g,XMPL-BSC00,12000,g,BREADBLAST05
6715479,0124854001001,0124854001001,BAKING,BAKING,03-03-2023 13:44,04-03-2023 18:55,Completed,29,PITXMPL960G43,14000,g,XMPL-BSC00E5,14000,g,BREADBLAST05
6902461,0125745001001,0125745001001,BAKING,BAKING,29-04-2023 01:52,30-04-2023 15:40,Completed,37,PITXMPL560G46,9333.328,g,XMPL-BLD45E5,16000,g,BREADBLAST05
7089087,0126618001001,0126618001001,BAKING,BAKING,14-06-2023 07:29,14-06-2023 19:59,Completed,12,PITXMPL640G35,4000.002,g,XMPL-BSC00,6000,g,BREADBLAST06
7086146,0126549001001,0126549001001,BAKING,BAKING,15-06-2023 00:25,15-06-2023 12:55,Completed,12,PITXMPL520G29,3252,g,XMPL-FRM100,6000,g,BREADBLAST06
7083138,0126281001001,0126281001001,BAKING,BAKING,08-06-2023 10:08,09-06-2023 19:20,Completed,33,BAGGBTR960G75,12000,g,GBTR-LG35,12000,g,BREADBLAST07
7082190,0126547001001,0126547001001,BAKING,BAKING,12-06-2023 22:21,14-06-2023 16:03,Completed,41,PITXMPL960G29,20000,g,XMPL-FRM100,20000,g,BREADBLAST06
7139258,0126836001001,0126836001001,BAKING,BAKING,26-06-2023 11:40,26-06-2023 20:00,Completed,8,PITXMPL960G43,4000,g,XMPL-BSC00E5,4000,g,BREADBLAST05
6945458,0125789001001,0125789001001,BAKING,BAKING,06-05-2023 12:31,06-05-2023 23:55,Completed,11,LOAXMPL580G22,4000,g,XMPL-FRM150GR,5970.149254,g,BREADBLAST06
6935628,0125957001001,0125957001001,BAKING,BAKING,05-05-2023 06:18,06-05-2023 05:56,Completed,23,PITXMPL660G46,6875,g,XMPL-BLD45E5,10000,g,BREADBLAST05
7089184,0125545001001,0125545001001,BAKING,BAKING,11-06-2023 12:28,12-06-2023 21:33,Completed,33,PITXMPL480G46,7467.6,g,XMPL-BLD45,14000,g,BREADBLAST04
7080409,0126203001001,0126203001001,BAKING,BAKING,09-06-2023 13:10,13-06-2023 11:42,Completed,94,PITXMPL900G46,40000,g,XMPL-BLD45,40000,g,BREADBLAST04
7183740,0126959001001,0126959001001,BAKING,BAKING,08-07-2023 20:26,10-07-2023 05:47,Completed,33,PITXMPL800G29T,16000,g,XMPL-FRM150TT,19277.10843,g,BREADBLAST06
7077966,0126285001001,0126285001001,BAKING,BAKING,11-06-2023 20:04,12-06-2023 12:40,Completed,16,BAGGBTR680G75,4249.998,g,GBTR-LG35,6000,g,BREADBLAST07
7093958,0126615001001,0126615001001,BAKING,BAKING,13-06-2023 15:50,13-06-2023 20:00,Completed,4,PITXMPL960G35,2000,g,XMPL-BSC00E5,2000,g,BREADBLAST05
6772239,0125089001001,0125089001001,BAKING,BAKING,20-03-2023 15:54,22-03-2023 01:15,Completed,33,PITXMPL520G43,8666.672,g,XMPL-BSC00E5,16000,g,BREADBLAST05
6787113,0125197001001,0125197001001,BAKING,BAKING,24-03-2023 02:00,26-03-2023 01:16,Completed,47,PITXMPL960G46,20000,g,XMPL-BLD45,20000,g,BREADBLAST07
6717919,0124855001001,0124855001001,BAKING,BAKING,04-03-2023 18:56,06-03-2023 08:27,Completed,37,PITXMPL600G43,11250,g,XMPL-BSC00E5,18000,g,BREADBLAST05
6914790,0125787001001,0125787001001,BAKING,BAKING,01-05-2023 10:18,03-05-2023 02:03,Completed,39,LOAXMPL860G22,16000,g,XMPL-FRM150,16000,g,BREADBLAST06
6854184,0125463001001,0125463001001,BAKING,BAKING,14-04-2023 22:52,17-04-2023 15:28,Completed,64,LOAXMPL760G22,26000,g,XMPL-FRM150,29545.45454,g,BREADBLAST06
6857189,0125578001001,0125578001001,BAKING,BAKING,16-04-2023 17:15,17-04-2023 05:45,Completed,12,PITXMPL600G35,3750,g,XMPL-BSC00E5,6000,g,BREADBLAST05
6830736,0125301001001,0125301001001,BAKING,BAKING,08-04-2023 17:40,09-04-2023 04:44,Completed,11,BAGGBTR560G75,2488.888,g,GBTR-LG35,4000,g,BREADBLAST04
6830737,0125301001001,0125301001001_001,BAKING,BAKING,08-04-2023 17:40,09-04-2023 04:44,Completed,11,BAGGBTR340G75,1511.112,g,VIST-MXX,0E-10,g,BREADBLAST04
6843940,0125538001001,0125538001001,BAKING,BAKING,12-04-2023 06:51,12-04-2023 12:23,Completed,5,BAGGBTR600G78,1250,g,GBTR-LG55,2000,g,BREADBLAST07
7101106,0126399001001,0126399001001,BAKING,BAKING,15-06-2023 16:00,17-06-2023 09:42,Completed,41,PITXMPL800G43,20000,g,XMPL-BSC00,22727.27273,g,BREADBLAST04
7103716,0126544001001,0126544001001,BAKING,BAKING,15-06-2023 16:27,18-06-2023 15:21,Completed,70,PITXMPL600G46,18750,g,XMPL-BLD45,30000,g,BREADBLAST07
7075267,0126284001001,0126284001001,BAKING,BAKING,11-06-2023 08:59,11-06-2023 20:03,Completed,11,BAGGBTR580G75,2416.8,g,GBTR-LG35,4000,g,BREADBLAST07
6755255,0124836001001,0124836001001,BAKING,BAKING,27-02-2023 09:00,28-02-2023 01:40,Completed,16,PITXMPL440G35,8000,g,XMPL-BSC00,8000,g,BREADBLAST04
6764928,0125109001001,0125109001001,BAKING,BAKING,20-03-2023 00:27,20-03-2023 17:03,Completed,16,BAGGBTR640G69,4000.002,g,GBTR-LG42,6000,g,BREADBLAST07
6764929,0125109001001,0125109001001_001,BAKING,BAKING,20-03-2023 00:27,20-03-2023 17:03,Completed,16,BAGGBTR320G69,1999.998,g,VIST-MXX,0E-10,g,BREADBLAST07
6863028,0125583001001,0125583001001,BAKING,BAKING,17-04-2023 12:00,18-04-2023 13:01,Completed,25,PITXMPL560G43,6999.996,g,XMPL-BSC00,12000,g,BREADBLAST07
6746637,0124999001001,0124999001001,BAKING,BAKING,13-03-2023 05:46,14-03-2023 05:24,Completed,23,PITXMPL960G46,10000,g,XMPL-BLD45E5,10000,g,BREADBLAST05
6635459,0124494001001,0124494001001,BAKING,BAKING,08-02-2023 19:49,09-02-2023 19:27,Completed,23,PITXMPL960G46,10000,g,XMPL-BLD45,10000,g,BREADBLAST07
6761174,0125093001001,0125093001001,BAKING,BAKING,17-03-2023 04:27,18-03-2023 22:09,Completed,41,PITXMPL960G43,20000,g,XMPL-BSC00E5,20000,g,BREADBLAST05
6666003,0124556001001,0124556001001,BAKING,BAKING,15-02-2023 22:59,18-02-2023 00:41,Completed,49,LOAXMPL860G22,20000,g,XMPL-FRM150,20000,g,BREADBLAST06
6653046,0124591001001,0124591001001,BAKING,BAKING,14-02-2023 08:00,14-02-2023 12:10,Completed,4,PITXMPL800G29T,2000,g,XMPL-FRM150TT,2409.638554,g,BREADBLAST06
6830432,0125303001001,0125303001001,BAKING,BAKING,06-04-2023 21:23,08-04-2023 17:39,Completed,44,BAGGBTR800G75,16000,g,GBTR-LG35,16000,g,BREADBLAST04
6837072,0125516001001,0125516001001,BAKING,BAKING,10-04-2023 05:01,10-04-2023 16:05,Completed,11,BAGGBTR520G78,2166.668,g,GBTR-LG55,4000,g,BREADBLAST07
6843917,0125348001001,0125348001001,BAKING,BAKING,13-04-2023 13:20,13-04-2023 21:40,Completed,8,PITXMPL540G29,2250,g,XMPL-FRM100,4000,g,BREADBLAST06
6843918,0125348001001,0125348001001_001,BAKING,BAKING,13-04-2023 13:20,13-04-2023 21:40,Completed,8,PITXMPL420G29,1750,g,VIST-MXX,0E-10,g,BREADBLAST06
7263895,0127311001001,0127311001001,BAKING,BAKING,29-07-2023 09:20,31-07-2023 01:14,Completed,39,PITXMPL480GRG29,14000,g,XMPL-FRM100GR,14000,g,BREADBLAST06
6972475,0125860001001,0125860001001,BAKING,BAKING,15-05-2023 15:35,16-05-2023 12:26,Completed,20,PITXMPL580G43,6041.67,g,XMPL-BSC00,10000,g,BREADBLAST07
6831352,0125267001001,0125267001001,BAKING,BAKING,06-04-2023 22:56,08-04-2023 03:17,Completed,28,PITXMPL600G46,7500,g,XMPL-BLD45,12000,g,BREADBLAST07
6831353,0125267001001,0125267001001_001,BAKING,BAKING,06-04-2023 22:56,08-04-2023 03:17,Completed,28,PITXMPL360G46,4500,g,VIST-MXX,0E-10,g,BREADBLAST07
6835502,0125457001001,0125457001001,BAKING,BAKING,11-04-2023 12:07,11-04-2023 23:11,Completed,11,BAGGBTR500G75,2222,g,GBTR-LG35,4000,g,BREADBLAST04
6835503,0125457001001,0125457001001_001,BAKING,BAKING,11-04-2023 12:07,11-04-2023 23:11,Completed,11,BAGGBTR400G75,1778,g,VIST-MXX,0E-10,g,BREADBLAST04
6827901,0125305001001,0125305001001,BAKING,BAKING,05-04-2023 03:51,07-04-2023 05:53,Completed,50,PITXMPL520G35,13000.008,g,XMPL-BSC00E5,24000,g,BREADBLAST05
6827902,0125305001001,0125305001001_001,BAKING,BAKING,05-04-2023 03:51,07-04-2023 05:53,Completed,50,PITXMPL440G35,10999.992,g,VIST-MXX,0E-10,g,BREADBLAST05
6830832,0125347001001,0125347001001,BAKING,BAKING,07-04-2023 09:04,09-04-2023 15:16,Completed,54,PITXMPL680G35,18416.658,g,XMPL-BSC00E5,26000,g,BREADBLAST05
6830833,0125347001001,0125347001001_001,BAKING,BAKING,07-04-2023 09:04,09-04-2023 15:16,Completed,54,PITXMPL280G35,7583.342,g,VIST-MXX,0E-10,g,BREADBLAST05
7271111,0127347001001,0127347001001,BAKING,BAKING,06-08-2023 01:52,06-08-2023 16:02,RELEASED,14,PITXMPL600G46,3750,g,XMPL-BLD45E5,6000,g,BREADBLAST05
7238589,0127182001001,0127182001001,BAKING,BAKING,21-07-2023 11:43,23-07-2023 19:03,Completed,55,BAGGBTR900G75,20000,g,GBTR-LG35,20000,g,BREADBLAST04
6800878,0125321001001,0125321001001,BAKING,BAKING,30-03-2023 14:07,31-03-2023 10:58,Completed,20,PITXMPL480G35,10000,g,XMPL-BSC00,10000,g,BREADBLAST07
7144355,0126804001001,0126804001001,BAKING,BAKING,27-06-2023 09:41,28-06-2023 00:35,Completed,14,LOAXMPL640G22,6000,g,XMPL-FRM150,8064.516129,g,BREADBLAST06
7173982,0126957001001,0126957001001,BAKING,BAKING,05-07-2023 17:20,06-07-2023 14:11,Completed,20,PITXMPL960G29,10000,g,XMPL-FRM100,10000,g,BREADBLAST06
7261936,0126935001001,0126935001001,BAKING,BAKING,29-06-2023 15:40,30-06-2023 00:00,Completed,8,PITXMPL680G43,2833.332,g,XMPL-BSC00,4000,g,BREADBLAST07
7271463,0127349001001,0127349001001,BAKING,BAKING,11-08-2023 16:13,13-08-2023 05:44,Started,37,PITXMPL600G43,11250,g,XMPL-BSC00E5,18000,g,BREADBLAST05
7126798,0126802001001,0126802001001,BAKING,BAKING,22-06-2023 23:31,23-06-2023 07:51,Completed,8,PITXMPL860G29T,4000,g,XMPL-FRM150TT,4000,g,BREADBLAST06
7208369,0127084001001,0127084001001,BAKING,BAKING,15-07-2023 09:41,16-07-2023 13:21,Completed,27,BRIOXMPL600G78,6250,g,XMPL-BSC00,10000,g,BREADBLAST05
6645187,0124533001001,0124533001001,BAKING,BAKING,12-02-2023 11:00,13-02-2023 07:51,Completed,20,PITXMPL440G43,10000,g,XMPL-BSC00,10000,g,BREADBLAST04
6646606,0124555001001,0124555001001,BAKING,BAKING,11-02-2023 08:02,12-02-2023 04:53,Completed,20,PITXMPL640G29,6670,g,XMPL-FRM100,10000,g,BREADBLAST06
6687796,0124730001001,0124730001001,BAKING,BAKING,05-03-2023 14:00,05-03-2023 19:32,Completed,5,BAGGBTR960G69,2000,g,GBTR-LG42,2000,g,BREADBLAST07
6641745,0124495001001,0124495001001,BAKING,BAKING,09-02-2023 19:28,10-02-2023 23:08,Completed,27,BAGGBTR600G69,6250,g,GBTR-LG42,10000,g,BREADBLAST07
6664141,0124595001001,0124595001001,BAKING,BAKING,15-02-2023 16:44,16-02-2023 09:20,Completed,16,BAGGBTR520G75,3466.668,g,GBTR-LG35,6000,g,BREADBLAST04
6655711,0124558001001,0124558001001,BAKING,BAKING,14-02-2023 12:10,14-02-2023 22:06,Completed,9,LOAXMPL680G22,4000,g,XMPL-FRM150,5128.205128,g,BREADBLAST06
6653560,0124397001001,0124397001001,BAKING,BAKING,12-02-2023 11:28,16-02-2023 10:00,Completed,94,PITXMPL900G46,40000,g,XMPL-BLD45,40000,g,BREADBLAST04
6832166,0125462001001,0125462001001,BAKING,BAKING,10-04-2023 03:49,10-04-2023 12:09,Completed,8,PITXMPL640G35,2666.668,g,XMPL-BSC00E5,4000,g,BREADBLAST05
6832167,0125462001001,0125462001001_001,BAKING,BAKING,10-04-2023 03:49,10-04-2023 12:09,Completed,8,PITXMPL320G35,1333.332,g,VIST-MXX,0E-10,g,BREADBLAST05
6834773,0125464001001,0125464001001,BAKING,BAKING,08-04-2023 03:18,08-04-2023 22:12,Completed,18,PITXMPL540G46,4500,g,XMPL-BLD45,8000,g,BREADBLAST07
6834774,0125464001001,0125464001001_001,BAKING,BAKING,08-04-2023 03:18,08-04-2023 22:12,Completed,18,PITXMPL420G46,3500,g,VIST-MXX,0E-10,g,BREADBLAST07
6870788,0125624001001,0125624001001,BAKING,BAKING,28-04-2023 22:55,29-04-2023 07:15,Completed,8,ROUNDXMPL600G23,2500,g,XMPL-FRM125,4000,g,BREADBLAST06
6665971,0124559001001,0124559001001,BAKING,BAKING,12-02-2023 05:00,14-02-2023 19:33,Completed,62,PITXMPL960G35,30000,g,XMPL-BSC00,30000,g,BREADBLAST07
6660800,0124594001001,0124594001001,BAKING,BAKING,15-02-2023 05:40,15-02-2023 16:44,Completed,11,BAGGBTR480G75,2133.332,g,GBTR-LG35,4000,g,BREADBLAST04
6655504,0124500001001,0124500001001,BAKING,BAKING,08-02-2023 00:46,11-02-2023 11:46,Completed,83,BAGGBTR900G75,30000,g,GBTR-LG35,30000,g,BREADBLAST04
7181138,0127046001001,0127046001001,BAKING,BAKING,11-07-2023 08:00,12-07-2023 08:51,Completed,24,LOAXMPL860G22,10000,g,XMPL-FRM150,10000,g,BREADBLAST06
7155140,0126801001001,0126801001001,BAKING,BAKING,27-06-2023 11:52,30-06-2023 02:25,Completed,62,PITXMPL680G43,21249.99,g,XMPL-BSC00E5,30000,g,BREADBLAST05
7170035,0126955001001,0126955001001,BAKING,BAKING,03-07-2023 23:38,05-07-2023 04:49,Completed,29,PITXMPL560G35,8166.662,g,XMPL-BSC00,14000,g,BREADBLAST06
7125192,0126673001001,0126673001001,BAKING,BAKING,22-06-2023 15:20,23-06-2023 03:50,Completed,12,PITXMPL860G29T,6000,g,XMPL-FRM150TT,6000,g,BREADBLAST06
7133301,0126805001001,0126805001001,BAKING,BAKING,23-06-2023 20:22,24-06-2023 21:13,Completed,24,LOAXMPL600G22,10000,g,XMPL-FRM150,14285.71429,g,BREADBLAST06
6668446,0124396001001,0124396001001,BAKING,BAKING,16-02-2023 09:21,17-02-2023 08:59,Completed,23,PITXMPL520G46,5778,g,XMPL-BLD45,10000,g,BREADBLAST04
6667526,0124656001001,0124656001001,BAKING,BAKING,15-02-2023 22:59,16-02-2023 16:05,Completed,17,LOAXMPL800G22,6000,g,XMPL-FRM150GR,6000,g,BREADBLAST06
6629834,0124404001001,0124404001001,BAKING,BAKING,03-02-2023 06:36,05-02-2023 21:09,Completed,62,PITXMPL680G43,21249.99,g,XMPL-BSC00,30000,g,BREADBLAST07
7252526,0127427001001,0127427001001,BAKING,BAKING,07-08-2023 23:27,08-08-2023 21:35,RELEASED,22,BAGGBTR640G69,5333.336,g,GBTR-LG42,8000,g,BREADBLAST07
6646839,0124450001001,0124450001001,BAKING,BAKING,06-02-2023 13:35,08-02-2023 19:47,Completed,54,PITXMPL600G43,16250,g,XMPL-BSC00,26000,g,BREADBLAST07
6991684,0126039001001,0126039001001,BAKING,BAKING,22-05-2023 19:08,23-05-2023 23:29,Completed,28,PITXMPL680G46,8496,g,XMPL-BLD45,12000,g,BREADBLAST07
6627152,0124454001001,0124454001001,BAKING,BAKING,11-02-2023 09:00,12-02-2023 18:21,Completed,33,PITXMPL520G43,9244.448,g,XMPL-BSC00,16000,g,BREADBLAST04
6776657,0125196001001,0125196001001,BAKING,BAKING,22-03-2023 22:00,24-03-2023 01:40,Completed,27,BAGGBTR760G69,10000,g,GBTR-LG42,11904.7619,g,BREADBLAST07
7251972,0127309001001,0127309001001,BAKING,BAKING,05-08-2023 05:00,06-08-2023 08:40,RELEASED,27,BAGGBTR960G69,10000,g,GBTR-LG42,10000,g,BREADBLAST07
7249856,0127048001001,0127048001001,BAKING,BAKING,28-07-2023 20:55,29-07-2023 13:35,Completed,16,PITXMPL540G43,4800,g,XMPL-BSC00,8000,g,BREADBLAST04
7244796,0127240001001,0127240001001,BAKING,BAKING,25-07-2023 16:32,26-07-2023 00:52,Completed,8,PITXMPL720G29,3000,g,XMPL-FRM100,4000,g,BREADBLAST06
6899933,0125739001001,0125739001001,BAKING,BAKING,28-04-2023 14:53,29-04-2023 18:33,Completed,27,BAGGBTR960G75,10000,g,GBTR-LG35,10000,g,BREADBLAST07
7202053,0126845001001,0126845001001,BAKING,BAKING,11-07-2023 21:31,13-07-2023 19:23,Completed,45,PITXMPL600G43,13750,g,XMPL-BSC00,22000,g,BREADBLAST06
7252550,0127429001001,0127429001001,BAKING,BAKING,09-08-2023 19:44,10-08-2023 06:48,RELEASED,11,BAGGBTR480G70,4000,g,GBTR-LG42,4000,g,BREADBLAST07
7118432,0126671001001,0126671001001,BAKING,BAKING,19-06-2023 14:49,21-06-2023 08:31,Completed,41,ROUNDXMPL440G23,20000,g,XMPL-FRM125,20000,g,BREADBLAST06
7257562,0127307001001,0127307001001,BAKING,BAKING,02-08-2023 09:00,03-08-2023 18:21,Completed,33,PITXMPL960G43,16000,g,XMPL-BSC00E5,16000,g,BREADBLAST05
6641906,0124534001001,0124534001001,BAKING,BAKING,13-02-2023 08:00,13-02-2023 20:30,Completed,12,PITXMPL900G43,6000,g,XMPL-BSC00,6000,g,BREADBLAST04
6652349,0124448001001,0124448001001,BAKING,BAKING,16-02-2023 04:07,17-02-2023 21:49,Completed,41,PITXMPL800G29T,20000,g,XMPL-FRM150TT,24096.38554,g,BREADBLAST06
7252538,0127428001001,0127428001001,BAKING,BAKING,08-08-2023 21:36,09-08-2023 19:44,RELEASED,22,BAGGBTR560G69,4667.2,g,GBTR-LG42,8000,g,BREADBLAST07
6896901,0125349001001,0125349001001,BAKING,BAKING,28-04-2023 05:48,30-04-2023 14:48,Completed,57,PITXMPL600GRG29,12500,g,XMPL-FRM100GR,20000,g,BREADBLAST06
6896904,0125349001001,0125349001001_001,BAKING,BAKING,28-04-2023 05:48,30-04-2023 14:48,Completed,57,PITXMPL360GRG29,7500,g,VIST-MXX,0E-10,g,BREADBLAST06
6622501,0124391001001,0124391001001,BAKING,BAKING,03-02-2023 19:35,05-02-2023 18:51,Completed,47,PITXMPL960G46,20000,g,XMPL-BLD45,20000,g,BREADBLAST05
7169500,0126992001001,0126992001001,BAKING,BAKING,03-07-2023 12:28,04-07-2023 12:06,Completed,23,PITXMPL580G46,6041.67,g,XMPL-BLD45E5,10000,g,BREADBLAST05
7144935,0126841001001,0126841001001,BAKING,BAKING,28-06-2023 00:36,28-06-2023 08:56,Completed,8,PITXMPL540G35,2250,g,XMPL-BSC00,4000,g,BREADBLAST06
7140474,0126798001001,0126798001001,BAKING,BAKING,25-06-2023 03:18,26-06-2023 06:58,Completed,27,BAGGBTR760G69,10000,g,GBTR-LG42,11904.7619,g,BREADBLAST04
7121879,0126542001001,0126542001001,BAKING,BAKING,18-06-2023 21:11,19-06-2023 09:41,Completed,12,PITXMPL480G43,6000,g,XMPL-BSC00E5,6000,g,BREADBLAST05
7155674,0126844001001,0126844001001,BAKING,BAKING,29-06-2023 18:18,30-06-2023 15:09,Completed,20,PITXMPL600G35,6250,g,XMPL-BSC00,10000,g,BREADBLAST06
6624155,0124453001001,0124453001001,BAKING,BAKING,10-02-2023 11:00,11-02-2023 07:51,Completed,20,PITXMPL540G43,6000,g,XMPL-BSC00,10000,g,BREADBLAST04
6921064,0125793001001,0125793001001,BAKING,BAKING,03-05-2023 16:59,04-05-2023 21:29,Completed,28,PITXMPL600GRG29,6250,g,XMPL-FRM100GR,10000,g,BREADBLAST06
6647735,0124045001001,0124045001001,BAKING,BAKING,12-02-2023 04:54,12-02-2023 15:34,Completed,10,Danish32-Chocolate,18,RL,XMPL-BLDSTT,4067.608696,g,BREADBLAST06
6661148,0124579001001,0124579001001,BAKING,BAKING,14-02-2023 22:07,15-02-2023 22:58,Completed,24,LOAXMPL800G23,10000,g,XMPL-FRM150,10000,g,BREADBLAST06
6657818,0124596001001,0124596001001,BAKING,BAKING,14-02-2023 13:03,15-02-2023 05:39,Completed,16,BAGGBTR600G75,4000.002,g,GBTR-LG35,6000,g,BREADBLAST04
6654635,0124590001001,0124590001001,BAKING,BAKING,17-02-2023 05:00,17-02-2023 09:10,Completed,4,PITXMPL960G43,2000,g,XMPL-BSC00,2000,g,BREADBLAST07
6681367,0124711001001,0124711001001,BAKING,BAKING,20-02-2023 08:57,20-02-2023 23:07,Completed,14,PITXMPL480G46,3200.4,g,XMPL-BLD45,6000,g,BREADBLAST04
6783936,0125199001001,0125199001001,BAKING,BAKING,27-03-2023 11:12,28-03-2023 08:03,Completed,20,PITXMPL560G43,5833.33,g,XMPL-BSC00E5,10000,g,BREADBLAST05
6783937,0125199001001,0125199001001_001,BAKING,BAKING,27-03-2023 11:12,28-03-2023 08:03,Completed,20,PITXMPL400G43,4166.67,g,VIST-MXX,0E-10,g,BREADBLAST05
7252561,0127430001001,0127430001001,BAKING,BAKING,10-08-2023 06:49,10-08-2023 23:25,RELEASED,16,BAGGBTR600G69,3750,g,GBTR-LG42,6000,g,BREADBLAST07
6852423,0125493001001,0125493001001,BAKING,BAKING,14-04-2023 11:00,16-04-2023 04:42,Completed,41,PITXMPL960G35,20000,g,XMPL-BSC00E5,20000,g,BREADBLAST05
6842529,0125302001001,0125302001001,BAKING,BAKING,11-04-2023 23:12,14-04-2023 06:32,Completed,55,BAGGBTR900G75,20000,g,GBTR-LG35,20000,g,BREADBLAST04
7024047,0126195001001,0126195001001,BAKING,BAKING,29-05-2023 11:10,29-05-2023 23:40,Completed,12,PITXMPL560G43,3499.998,g,XMPL-BSC00E5,6000,g,BREADBLAST05
6689563,0124668001001,0124668001001,BAKING,BAKING,22-02-2023 08:14,23-02-2023 05:05,Completed,20,PITXMPL900G43,10000,g,XMPL-BSC00,10000,g,BREADBLAST04
6686259,0124720001001,0124720001001,BAKING,BAKING,20-02-2023 23:08,22-02-2023 08:13,Completed,33,PITXMPL900G46,14000,g,XMPL-BLD45,14000,g,BREADBLAST04
6756111,0125087001001,0125087001001,BAKING,BAKING,16-03-2023 11:46,17-03-2023 04:26,Completed,16,PITXMPL560G35,4666.664,g,XMPL-BSC00E5,8000,g,BREADBLAST05
7126998,0126766001001,0126766001001,BAKING,BAKING,20-06-2023 22:00,21-06-2023 14:40,Completed,16,PITXMPL900G43,8000,g,XMPL-BSC00,8000,g,BREADBLAST04
6960548,0125858001001,0125858001001,BAKING,BAKING,13-05-2023 21:52,14-05-2023 18:43,Completed,20,PITXMPL680G43,7083.33,g,XMPL-BSC00,10000,g,BREADBLAST07
6877037,0125547001001,0125547001001,BAKING,BAKING,22-04-2023 12:03,23-04-2023 11:41,Completed,23,PITXMPL680G46,7080,g,XMPL-BLD45,10000,g,BREADBLAST07
6974794,0126099001001,0126099001001,BAKING,BAKING,18-05-2023 21:16,19-05-2023 18:07,Completed,20,PITXMPL580G43,6041.67,g,XMPL-BSC00E5,10000,g,BREADBLAST05
6972027,0125955001001,0125955001001,BAKING,BAKING,17-05-2023 03:32,18-05-2023 21:14,Completed,41,PITXMPL960G43,20000,g,XMPL-BSC00E5,20000,g,BREADBLAST05
6906375,0125668001001,0125668001001,BAKING,BAKING,29-04-2023 18:34,30-04-2023 18:12,Completed,23,PITXMPL540G46,5625,g,XMPL-BLD45,10000,g,BREADBLAST07
6916367,0125543001001,0125543001001,BAKING,BAKING,26-04-2023 02:00,27-04-2023 15:48,Completed,37,PITXMPL900G46,16000,g,XMPL-BLD45,16000,g,BREADBLAST04
6948604,0125856001001,0125856001001,BAKING,BAKING,07-05-2023 11:03,08-05-2023 07:54,Completed,20,PITXMPL600G35,6250,g,XMPL-BSC00E5,10000,g,BREADBLAST07
7211462,0127118001001,0127118001001,BAKING,BAKING,17-07-2023 00:27,17-07-2023 22:35,Completed,22,BAGGBTR560G78,4666.4,g,GBTR-LG55E5,8000,g,BREADBLAST05
6826027,0125270001001,0125270001001,BAKING,BAKING,29-03-2023 16:59,01-04-2023 00:19,Completed,55,BAGGBTR900G75,20000,g,GBTR-LG35,20000,g,BREADBLAST04
6870008,0125540001001,0125540001001,BAKING,BAKING,20-04-2023 13:07,22-04-2023 14:49,Completed,49,LOAXMPL800G23,20000,g,XMPL-FRM150,20000,g,BREADBLAST06
7171431,0126956001001,0126956001001,BAKING,BAKING,05-07-2023 04:50,05-07-2023 17:20,Completed,12,PITXMPL640G35,4000.002,g,XMPL-BSC00,6000,g,BREADBLAST06
7160060,0126917001001,0126917001001,BAKING,BAKING,30-06-2023 15:10,01-07-2023 16:11,Completed,25,PITXMPL520G35,6500.004,g,XMPL-BSC00,12000,g,BREADBLAST06
6853848,0125577001001,0125577001001,BAKING,BAKING,16-04-2023 04:44,16-04-2023 17:14,Completed,12,PITXMPL560G35,3499.998,g,XMPL-BSC00E5,6000,g,BREADBLAST05
6987535,0126067001001,0126067001001,BAKING,BAKING,17-05-2023 12:44,17-05-2023 21:04,Completed,8,PITXMPL560G29,2332,g,XMPL-FRM100,4000,g,BREADBLAST06
6962066,0125674001001,0125674001001,BAKING,BAKING,14-05-2023 06:48,15-05-2023 03:39,Completed,20,PITXMPL960G43,10000,g,XMPL-BSC00,10000,g,BREADBLAST07
6960900,0125544001001,0125544001001,BAKING,BAKING,29-04-2023 22:29,03-05-2023 09:29,Completed,83,BAGGBTR800G75,30000,g,GBTR-LG35,30000,g,BREADBLAST04
7048037,0126345001001,0126345001001,BAKING,BAKING,04-06-2023 00:22,04-06-2023 14:32,Completed,14,PITXMPL680G46,4248,g,XMPL-BLD45,6000,g,BREADBLAST07
6926022,0125786001001,0125786001001,BAKING,BAKING,28-04-2023 22:50,30-04-2023 07:55,Completed,33,PITXMPL900G46,14000,g,XMPL-BLD45,14000,g,BREADBLAST04
6980964,0126091001001,0126091001001,BAKING,BAKING,18-05-2023 02:01,18-05-2023 18:41,Completed,16,PITXMPL520G35,4333.336,g,XMPL-BSC00,8000,g,BREADBLAST07
6840278,0125306001001,0125306001001,BAKING,BAKING,11-04-2023 14:12,12-04-2023 02:42,Completed,12,PITXMPL520G29,3252,g,XMPL-FRM100,6000,g,BREADBLAST06
6840279,0125306001001,0125306001001_001,BAKING,BAKING,11-04-2023 14:12,12-04-2023 02:42,Completed,12,PITXMPL440G29,2748,g,VIST-MXX,0E-10,g,BREADBLAST06
6959060,0125948001001,0125948001001,BAKING,BAKING,14-05-2023 08:51,15-05-2023 01:27,Completed,16,BAGGBTR560G78,3499.8,g,GBTR-LG55,6000,g,BREADBLAST05
7235499,0127231001001,0127231001001,BAKING,BAKING,20-07-2023 21:25,21-07-2023 18:16,Completed,20,PITXMPL960G35,10000,g,XMPL-BSC00,10000,g,BREADBLAST06
7207198,0127121001001,0127121001001,BAKING,BAKING,14-07-2023 12:05,15-07-2023 17:16,Completed,29,PITXMPL640G43,9333.338,g,XMPL-BSC00,14000,g,BREADBLAST06
7090056,0126619001001,0126619001001,BAKING,BAKING,14-06-2023 20:00,15-06-2023 04:20,Completed,8,PITXMPL680G35,2833.332,g,XMPL-BSC00,4000,g,BREADBLAST06
7057159,0126398001001,0126398001001,BAKING,BAKING,02-06-2023 09:06,03-06-2023 05:57,Completed,20,PITXMPL960G43,10000,g,XMPL-BSC00E5,10000,g,BREADBLAST05
7222436,0127184001001,0127184001001,BAKING,BAKING,19-07-2023 18:53,21-07-2023 18:09,Completed,47,PITXMPL960G46,20000,g,XMPL-BLD45E5,20000,g,BREADBLAST05
7208234,0126813001001,0126813001001,BAKING,BAKING,13-07-2023 20:23,16-07-2023 03:43,Completed,55,BAGGBTR900G75,20000,g,GBTR-LG35,20000,g,BREADBLAST04
7203185,0126954001001,0126954001001,BAKING,BAKING,12-07-2023 14:00,14-07-2023 21:20,Completed,55,BRIOXMPL960G78,20000,g,XMPL-BSC00,20000,g,BREADBLAST05
7020015,0126343001001,0126343001001,BAKING,BAKING,27-05-2023 17:50,28-05-2023 21:30,Completed,27,BAGGBTR580G69,6042,g,GBTR-LG42,10000,g,BREADBLAST07
6936232,0125669001001,0125669001001,BAKING,BAKING,30-04-2023 18:13,05-05-2023 06:55,Completed,108,PITXMPL660G46,31625,g,XMPL-BLD45,46000,g,BREADBLAST07
7038114,0126397001001,0126397001001,BAKING,BAKING,02-06-2023 04:56,02-06-2023 09:06,Completed,4,PITXMPL600G43,1250,g,XMPL-BSC00E5,2000,g,BREADBLAST05
7038255,0126390001001,0126390001001,BAKING,BAKING,01-06-2023 14:00,02-06-2023 01:04,Completed,11,BAGGBTR600G78,2500,g,GBTR-LG55,4000,g,BREADBLAST07
6957361,0125661001001,0125661001001,BAKING,BAKING,09-05-2023 14:31,10-05-2023 01:11,Completed,10,Danish32-Chocolate,18,RL,XMPL-BLDSTT,4067.608696,g,BREADBLAST06
6943692,0125855001001,0125855001001,BAKING,BAKING,06-05-2023 05:51,07-05-2023 11:02,Completed,29,PITXMPL960G35,14000,g,XMPL-BSC00E5,14000,g,BREADBLAST07
6930431,0125671001001,0125671001001,BAKING,BAKING,03-05-2023 09:53,05-05-2023 09:09,Completed,47,PITXMPL960G46,20000,g,XMPL-BLD45,20000,g,BREADBLAST05
7252822,0127239001001,0127239001001,BAKING,BAKING,26-07-2023 22:28,27-07-2023 19:19,Completed,20,PITXMPL680G43,7083.33,g,XMPL-BSC00E5,10000,g,BREADBLAST05
7209160,0126839001001,0126839001001,BAKING,BAKING,16-07-2023 13:22,17-07-2023 00:26,Completed,11,BAGGBTR720G78,3000,g,GBTR-LG55,4000,g,BREADBLAST05
7196439,0127066001001,0127066001001,BAKING,BAKING,11-07-2023 15:50,11-07-2023 20:00,Completed,4,PITXMPL960G43,2000,g,XMPL-BSC00E5,2000,g,BREADBLAST05
7212028,0127123001001,0127123001001,BAKING,BAKING,16-07-2023 20:35,17-07-2023 09:05,Completed,12,PITXMPL480G43,6000,g,XMPL-BSC00,6000,g,BREADBLAST06
7045834,0126392001001,0126392001001,BAKING,BAKING,02-06-2023 00:14,04-06-2023 06:26,Completed,54,PITXMPL960G35,26000,g,XMPL-BSC00,26000,g,BREADBLAST06
6991971,0126206001001,0126206001001,BAKING,BAKING,12-06-2023 19:15,12-06-2023 23:58,Completed,4,PITXMPL960G46,2000,g,XMPL-BLD45,2000,g,BREADBLAST07
6861940,0125366001001,0125366001001,BAKING,BAKING,17-04-2023 05:47,18-04-2023 02:38,Completed,20,PITXMPL560G43,5833.33,g,XMPL-BSC00E5,10000,g,BREADBLAST05
6831567,0125455001001,0125455001001,BAKING,BAKING,09-04-2023 04:45,10-04-2023 08:25,Completed,27,BAGGBTR580G75,6445,g,GBTR-LG35,10000,g,BREADBLAST04
6831568,0125455001001,0125455001001_001,BAKING,BAKING,09-04-2023 04:45,10-04-2023 08:25,Completed,27,BAGGBTR320G75,3555,g,VIST-MXX,0E-10,g,BREADBLAST04
6861941,0125366001001,0125366001001_001,BAKING,BAKING,17-04-2023 05:47,18-04-2023 02:38,Completed,20,PITXMPL400G43,4166.67,g,VIST-MXX,0E-10,g,BREADBLAST05
6854155,0125460001001,0125460001001,BAKING,BAKING,12-04-2023 12:23,15-04-2023 02:56,Completed,62,PITXMPL960G43,30000,g,XMPL-BSC00E5,30000,g,BREADBLAST07
6815437,0125370001001,0125370001001,BAKING,BAKING,05-04-2023 19:16,06-04-2023 16:07,Completed,20,PITXMPL560G43,6222.22,g,XMPL-BSC00,10000,g,BREADBLAST04
6815438,0125370001001,0125370001001_001,BAKING,BAKING,05-04-2023 19:16,06-04-2023 16:07,Completed,20,PITXMPL340G43,3777.78,g,VIST-MXX,0E-10,g,BREADBLAST04
6805460,0125323001001,0125323001001,BAKING,BAKING,04-04-2023 22:30,05-04-2023 02:40,Completed,4,PITXMPL900G43,2000,g,XMPL-BSC00,2000,g,BREADBLAST04
6830608,0125111001001,0125111001001,BAKING,BAKING,04-04-2023 14:10,06-04-2023 22:53,Completed,56,PITXMPL720G46,18000,g,XMPL-BLD45,24000,g,BREADBLAST07
6830609,0125111001001,0125111001001_001,BAKING,BAKING,04-04-2023 14:10,06-04-2023 22:53,Completed,56,PITXMPL240G46,6000,g,VIST-MXX,0E-10,g,BREADBLAST07
6867023,0125458001001,0125458001001,BAKING,BAKING,19-04-2023 07:50,20-04-2023 04:41,Completed,20,PITXMPL520G43,5416.67,g,XMPL-BSC00E5,10000,g,BREADBLAST05
6867024,0125458001001,0125458001001_001,BAKING,BAKING,19-04-2023 07:50,20-04-2023 04:41,Completed,20,PITXMPL440G43,4583.33,g,VIST-MXX,0E-10,g,BREADBLAST05
6937524,0125723001001,0125723001001,BAKING,BAKING,05-05-2023 14:37,06-05-2023 19:07,Completed,28,LOAXMPL860G23,10000,g,XMPL-FRM150GR,10000,g,BREADBLAST06
6980401,0126092001001,0126092001001,BAKING,BAKING,13-05-2023 13:41,13-05-2023 22:01,Completed,8,PITXMPL640G29,2668,g,XMPL-FRM100,4000,g,BREADBLAST06
7115193,0126541001001,0126541001001,BAKING,BAKING,17-06-2023 15:58,18-06-2023 21:09,Completed,29,PITXMPL540G43,7875,g,XMPL-BSC00E5,14000,g,BREADBLAST05
6808601,0125344001001,0125344001001,BAKING,BAKING,31-03-2023 19:31,02-04-2023 13:13,Completed,41,PITXMPL520G43,10833.34,g,XMPL-BSC00E5,20000,g,BREADBLAST05
6808602,0125344001001,0125344001001_001,BAKING,BAKING,31-03-2023 19:31,02-04-2023 13:13,Completed,41,PITXMPL440G43,9166.66,g,VIST-MXX,0E-10,g,BREADBLAST05
7192793,0126993001001,0126993001001,BAKING,BAKING,07-07-2023 01:11,07-07-2023 15:21,Completed,14,PITXMPL760G46,6000,g,XMPL-BLD45,7692.307692,g,BREADBLAST04
7182030,0126921001001,0126921001001,BAKING,BAKING,10-07-2023 12:38,11-07-2023 21:59,Completed,33,PITXMPL800G43,16000,g,XMPL-BSC00,18181.81818,g,BREADBLAST04
6904272,0125792001001,0125792001001,BAKING,BAKING,29-04-2023 04:04,29-04-2023 16:34,Completed,12,PITXMPL480G35,6000,g,XMPL-BSC00E5,6000,g,BREADBLAST06
6904845,0125720001001,0125720001001,BAKING,BAKING,30-04-2023 15:41,01-05-2023 05:51,Completed,14,PITXMPL600G46,3750,g,XMPL-BLD45E5,6000,g,BREADBLAST05
7213445,0127119001001,0127119001001,BAKING,BAKING,17-07-2023 22:36,19-07-2023 02:16,Completed,27,BAGGBTR960G78,10000,g,GBTR-LG55E5,10000,g,BREADBLAST05
7180275,0126963001001,0126963001001,BAKING,BAKING,08-07-2023 07:55,08-07-2023 20:25,Completed,12,PITXMPL560G29T,3499.8,g,XMPL-BLDSTT,6000,g,BREADBLAST06
6921014,0125867001001,0125867001001,BAKING,BAKING,05-05-2023 09:11,05-05-2023 17:31,Completed,8,PITXMPL960G43,4000,g,XMPL-BSC00E5,4000,g,BREADBLAST05
6974848,0126036001001,0126036001001,BAKING,BAKING,11-05-2023 04:23,11-05-2023 21:03,Completed,16,PITXMPL560G35,4666.664,g,XMPL-BSC00,8000,g,BREADBLAST07
7106013,0126546001001,0126546001001,BAKING,BAKING,18-06-2023 15:24,19-06-2023 10:18,Completed,18,PITXMPL680G46,5664,g,XMPL-BLD45,8000,g,BREADBLAST07
7094336,0126275001001,0126275001001,BAKING,BAKING,10-06-2023 22:25,13-06-2023 12:58,Completed,62,PITXMPL960G43,30000,g,XMPL-BSC00E5,30000,g,BREADBLAST05
7271181,0127513001001,0127513001001,BAKING,BAKING,03-08-2023 20:00,04-08-2023 23:40,RELEASED,27,BRIOXMPL960G78,10000,g,XMPL-BSC00,10000,g,BREADBLAST05
7203272,0126936001001,0126936001001,BAKING,BAKING,13-07-2023 19:24,14-07-2023 12:04,Completed,16,PITXMPL560G43,4666.664,g,XMPL-BSC00,8000,g,BREADBLAST06
6865368,0125367001001,0125367001001,BAKING,BAKING,18-04-2023 19:19,19-04-2023 07:49,Completed,12,PITXMPL600G43,3750,g,XMPL-BSC00E5,6000,g,BREADBLAST05
6865369,0125367001001,0125367001001_001,BAKING,BAKING,18-04-2023 19:19,19-04-2023 07:49,Completed,12,PITXMPL360G43,2250,g,VIST-MXX,0E-10,g,BREADBLAST05
7167653,0126918001001,0126918001001,BAKING,BAKING,01-07-2023 09:02,03-07-2023 23:35,Completed,62,PITXMPL960G35,30000,g,XMPL-BSC00,30000,g,BREADBLAST06
7271147,0127419001001,0127419001001,BAKING,BAKING,09-08-2023 05:31,10-08-2023 05:09,RELEASED,23,PITXMPL560G46,5833.33,g,XMPL-BLD45E5,10000,g,BREADBLAST05
7243785,0127355001001,0127355001001,BAKING,BAKING,25-07-2023 15:50,25-07-2023 20:00,Completed,4,PITXMPL960G29,2000,g,XMPL-FRM100,2000,g,BREADBLAST06
6931956,0125958001001,0125958001001,BAKING,BAKING,05-05-2023 09:00,05-05-2023 13:10,Completed,4,PITXMPL960G35,2000,g,XMPL-BSC00,2000,g,BREADBLAST07
7011829,0126199001001,0126199001001,BAKING,BAKING,24-05-2023 22:57,26-05-2023 09:44,Completed,34,LOAXMPL760G22,14000,g,XMPL-FRM150,15909.09091,g,BREADBLAST06
6937078,0125951001001,0125951001001,BAKING,BAKING,10-05-2023 04:32,10-05-2023 18:42,Completed,14,PITXMPL560G46,3499.998,g,XMPL-BLD45,6000,g,BREADBLAST05
6968477,0125859001001,0125859001001,BAKING,BAKING,14-05-2023 18:43,15-05-2023 15:34,Completed,20,PITXMPL600G43,6250,g,XMPL-BSC00,10000,g,BREADBLAST07
7182071,0126934001001,0126934001001,BAKING,BAKING,07-07-2023 06:20,09-07-2023 05:36,Completed,47,PITXMPL660G46,13750,g,XMPL-BLD45E5,20000,g,BREADBLAST05
6894920,0125719001001,0125719001001,BAKING,BAKING,27-04-2023 01:56,28-04-2023 11:17,Completed,33,PITXMPL560G43,9333.328,g,XMPL-BSC00E5,16000,g,BREADBLAST05
6958199,0125947001001,0125947001001,BAKING,BAKING,12-05-2023 18:05,14-05-2023 08:49,Completed,38,BAGGBTR600G78,8750,g,GBTR-LG55,14000,g,BREADBLAST05
7051201,0126391001001,0126391001001,BAKING,BAKING,04-06-2023 14:32,05-06-2023 14:10,Completed,23,PITXMPL640G46,6666.67,g,XMPL-BLD45,10000,g,BREADBLAST07
6979968,0126035001001,0126035001001,BAKING,BAKING,18-05-2023 01:52,18-05-2023 22:43,Completed,20,PITXMPL680G43,7083.33,g,XMPL-BSC00E5,10000,g,BREADBLAST05
7239100,0127049001001,0127049001001,BAKING,BAKING,29-07-2023 03:08,29-07-2023 23:59,Completed,20,PITXMPL580G43,6445,g,XMPL-BSC00,10000,g,BREADBLAST04
6896610,0125371001001,0125371001001,BAKING,BAKING,13-04-2023 06:00,13-04-2023 18:30,Completed,12,PITXMPL440G43,6000,g,XMPL-BSC00,6000,g,BREADBLAST04
7074302,0126274001001,0126274001001,BAKING,BAKING,04-06-2023 11:10,06-06-2023 21:32,Completed,58,PITXMPL640G43,18666.676,g,XMPL-BSC00E5,28000,g,BREADBLAST05
7249411,0127235001001,0127235001001,BAKING,BAKING,24-07-2023 11:58,27-07-2023 23:22,Completed,83,PITXMPL560G43,23333.32,g,XMPL-BSC00E5,40000,g,BREADBLAST05
7253060,0127047001001,0127047001001,BAKING,BAKING,23-07-2023 19:05,26-07-2023 19:01,Completed,71,BAGGBTR520G75,15022.228,g,GBTR-LG35,26000,g,BREADBLAST04
6961333,0125721001001,0125721001001,BAKING,BAKING,15-05-2023 01:28,16-05-2023 06:39,Completed,29,PITXMPL560G43,8166.662,g,XMPL-BSC00E5,14000,g,BREADBLAST05
6934110,0125950001001,0125950001001,BAKING,BAKING,09-05-2023 14:21,10-05-2023 04:31,Completed,14,PITXMPL580G46,3625.002,g,XMPL-BLD45,6000,g,BREADBLAST05
6950346,0125670001001,0125670001001,BAKING,BAKING,06-05-2023 05:57,09-05-2023 14:18,Completed,80,PITXMPL680G46,24072,g,XMPL-BLD45,34000,g,BREADBLAST05
6950397,0126042001001,0126042001001,BAKING,BAKING,22-05-2023 21:14,23-05-2023 01:57,Completed,4,PITXMPL960G46,2000,g,XMPL-BLD45E5,2000,g,BREADBLAST05
6896443,0125625001001,0125625001001,BAKING,BAKING,29-04-2023 07:15,29-04-2023 15:35,Completed,8,ROUNDXMPL960G23,4000,g,XMPL-FRM125,4000,g,BREADBLAST06
6917137,0125788001001,0125788001001,BAKING,BAKING,03-05-2023 02:05,03-05-2023 16:59,Completed,14,LOAXMPL800G23,6000,g,XMPL-FRM150,6000,g,BREADBLAST06
6911799,0125722001001,0125722001001,BAKING,BAKING,01-05-2023 05:52,02-05-2023 00:46,Completed,18,PITXMPL540G46,4500,g,XMPL-BLD45E5,8000,g,BREADBLAST05
7210717,0127122001001,0127122001001,BAKING,BAKING,15-07-2023 11:12,16-07-2023 20:33,Completed,33,PITXMPL520G43,8666.672,g,XMPL-BSC00,16000,g,BREADBLAST06
7183721,0126846001001,0126846001001,BAKING,BAKING,07-07-2023 09:27,09-07-2023 03:09,Completed,41,PITXMPL960G43,20000,g,XMPL-BSC00E5,20000,g,BREADBLAST05
7216285,0126922001001,0126922001001,BAKING,BAKING,16-07-2023 04:22,19-07-2023 04:18,Completed,71,BAGGBTR900G75,26000,g,GBTR-LG35,26000,g,BREADBLAST04
6968033,0125943001001,0125943001001,BAKING,BAKING,08-05-2023 09:03,10-05-2023 16:23,Completed,55,BAGGBTR900G75,20000,g,GBTR-LG35,20000,g,BREADBLAST04
6963879,0125954001001,0125954001001,BAKING,BAKING,16-05-2023 06:40,17-05-2023 03:31,Completed,20,PITXMPL520G43,5416.67,g,XMPL-BSC00E5,10000,g,BREADBLAST05
6971940,0125945001001,0125945001001,BAKING,BAKING,13-05-2023 01:11,13-05-2023 13:41,Completed,12,PITXMPL640G29,4002,g,XMPL-FRM100,6000,g,BREADBLAST06
6945432,0125351001001,0125351001001,BAKING,BAKING,04-05-2023 21:31,05-05-2023 14:37,Completed,17,PITXMPL480GRG29,6000,g,XMPL-FRM100GR,6000,g,BREADBLAST06
6952917,0125724001001,0125724001001,BAKING,BAKING,11-05-2023 14:24,12-05-2023 18:04,Completed,27,BAGGBTR960G78,10000,g,GBTR-LG55,10000,g,BREADBLAST05
6964407,0125944001001,0125944001001,BAKING,BAKING,12-05-2023 12:40,13-05-2023 01:10,Completed,12,ROUNDXMPL640G23,4000.2,g,XMPL-FRM125,6000,g,BREADBLAST06
7070320,0126443001001,0126443001001,BAKING,BAKING,05-06-2023 14:11,06-06-2023 13:49,Completed,23,PITXMPL960G46,10000,g,XMPL-BLD45,10000,g,BREADBLAST07
7021595,0126350001001,0126350001001,BAKING,BAKING,27-05-2023 05:38,27-05-2023 18:08,Completed,12,ROUNDXMPL640G23,4000.2,g,XMPL-FRM125,6000,g,BREADBLAST06
6960530,0125622001001,0125622001001,BAKING,BAKING,10-05-2023 16:25,13-05-2023 19:28,Completed,75,PITXMPL800G43,36000,g,XMPL-BSC00,40909.09091,g,BREADBLAST04
6958179,0125673001001,0125673001001,BAKING,BAKING,12-05-2023 05:25,13-05-2023 02:16,Completed,20,PITXMPL640G43,6666.67,g,XMPL-BSC00,10000,g,BREADBLAST07
7089683,0126444001001,0126444001001,BAKING,BAKING,13-06-2023 05:17,14-06-2023 04:55,Completed,23,PITXMPL720G46,7500,g,XMPL-BLD45,10000,g,BREADBLAST07
6931816,0125949001001,0125949001001,BAKING,BAKING,10-05-2023 18:42,11-05-2023 04:09,Completed,9,PITXMPL600G46,2500,g,XMPL-BLD45,4000,g,BREADBLAST05
6775982,0125092001001,0125092001001,BAKING,BAKING,24-03-2023 11:41,26-03-2023 05:23,Completed,41,PITXMPL960G43,20000,g,XMPL-BSC00E5,20000,g,BREADBLAST05
6766037,0125110001001,0125110001001,BAKING,BAKING,20-03-2023 11:37,20-03-2023 22:41,Completed,11,BAGGBTR600G69,2500,g,GBTR-LG42,4000,g,BREADBLAST07
6766038,0125110001001,0125110001001_001,BAKING,BAKING,20-03-2023 11:37,20-03-2023 22:41,Completed,11,BAGGBTR360G69,1500,g,VIST-MXX,0E-10,g,BREADBLAST07
6772249,0125090001001,0125090001001,BAKING,BAKING,22-03-2023 01:17,23-03-2023 14:48,Completed,37,PITXMPL600G43,11250,g,XMPL-BSC00E5,18000,g,BREADBLAST05
6777719,0125139001001,0125139001001,BAKING,BAKING,20-03-2023 22:42,22-03-2023 21:58,Completed,47,PITXMPL960G46,20000,g,XMPL-BLD45,20000,g,BREADBLAST07
6740637,0124852001001,0124852001001,BAKING,BAKING,11-03-2023 04:43,12-03-2023 05:44,Completed,25,PITXMPL560G35,6999.996,g,XMPL-BSC00E5,12000,g,BREADBLAST05
6742687,0124873001001,0124873001001,BAKING,BAKING,12-03-2023 17:15,13-03-2023 05:45,Completed,12,PITXMPL580G35,3625.2,g,XMPL-BSC00E5,6000,g,BREADBLAST05
7256333,0127183001001,0127183001001,BAKING,BAKING,05-08-2023 17:00,06-08-2023 20:40,RELEASED,27,BAGGBTR760G69,10000,g,GBTR-LG42,11904.7619,g,BREADBLAST04
6858823,0125576001001,0125576001001,BAKING,BAKING,16-04-2023 18:35,17-04-2023 02:55,Completed,8,PITXMPL680G43,2833.332,g,XMPL-BSC00,4000,g,BREADBLAST07
6754054,0125036001001,0125036001001,BAKING,BAKING,15-03-2023 06:34,16-03-2023 07:35,Completed,25,PITXMPL520G35,6500.004,g,XMPL-BSC00E5,12000,g,BREADBLAST05
6762614,0125121001001,0125121001001,BAKING,BAKING,19-03-2023 16:27,20-03-2023 00:47,Completed,8,PITXMPL720G29,3000,g,XMPL-FRM100,4000,g,BREADBLAST06
6788619,0125268001001,0125268001001,BAKING,BAKING,28-03-2023 09:00,28-03-2023 17:20,Completed,8,PITXMPL900G43,4000,g,XMPL-BSC00,4000,g,BREADBLAST04
6741730,0124853001001,0124853001001,BAKING,BAKING,12-03-2023 01:35,13-03-2023 02:36,Completed,25,PITXMPL600G35,7500,g,XMPL-BSC00E5,12000,g,BREADBLAST05
6836521,0125466001001,0125466001001,BAKING,BAKING,09-04-2023 12:24,10-04-2023 05:00,Completed,16,BAGGBTR520G78,3250.002,g,GBTR-LG55,6000,g,BREADBLAST07
6836522,0125466001001,0125466001001_001,BAKING,BAKING,09-04-2023 12:24,10-04-2023 05:00,Completed,16,BAGGBTR440G78,2749.998,g,VIST-MXX,0E-10,g,BREADBLAST07
6815427,0125369001001,0125369001001,BAKING,BAKING,05-04-2023 15:06,05-04-2023 19:16,Completed,4,PITXMPL900G43,2000,g,XMPL-BSC00,2000,g,BREADBLAST04
7150726,0126842001001,0126842001001,BAKING,BAKING,28-06-2023 08:56,29-06-2023 05:47,Completed,20,PITXMPL960G35,10000,g,XMPL-BSC00,10000,g,BREADBLAST06
6765373,0125088001001,0125088001001,BAKING,BAKING,18-03-2023 22:11,20-03-2023 15:53,Completed,41,PITXMPL560G43,11666.66,g,XMPL-BSC00E5,20000,g,BREADBLAST05
6755306,0125075001001,0125075001001,BAKING,BAKING,15-03-2023 11:00,15-03-2023 15:10,Completed,4,PITXMPL960G35,2000,g,XMPL-BSC00E5,2000,g,BREADBLAST06
6767731,0125079001001,0125079001001,BAKING,BAKING,21-03-2023 03:52,21-03-2023 14:32,Completed,10,Danish32-Chocolate,18,RL,XMPL-BLDSTT,4067.608696,g,BREADBLAST06
6754902,0124941001001,0124941001001,BAKING,BAKING,09-03-2023 23:03,11-03-2023 16:45,Completed,41,PITXMPL640G43,13333.34,g,XMPL-BSC00,20000,g,BREADBLAST07
6884536,0125350001001,0125350001001,BAKING,BAKING,25-04-2023 20:46,28-04-2023 05:46,Completed,57,PITXMPL960GRG29,20000,g,XMPL-FRM100GR,20000,g,BREADBLAST06
6772934,0125020001001,0125020001001,BAKING,BAKING,21-03-2023 14:32,23-03-2023 08:14,Completed,41,ROUNDXMPL580G23,12083.34,g,XMPL-FRM150GRT,20876.82672,g,BREADBLAST06
6757675,0125076001001,0125076001001,BAKING,BAKING,20-03-2023 07:47,21-03-2023 11:27,Completed,27,BAGGBTR960G78,10000,g,GBTR-LG55,10000,g,BREADBLAST07
6747679,0124940001001,0124940001001,BAKING,BAKING,08-03-2023 01:09,09-03-2023 23:01,Completed,45,PITXMPL600G43,13750,g,XMPL-BSC00,22000,g,BREADBLAST07
6997558,0126190001001,0126190001001,BAKING,BAKING,22-05-2023 01:50,23-05-2023 19:32,Completed,41,PITXMPL520G35,10833.34,g,XMPL-BSC00E5,20000,g,BREADBLAST05
7039183,0126197001001,0126197001001,BAKING,BAKING,31-05-2023 23:44,02-06-2023 04:55,Completed,29,PITXMPL600G43,8750,g,XMPL-BSC00E5,14000,g,BREADBLAST05
7046503,0126208001001,0126208001001,BAKING,BAKING,03-06-2023 05:27,04-06-2023 00:21,Completed,18,PITXMPL560G46,4666.664,g,XMPL-BLD45,8000,g,BREADBLAST07
7013625,0126212001001,0126212001001,BAKING,BAKING,13-06-2023 03:08,13-06-2023 23:59,Completed,20,PITXMPL600G43,6250,g,XMPL-BSC00,10000,g,BREADBLAST07
7074374,0126283001001,0126283001001,BAKING,BAKING,10-06-2023 16:22,11-06-2023 08:58,Completed,16,BAGGBTR600G75,3750,g,GBTR-LG35,6000,g,BREADBLAST07
7019773,0126276001001,0126276001001,BAKING,BAKING,27-05-2023 18:09,29-05-2023 20:11,Completed,50,PITXMPL960G29,24000,g,XMPL-FRM100,24000,g,BREADBLAST06
6991175,0126034001001,0126034001001,BAKING,BAKING,20-05-2023 03:56,22-05-2023 01:48,Completed,45,PITXMPL600G43,13750,g,XMPL-BSC00E5,22000,g,BREADBLAST05
7028790,0125956001001,0125956001001,BAKING,BAKING,29-05-2023 06:55,30-05-2023 03:46,Completed,20,PITXMPL900G43,10000,g,XMPL-BSC00,10000,g,BREADBLAST04
7022436,0126194001001,0126194001001,BAKING,BAKING,27-05-2023 00:46,29-05-2023 11:08,Completed,58,PITXMPL640G43,18666.676,g,XMPL-BSC00E5,28000,g,BREADBLAST05
7256378,0127351001001,0127351001001,BAKING,BAKING,06-08-2023 21:00,09-08-2023 10:26,RELEASED,61,PITXMPL900G46,26000,g,XMPL-BLD45,26000,g,BREADBLAST04
7068385,0126451001001,0126451001001,BAKING,BAKING,07-06-2023 22:25,10-06-2023 16:49,Completed,66,BAGGBTR900G75,24000,g,GBTR-LG35,24000,g,BREADBLAST04
7122749,0126400001001,0126400001001,BAKING,BAKING,17-06-2023 10:00,20-06-2023 21:24,Completed,83,PITXMPL900G43,40000,g,XMPL-BSC00,40000,g,BREADBLAST04
7006942,0126198001001,0126198001001,BAKING,BAKING,22-05-2023 10:49,22-05-2023 20:45,Completed,9,LOAXMPL520G22,2418.8,g,XMPL-FRM150,4000,g,BREADBLAST06
7061463,0126447001001,0126447001001,BAKING,BAKING,08-06-2023 01:23,08-06-2023 16:17,Completed,14,LOAXMPL520G22,3628.2,g,XMPL-FRM150,6000,g,BREADBLAST06
7115170,0126708001001,0126708001001,BAKING,BAKING,17-06-2023 12:38,19-06-2023 19:58,Completed,55,BRIOXMPL960G78,20000,g,XMPL-BSC00,20000,g,BREADBLAST05
7147190,0126808001001,0126808001001,BAKING,BAKING,27-06-2023 08:00,28-06-2023 00:36,Completed,16,BAGGBTR960G78,6000,g,GBTR-LG55,6000,g,BREADBLAST07
7167936,0126840001001,0126840001001,BAKING,BAKING,30-06-2023 02:28,02-07-2023 15:54,Completed,61,PITXMPL960G46,26000,g,XMPL-BLD45,26000,g,BREADBLAST05
7178981,0126995001001,0126995001001,BAKING,BAKING,07-07-2023 23:35,08-07-2023 07:55,Completed,8,PITXMPL680G29,2832,g,XMPL-FRM100,4000,g,BREADBLAST06
7233924,0127230001001,0127230001001,BAKING,BAKING,20-07-2023 04:44,20-07-2023 21:24,Completed,16,PITXMPL600G35,5000,g,XMPL-BSC00,8000,g,BREADBLAST06
7241648,0127232001001,0127232001001,BAKING,BAKING,22-07-2023 10:58,23-07-2023 07:49,Completed,20,PITXMPL960G29,10000,g,XMPL-FRM100,10000,g,BREADBLAST06
7263727,0127431001001,0127431001001,BAKING,BAKING,26-07-2023 19:04,30-07-2023 06:04,Started,83,BAGGBTR520G75,18573,g,GBTR-LG35,33707.86517,g,BREADBLAST04
7057401,0126401001001,0126401001001,BAKING,BAKING,06-06-2023 18:43,07-06-2023 22:23,Completed,27,BAGGBTR680G75,7555.56,g,GBTR-LG35,10000,g,BREADBLAST04
7052080,0126272001001,0126272001001,BAKING,BAKING,05-06-2023 03:58,06-06-2023 18:42,Completed,38,BAGGBTR800G75,14000,g,GBTR-LG35,14000,g,BREADBLAST04
7047096,0126393001001,0126393001001,BAKING,BAKING,03-06-2023 21:15,04-06-2023 09:45,Completed,12,PITXMPL680G29,4248,g,XMPL-FRM100,6000,g,BREADBLAST06
7044628,0126346001001,0126346001001,BAKING,BAKING,02-06-2023 01:05,03-06-2023 05:26,Completed,28,PITXMPL520G46,6500.004,g,XMPL-BLD45,12000,g,BREADBLAST07
7037866,0126201001001,0126201001001,BAKING,BAKING,30-05-2023 03:47,01-06-2023 18:20,Completed,62,PITXMPL900G43,30000,g,XMPL-BSC00,30000,g,BREADBLAST04
7035461,0126349001001,0126349001001,BAKING,BAKING,01-06-2023 11:09,01-06-2023 22:13,Completed,11,BAGGBTR640G78,2723.404,g,GBTR-LG55,4000,g,BREADBLAST07
7271693,0127467001001,0127467001001,BAKING,BAKING,02-08-2023 08:00,05-08-2023 10:33,Started,74,LOAXMPL680G22,30000,g,XMPL-FRM150,38461.53846,g,BREADBLAST06
7271135,0127418001001,0127418001001,BAKING,BAKING,08-08-2023 15:20,09-08-2023 05:30,RELEASED,14,PITXMPL580G46,3625.002,g,XMPL-BLD45E5,6000,g,BREADBLAST05
7256424,0127420001001,0127420001001,BAKING,BAKING,05-08-2023 10:36,07-08-2023 12:18,RELEASED,49,LOAXMPL860G22,20000,g,XMPL-FRM150,20000,g,BREADBLAST06
7256434,0127421001001,0127421001001,BAKING,BAKING,07-08-2023 12:20,08-08-2023 08:12,RELEASED,19,LOAXMPL760G22,8000,g,XMPL-FRM150,9090.90909,g,BREADBLAST06
7075997,0126449001001,0126449001001,BAKING,BAKING,09-06-2023 19:44,13-06-2023 23:08,Completed,99,LOAXMPL860G22,40000,g,XMPL-FRM150,40000,g,BREADBLAST06
7195966,0127052001001,0127052001001,BAKING,BAKING,11-07-2023 16:32,12-07-2023 05:02,Completed,12,PITXMPL640G29,4002,g,XMPL-FRM100,6000,g,BREADBLAST06
7007054,0125952001001,0125952001001,BAKING,BAKING,18-05-2023 18:42,19-05-2023 22:22,Completed,27,BAGGBTR580G69,6042,g,GBTR-LG42,10000,g,BREADBLAST07
7130403,0126543001001,0126543001001,BAKING,BAKING,20-06-2023 20:00,22-06-2023 22:02,Completed,50,PITXMPL600G43,15000,g,XMPL-BSC00E5,24000,g,BREADBLAST05
7271123,0127417001001,0127417001001,BAKING,BAKING,06-08-2023 16:02,08-08-2023 15:18,RELEASED,47,PITXMPL660G46,13750,g,XMPL-BLD45E5,20000,g,BREADBLAST05
7206161,0127166001001,0127166001001,BAKING,BAKING,14-07-2023 16:19,15-07-2023 19:59,Completed,27,BRIOXMPL960G78,10000,g,XMPL-BSC00,10000,g,BREADBLAST05
7175543,0126958001001,0126958001001,BAKING,BAKING,06-07-2023 14:12,07-07-2023 02:42,Completed,12,PITXMPL600G29,3750,g,XMPL-FRM100,6000,g,BREADBLAST06
7268951,0127423001001,0127423001001,BAKING,BAKING,10-08-2023 01:57,10-08-2023 22:48,Completed,20,PITXMPL680G35,7083.33,g,XMPL-BSC00,10000,g,BREADBLAST06
6975475,0126088001001,0126088001001,BAKING,BAKING,19-05-2023 21:08,20-05-2023 17:59,Completed,20,PITXMPL600G43,6250,g,XMPL-BSC00,10000,g,BREADBLAST06
7055813,0126446001001,0126446001001,BAKING,BAKING,05-06-2023 14:57,06-06-2023 07:37,Completed,16,PITXMPL600G29,5000,g,XMPL-FRM100,8000,g,BREADBLAST06
7091913,0126545001001,0126545001001,BAKING,BAKING,14-06-2023 04:56,14-06-2023 14:23,Completed,9,PITXMPL580G46,2416.668,g,XMPL-BLD45,4000,g,BREADBLAST07
6986022,0126033001001,0126033001001,BAKING,BAKING,18-05-2023 22:44,20-05-2023 03:55,Completed,29,PITXMPL520G43,7583.338,g,XMPL-BSC00E5,14000,g,BREADBLAST05
7073277,0126282001001,0126282001001,BAKING,BAKING,09-06-2023 18:13,10-06-2023 16:21,Completed,22,BAGGBTR560G75,4666.4,g,GBTR-LG35,8000,g,BREADBLAST07
7177524,0126807001001,0126807001001,BAKING,BAKING,04-07-2023 12:07,07-07-2023 06:17,Completed,66,PITXMPL600G46,17500,g,XMPL-BLD45,28000,g,BREADBLAST05
6987249,0126038001001,0126038001001,BAKING,BAKING,22-05-2023 00:14,22-05-2023 19:08,Completed,18,PITXMPL600G46,5000,g,XMPL-BLD45,8000,g,BREADBLAST07
7186188,0126973001001,0126973001001,BAKING,BAKING,18-07-2023 23:00,20-07-2023 04:11,Completed,29,PITXMPL800G43,14000,g,XMPL-BSC00,15909.09091,g,BREADBLAST04
7190850,0126949001001,0126949001001,BAKING,BAKING,06-07-2023 11:00,07-07-2023 01:10,Completed,14,PITXMPL900G46,6000,g,XMPL-BLD45,6000,g,BREADBLAST04
7193320,0126838001001,0126838001001,BAKING,BAKING,28-06-2023 11:41,29-06-2023 09:49,Completed,22,BAGGBTR600G78,5000,g,GBTR-LG55,8000,g,BREADBLAST07
7017234,0126040001001,0126040001001,BAKING,BAKING,26-05-2023 14:09,27-05-2023 17:49,Completed,27,BAGGBTR680G69,7083.33,g,GBTR-LG42,10000,g,BREADBLAST07
7068539,0126448001001,0126448001001,BAKING,BAKING,08-06-2023 16:18,10-06-2023 18:00,Completed,49,LOAXMPL760G22,20000,g,XMPL-FRM150,22727.27273,g,BREADBLAST06
7027556,0126352001001,0126352001001,BAKING,BAKING,09-06-2023 03:06,09-06-2023 07:16,Completed,4,PITXMPL680G43,1416.666,g,XMPL-BSC00,2000,g,BREADBLAST07
7058344,0126395001001,0126395001001,BAKING,BAKING,06-06-2023 07:39,08-06-2023 01:21,Completed,41,PITXMPL800G29T,20000,g,XMPL-FRM150TT,24096.38554,g,BREADBLAST06
7118364,0126726001001,0126726001001,BAKING,BAKING,19-06-2023 16:36,20-06-2023 19:59,Completed,27,BRIOXMPL960G78,9900,g,XMPL-BSC00,9900,g,BREADBLAST05
7092808,0126202001001,0126202001001,BAKING,BAKING,12-06-2023 21:35,13-06-2023 16:29,Completed,18,PITXMPL760G46,8000,g,XMPL-BLD45,10256.41026,g,BREADBLAST04
7046893,0126271001001,0126271001001,BAKING,BAKING,02-06-2023 20:36,05-06-2023 03:56,Completed,55,BAGGBTR900G75,20000,g,GBTR-LG35,20000,g,BREADBLAST04
7023877,0125542001001,0125542001001,BAKING,BAKING,28-05-2023 10:03,29-05-2023 06:54,Completed,20,PITXMPL440G35,10000,g,XMPL-BSC00,10000,g,BREADBLAST04
7037701,0126279001001,0126279001001,BAKING,BAKING,01-06-2023 07:33,02-06-2023 00:13,Completed,16,PITXMPL680G35,5666.664,g,XMPL-BSC00,8000,g,BREADBLAST06
7141033,0126803001001,0126803001001,BAKING,BAKING,26-06-2023 23:45,27-06-2023 09:41,Completed,9,LOAXMPL520G22,2418.8,g,XMPL-FRM150,4000,g,BREADBLAST06
7012306,0126192001001,0126192001001,BAKING,BAKING,24-05-2023 12:15,26-05-2023 05:57,Completed,41,PITXMPL960G43,20000,g,XMPL-BSC00E5,20000,g,BREADBLAST05
7003136,0126191001001,0126191001001,BAKING,BAKING,23-05-2023 19:33,24-05-2023 12:13,Completed,16,PITXMPL680G35,5666.664,g,XMPL-BSC00E5,8000,g,BREADBLAST05
7005437,0126070001001,0126070001001,BAKING,BAKING,22-05-2023 00:53,22-05-2023 10:49,Completed,9,LOAXMPL680G22,4000,g,XMPL-FRM150,5128.205128,g,BREADBLAST06
7236120,0127234001001,0127234001001,BAKING,BAKING,22-07-2023 04:36,24-07-2023 11:56,Completed,55,BRIOXMPL600G78,12500,g,XMPL-BSC00,20000,g,BREADBLAST05
7252648,0127350001001,0127350001001,BAKING,BAKING,31-07-2023 05:00,01-08-2023 01:51,Completed,20,PITXMPL900G43,10000,g,XMPL-BSC00,10000,g,BREADBLAST04
7259370,0126916001001,0126916001001,BAKING,BAKING,04-07-2023 20:00,05-07-2023 12:40,Completed,16,PITXMPL680G43,5666.664,g,XMPL-BSC00,8000,g,BREADBLAST07
7189739,0127050001001,0127050001001,BAKING,BAKING,09-07-2023 19:08,10-07-2023 19:59,Completed,24,LOAXMPL860G22,10000,g,XMPL-FRM150,10000,g,BREADBLAST06
7140576,0126700001001,0126700001001,BAKING,BAKING,25-06-2023 07:10,27-06-2023 03:53,Completed,44,LOAXMPL680G22,18000,g,XMPL-FRM150,23076.92308,g,BREADBLAST06
7063235,0126402001001,0126402001001,BAKING,BAKING,06-06-2023 13:50,08-06-2023 10:06,Completed,44,BAGGBTR680G69,11333.328,g,GBTR-LG42,16000,g,BREADBLAST07
7137375,0126617001001,0126617001001,BAKING,BAKING,25-06-2023 07:37,26-06-2023 12:48,Completed,29,PITXMPL960G43,14000,g,XMPL-BSC00E5,14000,g,BREADBLAST05
7033173,0126196001001,0126196001001,BAKING,BAKING,29-05-2023 23:41,31-05-2023 17:23,Completed,41,PITXMPL600G43,12500,g,XMPL-BSC00E5,20000,g,BREADBLAST05
7122942,0126672001001,0126672001001,BAKING,BAKING,21-06-2023 08:33,21-06-2023 21:03,Completed,12,PITXMPL960G29T,6000,g,XMPL-BLDSTT,6000,g,BREADBLAST06
7270984,0127348001001,0127348001001,BAKING,BAKING,10-08-2023 05:10,13-08-2023 16:10,RELEASED,83,BRIOXMPL960G78,30000,g,XMPL-BSC00,30000,g,BREADBLAST05
7251128,0127091001001,0127091001001,BAKING,BAKING,26-07-2023 17:33,27-07-2023 04:13,Completed,10,Danish32-Chocolate,18,RL,XMPL-BLDSTT,4067.608696,g,BREADBLAST06
7254362,0127181001001,0127181001001,BAKING,BAKING,02-08-2023 15:21,03-08-2023 19:01,PAUSE,27,BAGGBTR800G75,10000,g,GBTR-LG35,10000,g,BREADBLAST04
7082290,0126280001001,0126280001001,BAKING,BAKING,12-06-2023 12:40,13-06-2023 05:16,Completed,16,BAGGBTR640G75,4000.2,g,GBTR-LG35,6000,g,BREADBLAST07
7002428,0126069001001,0126069001001,BAKING,BAKING,19-05-2023 23:09,22-05-2023 00:51,Completed,49,LOAXMPL860G22,20000,g,XMPL-FRM150,20000,g,BREADBLAST06
7027010,0126277001001,0126277001001,BAKING,BAKING,29-05-2023 20:14,31-05-2023 01:25,Completed,29,PITXMPL560G35,8166.662,g,XMPL-BSC00,14000,g,BREADBLAST06
7017000,0126193001001,0126193001001,BAKING,BAKING,25-05-2023 23:44,27-05-2023 00:45,Completed,25,PITXMPL620G43,7740,g,XMPL-BSC00E5,12000,g,BREADBLAST05
7196330,0126919001001,0126919001001,BAKING,BAKING,09-07-2023 06:00,12-07-2023 09:03,Completed,75,PITXMPL720G43,27000,g,XMPL-BSC00,36000,g,BREADBLAST05
7033359,0126348001001,0126348001001,BAKING,BAKING,07-06-2023 12:20,07-06-2023 23:24,Completed,11,BAGGBTR600G78,2500,g,GBTR-LG55,4000,g,BREADBLAST07
7021605,0125546001001,0125546001001,BAKING,BAKING,27-05-2023 17:22,28-05-2023 10:02,Completed,16,PITXMPL520G35,4622.224,g,XMPL-BSC00,8000,g,BREADBLAST04
7015136,0125953001001,0125953001001,BAKING,BAKING,25-05-2023 21:23,26-05-2023 19:31,Completed,22,BAGGBTR560G69,4667.2,g,GBTR-LG42,8000,g,BREADBLAST07
7015006,0126200001001,0126200001001,BAKING,BAKING,26-05-2023 09:45,27-05-2023 05:37,Completed,19,LOAXMPL800G23,8000,g,XMPL-FRM150,8000,g,BREADBLAST06
7139406,0126675001001,0126675001001,BAKING,BAKING,19-06-2023 10:19,22-06-2023 09:13,Completed,70,PITXMPL960G46,30000,g,XMPL-BLD45,30000,g,BREADBLAST07
7099732,0126540001001,0126540001001,BAKING,BAKING,16-06-2023 06:36,17-06-2023 15:57,Completed,33,PITXMPL560G43,9333.328,g,XMPL-BSC00E5,16000,g,BREADBLAST05
7159928,0126799001001,0126799001001,BAKING,BAKING,26-06-2023 06:59,28-06-2023 00:41,Completed,41,PITXMPL900G43,20000,g,XMPL-BSC00,20000,g,BREADBLAST04
7202659,0126812001001,0126812001001,BAKING,BAKING,08-07-2023 00:50,10-07-2023 08:10,Completed,55,BAGGBTR800G75,20000,g,GBTR-LG35,20000,g,BREADBLAST04
7191584,0127051001001,0127051001001,BAKING,BAKING,10-07-2023 23:52,11-07-2023 16:32,Completed,16,PITXMPL960G29,8000,g,XMPL-FRM100,8000,g,BREADBLAST06
7110722,0126670001001,0126670001001,BAKING,BAKING,18-06-2023 22:08,19-06-2023 14:48,Completed,16,PITXMPL580G43,4833.336,g,XMPL-BSC00,8000,g,BREADBLAST06
7134315,0126666001001,0126666001001,BAKING,BAKING,23-06-2023 18:04,25-06-2023 07:35,Completed,37,PITXMPL720G43,13500,g,XMPL-BSC00E5,18000,g,BREADBLAST05
7034404,0126278001001,0126278001001,BAKING,BAKING,31-05-2023 01:26,01-06-2023 14:57,Completed,37,PITXMPL640G35,12000.006,g,XMPL-BSC00,18000,g,BREADBLAST06
7035222,0126344001001,0126344001001,BAKING,BAKING,28-05-2023 21:32,01-06-2023 08:32,Completed,83,BAGGBTR680G69,21249.99,g,GBTR-LG42,30000,g,BREADBLAST07
6986492,0125946001001,0125946001001,BAKING,BAKING,13-05-2023 13:41,15-05-2023 07:23,Completed,41,PITXMPL960G29,20000,g,XMPL-FRM100,20000,g,BREADBLAST06
6993777,0126068001001,0126068001001,BAKING,BAKING,18-05-2023 22:07,19-05-2023 23:08,Completed,25,PITXMPL520G29,6504,g,XMPL-FRM100,12000,g,BREADBLAST06
7215322,0127124001001,0127124001001,BAKING,BAKING,17-07-2023 09:05,18-07-2023 05:56,Completed,20,PITXMPL560G43,5833.33,g,XMPL-BSC00,10000,g,BREADBLAST06
7256651,0127424001001,0127424001001,BAKING,BAKING,10-08-2023 22:49,11-08-2023 23:50,RELEASED,25,PITXMPL600G35,7500,g,XMPL-BSC00,12000,g,BREADBLAST06
7252371,0127352001001,0127352001001,BAKING,BAKING,06-08-2023 08:41,07-08-2023 06:49,RELEASED,22,BAGGBTR520G70,4333.336,g,GBTR-LG42,8000,g,BREADBLAST07
7252383,0127353001001,0127353001001,BAKING,BAKING,07-08-2023 06:50,07-08-2023 23:26,RELEASED,16,BAGGBTR680G69,4249.998,g,GBTR-LG42,6000,g,BREADBLAST07
7101040,0126680001001,0126680001001,BAKING,BAKING,16-06-2023 07:29,16-06-2023 19:59,Completed,12,PITXMPL560G43,3499.998,g,XMPL-BSC00E5,6000,g,BREADBLAST05
7095132,0126652001001,0126652001001,BAKING,BAKING,15-06-2023 05:00,16-06-2023 07:41,Completed,26,PITXMPL680G43,9066.6624,g,XMPL-BSC00,12800,g,BREADBLAST06
7083002,0126548001001,0126548001001,BAKING,BAKING,14-06-2023 16:04,15-06-2023 00:24,Completed,8,PITXMPL600G29,2500,g,XMPL-FRM100,4000,g,BREADBLAST06
7099673,0126667001001,0126667001001,BAKING,BAKING,16-06-2023 11:42,17-06-2023 16:53,Completed,29,PITXMPL560G43,8166.662,g,XMPL-BSC00,14000,g,BREADBLAST06
7152477,0126843001001,0126843001001,BAKING,BAKING,29-06-2023 05:48,29-06-2023 18:18,Completed,12,PITXMPL520G35,3250.002,g,XMPL-BSC00,6000,g,BREADBLAST06
7129150,0126674001001,0126674001001,BAKING,BAKING,23-06-2023 07:51,23-06-2023 20:21,Completed,12,PITXMPL800G29T,6000,g,XMPL-FRM150TT,7228.915663,g,BREADBLAST06
7124149,0126678001001,0126678001001,BAKING,BAKING,21-06-2023 11:40,21-06-2023 20:00,Completed,8,PITXMPL640G29T,2666.4,g,XMPL-BLDSTT,4000,g,BREADBLAST06
7271170,0127470001001,0127470001001,BAKING,BAKING,13-08-2023 05:46,13-08-2023 18:16,RELEASED,12,PITXMPL560G43,3499.998,g,XMPL-BSC00E5,6000,g,BREADBLAST05
7271171,0127470001001,0127470001001_001,BAKING,BAKING,13-08-2023 05:46,13-08-2023 18:16,RELEASED,12,PITXMPL400G43,2500.002,g,HEX-MLT3M,0E-10,g,BREADBLAST05
7256662,0127425001001,0127425001001,BAKING,BAKING,11-08-2023 23:51,12-08-2023 16:31,RELEASED,16,PITXMPL520G35,4333.336,g,XMPL-BSC00,8000,g,BREADBLAST06
7257479,0127310001001,0127310001001,BAKING,BAKING,27-07-2023 04:14,29-07-2023 07:32,Completed,51,PITXMPL560GRG29,10499.994,g,XMPL-FRM100GR,18000,g,BREADBLAST06
7256684,0127464001001,0127464001001,BAKING,BAKING,30-07-2023 06:08,31-07-2023 04:16,RELEASED,22,BAGGBTR560G75,5332.8,g,GBTR-LG35,8988.764044,g,BREADBLAST04
7256685,0127464001001,0127464001001_001,BAKING,BAKING,30-07-2023 06:08,31-07-2023 04:16,RELEASED,22,BAGGBTR280G75,2667.2,g,HEX-MLT3M,0E-10,g,BREADBLAST04
7256695,0127465001001,0127465001001,BAKING,BAKING,31-07-2023 04:17,02-08-2023 11:37,RELEASED,55,BAGGBTR900G75,20000,g,GBTR-LG35,20000,g,BREADBLAST04
7271159,0127426001001,0127426001001,BAKING,BAKING,12-08-2023 16:31,13-08-2023 21:42,RELEASED,29,PITXMPL560G35,8166.662,g,XMPL-BSC00,14000,g,BREADBLAST06
7256705,0127466001001,0127466001001,BAKING,BAKING,09-08-2023 11:00,10-08-2023 07:51,RELEASED,20,PITXMPL900G43,10000,g,XMPL-BSC00,10000,g,BREADBLAST04
7237965,0127275001001,0127275001001,BAKING,BAKING,21-07-2023 18:16,22-07-2023 10:56,Completed,16,PITXMPL480G35,8000,g,XMPL-BSC00,8000,g,BREADBLAST06
7216222,0127120001001,0127120001001,BAKING,BAKING,19-07-2023 02:17,19-07-2023 18:53,Completed,16,BAGGBTR600G78,3750,g,GBTR-LG55E5,6000,g,BREADBLAST05
7223321,0127185001001,0127185001001,BAKING,BAKING,19-07-2023 02:49,20-07-2023 20:31,Completed,41,PITXMPL960G35,20000,g,XMPL-BSC00,20000,g,BREADBLAST06
7231862,0127233001001,0127233001001,BAKING,BAKING,20-07-2023 05:18,22-07-2023 04:34,Completed,47,PITXMPL680G46,14160,g,XMPL-BLD45E5,20000,g,BREADBLAST05
7270178,0127422001001,0127422001001,BAKING,BAKING,08-08-2023 08:13,10-08-2023 01:55,PAUSE,41,PITXMPL960G35,20000,g,XMPL-BSC00,20000,g,BREADBLAST06
7233167,0126937001001,0126937001001,BAKING,BAKING,19-07-2023 04:21,21-07-2023 11:41,Completed,55,BAGGBTR680G75,15111.12,g,GBTR-LG35,20000,g,BREADBLAST04
7250339,0127241001001,0127241001001,BAKING,BAKING,26-07-2023 00:53,26-07-2023 17:33,Completed,16,PITXMPL600G29,5000,g,XMPL-FRM100,8000,g,BREADBLAST06
