ID,OR,SR,OR-Description,SR-Description,Product,Quantity,quantityUnitOfMeasure,Lot,PostingDate,Description,Crew,Shift,WorkCenter
29318,0125094001001,0125094001001,BAKING,BAKING,PITXMPL960G29,54.0000000000,g,HYDL3200304,2023-03-20 05:14:03.490,Exhaust Issues,D,Shift 2,BREADBLAST06
29319,0125109001001,0125109001001,BAKING,BAKING,BAGGBTR640G69,66.0000000000,g,HYDQ3200304,2023-03-20 05:19:03.613,Exhaust Issues,D,Shift 2,BREADBLAST07
29323,0125020001001,0125020001001,BAKING,BAKING,ROUNDXMPL580G23,690.0000000000,g,HYDL3210309,2023-03-21 18:12:03.527,Batch Transition,D,Shift 2,BREADBLAST06
29324,0125020001001,0125020001001,BAKING,BAKING,ROUNDXMPL580G23,2396.0000000000,g,HYDL3220308,2023-03-22 06:06:03.577,Initial Production Discard,B,Shift 1,BREADBLAST06
29320,0125088001001,0125088001001_001,BAKING,BAKING,PITXMPL400G43,267.0000000000,g,HYDK3200304,2023-03-20 05:32:03.563,Exhaust Issues,D,Shift 2,BREADBLAST05
29321,0125018001001,0125018001001,BAKING,BAKING,PITXMPL800G29T,337.0000000000,g,HYDL3200311,2023-03-20 17:07:03.807,Batch Transition,C,Shift 1,BREADBLAST06
29330,0125020001001,0125020001001,BAKING,BAKING,ROUNDXMPL580G23,240.0000000000,g,HYDL3230308,2023-03-23 05:44:04.350,Exhaust Issues,A,Shift 2,BREADBLAST06
29336,0125142001001,0125142001001,BAKING,BAKING,LOAXMPL860G22,136.0000000000,g,HYDL3240304,2023-03-24 05:27:03.537,Exhaust Issues,D,Shift 2,BREADBLAST06
29376,0125344001001,0125344001001_001,BAKING,BAKING,PITXMPL440G43,1177.0000000000,g,HYDK3020409,2023-04-02 06:08:03.667,Imperfect Goods,B,Shift 1,BREADBLAST05
29377,0125269001001,0125269001001,BAKING,BAKING,PITXMPL900G46,912.0000000000,g,HYDM3020404,2023-04-02 06:15:05.040,Consistency Loss,B,Shift 1,BREADBLAST04
29383,0125368001001,0125368001001,BAKING,BAKING,PITXMPL600G35,349.0000000000,g,HYDQ3030408,2023-04-03 05:47:04.527,Consistency Loss,D,Shift 2,BREADBLAST07
29378,0125368001001,0125368001001,BAKING,BAKING,PITXMPL600G35,831.0000000000,g,HYDQ3020404,2023-04-02 06:17:03.333,Filter Replacement,B,Shift 1,BREADBLAST07
29386,0125270001001,0125270001001,BAKING,BAKING,BAGGBTR900G75,883.0000000000,g,HYDM3040410,2023-04-04 17:13:04.363,Consistency Loss,C,Shift 1,BREADBLAST04
29396,0125305001001,0125305001001,BAKING,BAKING,PITXMPL520G35,543.0000000000,g,HYDK3060408,2023-04-06 05:10:05.807,Consistency Loss,A,Shift 2,BREADBLAST05
29404,0125455001001,0125455001001,BAKING,BAKING,BAGGBTR580G75,580.0000000000,g,HYDM3090408,2023-04-09 04:04:04.123,Consistency Loss,D,Shift 2,BREADBLAST04
29384,0125304001001,0125304001001,BAKING,BAKING,BAGGBTR760G69,1059.0000000000,g,HYDM3040402,2023-04-04 04:41:03.793,Dough Consistency,D,Shift 2,BREADBLAST04
29385,0125304001001,0125304001001,BAKING,BAKING,BAGGBTR760G69,300.0000000000,g,HYDM3040403,2023-04-04 04:41:03.793,Consistency Loss,D,Shift 2,BREADBLAST04
29405,0125455001001,0125455001001,BAKING,BAKING,BAGGBTR580G75,503.0000000000,g,HYDM3090417,2023-04-09 16:56:03.923,Consistency Loss,C,Shift 1,BREADBLAST04
29406,0125465001001,0125465001001,BAKING,BAKING,PITXMPL680G46,398.0000000000,g,HYDQ3110404,2023-04-11 04:52:04.160,Consistency Loss,A,Shift 2,BREADBLAST07
29397,0125111001001,0125111001001,BAKING,BAKING,PITXMPL720G46,872.0000000000,g,HYDQ3060408,2023-04-06 05:11:03.883,Consistency Loss,A,Shift 2,BREADBLAST07
29401,0125111001001,0125111001001,BAKING,BAKING,PITXMPL720G46,584.0000000000,g,HYDQ3070404,2023-04-07 05:12:03.647,Consistency Loss,D,Shift 2,BREADBLAST07
29403,0125303001001,0125303001001,BAKING,BAKING,BAGGBTR800G75,647.0000000000,g,HYDM3080402,2023-04-08 05:40:05.670,Consistency Loss,D,Shift 2,BREADBLAST04
29417,0125352001001,0125352001001,BAKING,BAKING,BAGGBTR720G78,113.0000000000,g,HYDQ3120404,2023-04-12 04:09:04.540,Consistency Loss,D,Shift 2,BREADBLAST07
29418,0125302001001,0125302001001,BAKING,BAKING,BAGGBTR900G75,206.0000000000,g,HYDM3120404,2023-04-12 05:22:03.803,Finalizing Losses,D,Shift 2,BREADBLAST04
29420,0125307001001,0125307001001,BAKING,BAKING,PITXMPL600G29,126.0000000000,g,HYDL3120408,2023-04-12 05:52:03.800,Consistency Loss,D,Shift 2,BREADBLAST06
30075,0127049001001,0127049001001,BAKING,BAKING,PITXMPL580G43,775.0000000000,g,HYDM3190708,2023-07-19 05:12:03.793,Initial Production Discard,D,Shift 2,BREADBLAST04
30077,0127184001001,0127184001001,BAKING,BAKING,PITXMPL960G46,1050.0000000000,g,HYDK3190703,2023-07-19 05:37:04.380,Consistency Loss,D,Shift 2,BREADBLAST05
30081,0127185001001,0127185001001,BAKING,BAKING,PITXMPL960G35,98.0000000000,g,HYDL3200703,2023-07-20 05:54:04.070,Coloring Variance,D,Shift 2,BREADBLAST06
30076,0127185001001,0127185001001,BAKING,BAKING,PITXMPL960G35,34.0000000000,g,HYDL3190702,2023-07-19 05:18:04.467,Consistency Loss,D,Shift 2,BREADBLAST06
30116,0127234001001,0127234001001,BAKING,BAKING,BRIOXMPL600G78,751.0000000000,g,HYDK3230709,2023-07-23 05:00:06.060,Dough Consistency,A,Shift 2,BREADBLAST05
30180,0127308001001,0127308001001,BAKING,BAKING,PITXMPL960G46,183.0000000000,g,HYDK3310702,2023-07-31 05:09:04.030,Consistency Loss,A,Shift 2,BREADBLAST05
30157,0127307001001,0127307001001,BAKING,BAKING,PITXMPL960G43,261.0000000000,g,HYDK3270710,2023-07-27 05:53:04.070,Consistency Loss,A,Shift 2,BREADBLAST05
30179,0127431001001,0127431001001,BAKING,BAKING,BAGGBTR520G75,470.0000000000,g,HYDM3310709,2023-07-31 04:40:05.733,Initial Production Discard,A,Shift 2,BREADBLAST04
28187,0124404001001,0124404001001,BAKING,BAKING,PITXMPL680G43,1879.0000000000,g,HYDQ3040204,2023-02-04 05:07:04.010,Initial Production Discard,A,Shift 2,BREADBLAST07
28213,0124495001001,0124495001001,BAKING,BAKING,BAGGBTR600G69,1071.0000000000,g,HYDQ3090209,2023-02-09 06:03:04.050,Consistency Loss,B,Shift 1,BREADBLAST07
28214,0124534001001,0124534001001,BAKING,BAKING,PITXMPL900G43,1377.0000000000,g,HYDM3090200,2023-02-09 15:56:03.983,Initial Production Discard,B,Shift 1,BREADBLAST04
28182,0124389001001,0124389001001,BAKING,BAKING,PITXMPL960G43,232.0000000000,g,HYDQ3020202,2023-02-02 05:12:03.613,Consistency Loss,D,Shift 2,BREADBLAST07
28186,0124322001001,0124322001001,BAKING,BAKING,PITXMPL800G43,2411.0000000000,g,HYDM3030206,2023-02-03 17:38:04.013,Consistency Loss,B,Shift 1,BREADBLAST04
28179,0124389001001,0124389001001,BAKING,BAKING,PITXMPL960G43,697.0000000000,g,HYDQ3010202,2023-02-01 04:53:03.253,Consistency Loss,D,Shift 2,BREADBLAST07
28181,0124390001001,0124390001001,BAKING,BAKING,BAGGBTR800G75,1290.0000000000,g,HYDM3020200,2023-02-02 05:09:04.203,Production Line Stop,D,Shift 2,BREADBLAST04
28183,0124320001001,0124320001001,BAKING,BAKING,PITXMPL660G46,638.0000000000,g,HYDK3020208,2023-02-02 05:48:04.110,Consistency Loss,D,Shift 2,BREADBLAST05
28221,0124448001001,0124448001001,BAKING,BAKING,PITXMPL800G29T,890.0000000000,g,HYDL3120213,2023-02-12 18:03:03.953,Consistency Loss,D,Shift 2,BREADBLAST06
28228,0124596001001,0124596001001,BAKING,BAKING,BAGGBTR600G75,292.0000000000,g,HYDM3140208,2023-02-14 16:56:04.177,Consistency Loss,B,Shift 1,BREADBLAST04
28240,0124603001001,0124603001001,BAKING,BAKING,PITXMPL900G46,943.0000000000,g,HYDM3190204,2023-02-19 05:22:04.670,Consistency Loss,A,Shift 2,BREADBLAST04
29335,0125139001001,0125139001001,BAKING,BAKING,PITXMPL960G46,52.0000000000,g,HYDQ3240302,2023-03-24 05:19:04.090,Consistency Loss,D,Shift 2,BREADBLAST07
29339,0125092001001,0125092001001,BAKING,BAKING,PITXMPL960G43,1480.0000000000,g,HYDK3250302,2023-03-25 05:46:04.567,Initial Production Discard,D,Shift 2,BREADBLAST05
29340,0125197001001,0125197001001,BAKING,BAKING,PITXMPL960G46,1411.0000000000,g,HYDQ3270304,2023-03-27 06:13:03.170,Consistency Loss,B,Shift 1,BREADBLAST07
29346,0125197001001,0125197001001,BAKING,BAKING,PITXMPL960G46,2556.0000000000,g,HYDQ3280302,2023-03-28 05:31:04.003,Quality Deviation,A,Shift 2,BREADBLAST07
29352,0125265001001,0125265001001,BAKING,BAKING,PITXMPL960G46,48.0000000000,g,HYDQ3290302,2023-03-29 05:48:03.850,Consistency Loss,D,Shift 2,BREADBLAST07
28229,0124559001001,0124559001001,BAKING,BAKING,PITXMPL960G35,114.0000000000,g,HYDQ3150202,2023-02-15 05:39:03.980,Consistency Loss,D,Shift 2,BREADBLAST07
28241,0124631001001,0124631001001,BAKING,BAKING,BAGGBTR680G75,2827.0000000000,g,HYDQ3190204,2023-02-19 06:06:04.967,Consistency Loss,B,Shift 1,BREADBLAST07
29351,0125263001001,0125263001001,BAKING,BAKING,PITXMPL960G43,167.0000000000,g,HYDK3290302,2023-03-29 05:43:05.047,Exhaust Issues,D,Shift 2,BREADBLAST05
29359,0125263001001,0125263001001,BAKING,BAKING,PITXMPL960G43,1282.0000000000,g,HYDK3310306,2023-03-31 16:12:05.097,Initial Production Discard,B,Shift 1,BREADBLAST05
28226,0124559001001,0124559001001,BAKING,BAKING,PITXMPL960G35,46.0000000000,g,HYDQ3140202,2023-02-14 05:23:04.043,Consistency Loss,A,Shift 2,BREADBLAST07
28231,0124556001001,0124556001001,BAKING,BAKING,LOAXMPL860G22,350.0000000000,g,HYDL3160210,2023-02-16 17:35:04.053,Consistency Loss,C,Shift 1,BREADBLAST06
29357,0125323001001,0125323001001,BAKING,BAKING,PITXMPL900G43,1853.0000000000,g,HYDM3310302,2023-03-31 03:46:04.190,Consistency Loss,A,Shift 2,BREADBLAST04
30052,0127123001001,0127123001001,BAKING,BAKING,PITXMPL480G43,120.0000000000,g,HYDL3160720,2023-07-16 17:17:03.893,Exhaust Issues,C,Shift 1,BREADBLAST06
30053,0127124001001,0127124001001,BAKING,BAKING,PITXMPL560G43,341.0000000000,g,HYDL3170709,2023-07-17 05:29:04.730,Exhaust Issues,A,Shift 2,BREADBLAST06
30061,0127186001001,0127186001001,BAKING,BAKING,PITXMPL520G35,166.0000000000,g,HYDL3180704,2023-07-18 05:15:04.183,Batch Transition,A,Shift 2,BREADBLAST06
30066,0127184001001,0127184001001,BAKING,BAKING,PITXMPL960G46,285.0000000000,g,HYDK3180706,2023-07-18 06:27:04.017,Batch Transition,B,Shift 1,BREADBLAST05
30129,0127235001001,0127235001001,BAKING,BAKING,PITXMPL560G43,230.0000000000,g,HYDK3240709,2023-07-24 05:02:04.820,Finalizing Losses,D,Shift 2,BREADBLAST05
30132,0127232001001,0127232001001,BAKING,BAKING,PITXMPL960G29,594.0000000000,g,HYDL3240704,2023-07-24 05:54:04.390,Consistency Loss,D,Shift 2,BREADBLAST06
30103,0127182001001,0127182001001,BAKING,BAKING,BAGGBTR900G75,49.0000000000,g,HYDM3220706,2023-07-22 05:27:04.087,Imperfect Goods,A,Shift 2,BREADBLAST04
29247,0124631001001,0124631001001,BAKING,BAKING,BAGGBTR680G75,1298.0000000000,g,HYDQ3220204,2023-02-22 06:07:04.223,Consistency Loss,B,Shift 1,BREADBLAST07
29244,0124707001001,0124707001001,BAKING,BAKING,PITXMPL960G43,1324.0000000000,g,HYDQ3200202,2023-02-20 05:16:03.483,Consistency Loss,D,Shift 2,BREADBLAST07
29246,0124671001001,0124671001001_001,BAKING,BAKING,PITXMPL400G29,1530.0000000000,g,HYDL3200216,2023-02-20 17:58:04.207,Batch Transition,C,Shift 1,BREADBLAST06
29255,0124631001001,0124631001001,BAKING,BAKING,BAGGBTR680G75,957.0000000000,g,HYDQ3230204,2023-02-23 05:52:03.657,Consistency Loss,A,Shift 2,BREADBLAST07
29256,0124710001001,0124710001001,BAKING,BAKING,LOAXMPL760G22,610.0000000000,g,HYDL3230204,2023-02-23 06:14:03.437,Batch Transition,B,Shift 1,BREADBLAST06
29263,0124703001001,0124703001001_001,BAKING,BAKING,BAGGBTR440G75,1459.0000000000,g,HYDQ3250204,2023-02-25 05:56:04.537,Consistency Loss,D,Shift 2,BREADBLAST07
29260,0124721001001,0124721001001,BAKING,BAKING,PITXMPL440G43,11.0000000000,g,HYDM3240206,2023-02-24 04:38:03.780,Exhaust Issues,D,Shift 2,BREADBLAST04
29267,0124703001001,0124703001001,BAKING,BAKING,BAGGBTR520G75,399.0000000000,g,HYDQ3280204,2023-02-28 05:40:05.080,Consistency Loss,A,Shift 2,BREADBLAST07
29280,0124855001001,0124855001001,BAKING,BAKING,PITXMPL600G43,90.0000000000,g,HYDK3060304,2023-03-06 05:12:03.650,Exhaust Issues,D,Shift 2,BREADBLAST05
29283,0124940001001,0124940001001,BAKING,BAKING,PITXMPL600G43,91.0000000000,g,HYDQ3090304,2023-03-09 04:58:04.190,Dough Consistency,A,Shift 2,BREADBLAST07
29272,0124854001001,0124854001001,BAKING,BAKING,PITXMPL960G43,18.0000000000,g,HYDK3040302,2023-03-04 05:14:03.860,Consistency Loss,A,Shift 2,BREADBLAST05
29264,0124703001001,0124703001001,BAKING,BAKING,BAGGBTR520G75,203.0000000000,g,HYDQ3260204,2023-02-26 05:14:03.363,Consistency Loss,D,Shift 2,BREADBLAST07
29467,0125624001001,0125624001001,BAKING,BAKING,ROUNDXMPL600G23,4034.0000000000,g,HYDL3210404,2023-04-21 05:43:04.127,Texture Profile Inconsistency,D,Shift 2,BREADBLAST06
29469,0125579001001,0125579001001,BAKING,BAKING,PITXMPL960G43,230.0000000000,g,HYDK3210406,2023-04-21 17:04:03.743,Exhaust Issues,C,Shift 1,BREADBLAST05
29470,0125350001001,0125350001001,BAKING,BAKING,PITXMPL960GRG29,3500.0000000000,g,HYDL3210412,2023-04-21 18:18:03.623,Thickness Variance,D,Shift 2,BREADBLAST06
29423,0125463001001,0125463001001,BAKING,BAKING,LOAXMPL760G22,802.0000000000,g,HYDL3150404,2023-04-15 05:34:03.867,Cut Precision,A,Shift 2,BREADBLAST06
29425,0125460001001,0125460001001,BAKING,BAKING,PITXMPL960G43,258.0000000000,g,HYDQ3150404,2023-04-15 05:40:05.380,Consistency Loss,A,Shift 2,BREADBLAST07
29484,0125349001001,0125349001001,BAKING,BAKING,PITXMPL600GRG29,890.0000000000,g,HYDL3250404,2023-04-25 05:34:04.267,Consistency Loss,A,Shift 2,BREADBLAST06
29430,0125460001001,0125460001001,BAKING,BAKING,PITXMPL960G43,89.0000000000,g,HYDQ3160402,2023-04-16 05:24:04.010,Consistency Loss,A,Shift 2,BREADBLAST07
29432,0125463001001,0125463001001,BAKING,BAKING,LOAXMPL760G22,1205.0000000000,g,HYDL3160404,2023-04-16 05:49:03.653,Cut Precision,A,Shift 2,BREADBLAST06
29471,0125350001001,0125350001001,BAKING,BAKING,PITXMPL960GRG29,1174.0000000000,g,HYDL3220404,2023-04-22 05:05:03.883,Thickness Variance,D,Shift 2,BREADBLAST06
29503,0125153001001,0125153001001,BAKING,BAKING,BAGGBTR680G75,325.0000000000,g,HYDQ3260405,2023-04-26 05:16:03.977,Consistency Loss,D,Shift 2,BREADBLAST07
29629,0125945001001,0125945001001,BAKING,BAKING,PITXMPL640G29,2245.0000000000,g,HYDL3170504,2023-05-17 05:05:04.223,Consistency Loss,A,Shift 2,BREADBLAST06
29636,0126035001001,0126035001001,BAKING,BAKING,PITXMPL680G43,76.0000000000,g,HYDK3180504,2023-05-18 05:21:03.763,Consistency Loss,A,Shift 2,BREADBLAST05
29651,0126033001001,0126033001001,BAKING,BAKING,PITXMPL520G43,275.0000000000,g,HYDK3190508,2023-05-19 06:00:07.477,Consistency Loss,D,Shift 2,BREADBLAST05
29654,0125946001001,0125946001001,BAKING,BAKING,PITXMPL960G29,240.0000000000,g,HYDL3190513,2023-05-19 17:47:03.540,Consistency Loss,C,Shift 1,BREADBLAST06
29656,0126034001001,0126034001001,BAKING,BAKING,PITXMPL600G43,164.0000000000,g,HYDK3200504,2023-05-20 04:32:04.247,Consistency Loss,D,Shift 2,BREADBLAST05
29638,0126088001001,0126088001001,BAKING,BAKING,PITXMPL600G43,300.0000000000,g,HYDL3180508,2023-05-18 05:59:04.513,Consistency Loss,A,Shift 2,BREADBLAST06
29652,0126091001001,0126091001001,BAKING,BAKING,PITXMPL520G35,1009.0000000000,g,HYDQ3190508,2023-05-19 06:33:03.840,Consistency Loss,C,Shift 1,BREADBLAST07
29657,0126038001001,0126038001001_001,BAKING,BAKING,PITXMPL360G46,191.0000000000,g,HYDQ3200504,2023-05-20 04:48:04.463,Consistency Loss,D,Shift 2,BREADBLAST07
29659,0126066001001,0126066001001,BAKING,BAKING,PITXMPL600G29,180.0000000000,g,HYDL3200514,2023-05-20 17:00:05.577,Consistency Loss,C,Shift 1,BREADBLAST06
29891,0126675001001,0126675001001,BAKING,BAKING,PITXMPL960G46,1447.0000000000,g,HYDQ3200604,2023-06-20 05:58:03.923,Initial Production Discard,A,Shift 2,BREADBLAST07
29908,0126766001001,0126766001001,BAKING,BAKING,PITXMPL900G43,7.0000000000,g,HYDM3220604,2023-06-22 05:27:04.100,Consistency Loss,D,Shift 2,BREADBLAST04
29909,0126543001001,0126543001001,BAKING,BAKING,PITXMPL600G43,82.0000000000,g,HYDK3230604,2023-06-23 05:56:03.857,Consistency Loss,A,Shift 2,BREADBLAST05
29889,0126671001001,0126671001001,BAKING,BAKING,ROUNDXMPL440G23,69.0000000000,g,HYDL3200608,2023-06-20 05:33:04.150,Exhaust Issues,A,Shift 2,BREADBLAST06
29903,0126671001001,0126671001001,BAKING,BAKING,ROUNDXMPL440G23,419.0000000000,g,HYDL3210608,2023-06-21 05:22:03.937,Batch Transition,D,Shift 2,BREADBLAST06
29907,0126672001001,0126672001001,BAKING,BAKING,PITXMPL960G29T,97.0000000000,g,HYDL3220604,2023-06-22 05:17:03.993,Exhaust Issues,D,Shift 2,BREADBLAST06
29919,0126665001001,0126665001001,BAKING,BAKING,PITXMPL900G46,310.0000000000,g,HYDM3240604,2023-06-24 05:52:04.100,Consistency Loss,A,Shift 2,BREADBLAST04
29920,0126666001001,0126666001001,BAKING,BAKING,PITXMPL720G43,128.0000000000,g,HYDK3240612,2023-06-24 06:36:03.823,Consistency Loss,B,Shift 1,BREADBLAST05
29934,0126700001001,0126700001001,BAKING,BAKING,LOAXMPL680G22,588.0000000000,g,HYDL3250606,2023-06-25 05:42:03.970,Cut Precision,A,Shift 2,BREADBLAST06
29932,0126665001001,0126665001001,BAKING,BAKING,PITXMPL900G46,707.0000000000,g,HYDM3250602,2023-06-25 05:33:04.390,Batch Transition,A,Shift 2,BREADBLAST04
29952,0126804001001,0126804001001,BAKING,BAKING,LOAXMPL640G22,1119.0000000000,g,HYDL3270606,2023-06-27 06:06:04.460,Cut Precision,C,Shift 1,BREADBLAST06
29928,0126617001001,0126617001001,BAKING,BAKING,PITXMPL960G43,172.0000000000,g,HYDK3250608,2023-06-25 05:09:03.603,Consistency Loss,A,Shift 2,BREADBLAST05
29943,0126798001001,0126798001001,BAKING,BAKING,BAGGBTR760G69,760.0000000000,g,HYDM3260602,2023-06-26 05:07:03.947,Cut Precision,D,Shift 2,BREADBLAST04
29950,0126700001001,0126700001001,BAKING,BAKING,LOAXMPL680G22,1740.0000000000,g,HYDL3260613,2023-06-26 17:25:04.433,Cut Precision,C,Shift 1,BREADBLAST06
29956,0126842001001,0126842001001,BAKING,BAKING,PITXMPL960G35,1281.0000000000,g,HYDL3280608,2023-06-28 05:24:04.683,Cut Precision,A,Shift 2,BREADBLAST06
29957,0126799001001,0126799001001,BAKING,BAKING,PITXMPL900G43,123.0000000000,g,HYDM3280604,2023-06-28 05:39:04.010,Consistency Loss,A,Shift 2,BREADBLAST04
29948,0126700001001,0126700001001,BAKING,BAKING,LOAXMPL680G22,1419.0000000000,g,HYDL3260604,2023-06-26 05:43:03.907,Cut Precision,D,Shift 2,BREADBLAST06
29954,0126804001001,0126804001001,BAKING,BAKING,LOAXMPL640G22,2290.0000000000,g,HYDL3270613,2023-06-27 17:35:04.230,Cut Precision,C,Shift 1,BREADBLAST06
29975,0126918001001,0126918001001,BAKING,BAKING,PITXMPL960G35,314.0000000000,g,HYDL3030702,2023-07-03 05:04:04.620,Exhaust Issues,A,Shift 2,BREADBLAST06
29989,0126807001001,0126807001001,BAKING,BAKING,PITXMPL600G46,255.0000000000,g,HYDK3050704,2023-07-05 05:52:04.963,Finalizing Losses,D,Shift 2,BREADBLAST05
29990,0126957001001,0126957001001,BAKING,BAKING,PITXMPL960G29,1250.0000000000,g,HYDL3050711,2023-07-05 17:19:04.393,Production Line Stop,C,Shift 1,BREADBLAST06
29439,0125309001001,0125309001001,BAKING,BAKING,LOAXMPL860G22,209.0000000000,g,HYDL3180404,2023-04-18 04:55:03.840,Consistency Loss,D,Shift 2,BREADBLAST06
29440,0125583001001,0125583001001,BAKING,BAKING,PITXMPL560G43,284.0000000000,g,HYDQ3180404,2023-04-18 05:14:03.677,Consistency Loss,D,Shift 2,BREADBLAST07
29442,0125309001001,0125309001001,BAKING,BAKING,LOAXMPL860G22,600.0000000000,g,HYDL3180411,2023-04-18 17:01:03.660,Quality Deviation,C,Shift 1,BREADBLAST06
29443,0125540001001,0125540001001,BAKING,BAKING,LOAXMPL800G23,473.0000000000,g,HYDL3190404,2023-04-19 04:49:04.323,Consistency Loss,A,Shift 2,BREADBLAST06
29437,0125309001001,0125309001001,BAKING,BAKING,LOAXMPL860G22,460.0000000000,g,HYDL3170402,2023-04-17 05:29:04.737,Measurement Deviation,D,Shift 2,BREADBLAST06
29438,0125578001001,0125578001001,BAKING,BAKING,PITXMPL600G35,544.0000000000,g,HYDK3170404,2023-04-17 05:31:04.003,Consistency Loss,D,Shift 2,BREADBLAST05
29449,0125540001001,0125540001001,BAKING,BAKING,LOAXMPL800G23,853.0000000000,g,HYDL3200404,2023-04-20 05:23:03.850,Cut Precision,A,Shift 2,BREADBLAST06
29472,0125350001001,0125350001001,BAKING,BAKING,PITXMPL960GRG29,490.0000000000,g,HYDL3220411,2023-04-22 17:58:03.790,Exhaust Issues,C,Shift 1,BREADBLAST06
29482,0125667001001,0125667001001,BAKING,BAKING,PITXMPL600G43,281.0000000000,g,HYDK3250408,2023-04-25 05:20:05.437,Exhaust Issues,A,Shift 2,BREADBLAST05
29504,0125667001001,0125667001001,BAKING,BAKING,PITXMPL600G43,82.0000000000,g,HYDK3260408,2023-04-26 05:35:03.773,Exhaust Issues,D,Shift 2,BREADBLAST05
29507,0125349001001,0125349001001,BAKING,BAKING,PITXMPL600GRG29,3920.0000000000,g,HYDL3260402,2023-04-26 18:04:04.420,Production Line Stop,D,Shift 2,BREADBLAST06
29509,0125371001001,0125371001001,BAKING,BAKING,PITXMPL440G43,947.0000000000,g,HYDM3280404,2023-04-28 04:17:04.117,Consistency Loss,A,Shift 2,BREADBLAST04
29514,0125739001001,0125739001001,BAKING,BAKING,BAGGBTR960G75,225.0000000000,g,HYDQ3290404,2023-04-29 05:49:03.707,Consistency Loss,A,Shift 2,BREADBLAST07
29517,0125548001001,0125548001001,BAKING,BAKING,PITXMPL660G46,209.0000000000,g,HYDQ3300404,2023-04-30 05:31:04.110,Consistency Loss,A,Shift 2,BREADBLAST07
29512,0125623001001,0125623001001,BAKING,BAKING,PITXMPL900G43,1307.0000000000,g,HYDM3290402,2023-04-29 04:34:03.647,Production Line Stop,A,Shift 2,BREADBLAST04
29518,0125790001001,0125790001001,BAKING,BAKING,PITXMPL600G35,42.0000000000,g,HYDL3300408,2023-04-30 05:39:04.000,Consistency Loss,A,Shift 2,BREADBLAST06
29521,0125792001001,0125792001001,BAKING,BAKING,PITXMPL480G35,50.0000000000,g,HYDL3300421,2023-04-30 17:33:04.070,Baking Core Inconsistency,B,Shift 1,BREADBLAST06
29525,0125791001001,0125791001001,BAKING,BAKING,PITXMPL960G35,311.0000000000,g,HYDL3010502,2023-05-01 04:52:03.860,Exhaust Issues,D,Shift 2,BREADBLAST06
29527,0125722001001,0125722001001_001,BAKING,BAKING,PITXMPL420G46,222.0000000000,g,HYDK3010508,2023-05-01 05:32:03.767,Finalizing Losses,D,Shift 2,BREADBLAST05
29528,0125543001001,0125543001001,BAKING,BAKING,PITXMPL900G46,93.0000000000,g,HYDM3020504,2023-05-02 04:47:03.710,Finalizing Losses,D,Shift 2,BREADBLAST04
29506,0125349001001,0125349001001,BAKING,BAKING,PITXMPL600GRG29,2795.0000000000,g,HYDL3260400,2023-04-26 05:50:06.340,Batch Transition,D,Shift 2,BREADBLAST06
29508,0125371001001,0125371001001,BAKING,BAKING,PITXMPL440G43,1016.0000000000,g,HYDM3270404,2023-04-27 04:43:03.837,Production Line Stop,D,Shift 2,BREADBLAST04
29513,0125742001001,0125742001001,BAKING,BAKING,PITXMPL960G29,1723.0000000000,g,HYDL3290404,2023-04-29 05:16:03.750,Consistency Loss,A,Shift 2,BREADBLAST06
29519,0125623001001,0125623001001,BAKING,BAKING,PITXMPL900G43,53.0000000000,g,HYDM3300402,2023-04-30 05:44:03.710,Exhaust Issues,A,Shift 2,BREADBLAST04
29526,0125668001001,0125668001001,BAKING,BAKING,PITXMPL540G46,399.0000000000,g,HYDQ3010507,2023-05-01 05:30:06.023,Consistency Loss,D,Shift 2,BREADBLAST07
29529,0125787001001,0125787001001,BAKING,BAKING,LOAXMPL860G22,106.0000000000,g,HYDL3020502,2023-05-02 04:59:04.060,Exhaust Issues,D,Shift 2,BREADBLAST06
29559,0125723001001,0125723001001,BAKING,BAKING,LOAXMPL860G23,350.0000000000,g,HYDL3050515,2023-05-05 17:54:04.030,Consistency Loss,C,Shift 1,BREADBLAST06
29288,0124871001001,0124871001001_001,BAKING,BAKING,PITXMPL380G43,487.0000000000,g,HYDK3100308,2023-03-10 05:38:03.690,Exhaust Issues,D,Shift 2,BREADBLAST05
29289,0124853001001,0124853001001,BAKING,BAKING,PITXMPL600G35,92.0000000000,g,HYDK3120304,2023-03-12 05:33:03.503,Exhaust Issues,D,Shift 2,BREADBLAST05
29294,0125036001001,0125036001001_001,BAKING,BAKING,PITXMPL440G35,1537.0000000000,g,HYDK3150316,2023-03-15 17:37:03.750,Consistency Loss,C,Shift 1,BREADBLAST05
29302,0125077001001,0125077001001,BAKING,BAKING,BAGGBTR600G78,210.0000000000,g,HYDQ3180302,2023-03-18 04:16:03.720,Exhaust Issues,A,Shift 2,BREADBLAST07
29295,0125093001001,0125093001001,BAKING,BAKING,PITXMPL960G43,242.0000000000,g,HYDK3170318,2023-03-17 16:24:03.527,Exhaust Issues,B,Shift 1,BREADBLAST05
29303,0125093001001,0125093001001,BAKING,BAKING,PITXMPL960G43,4.0000000000,g,HYDK3180304,2023-03-18 04:40:04.817,Finalizing Losses,A,Shift 2,BREADBLAST05
29310,0125121001001,0125121001001,BAKING,BAKING,PITXMPL720G29,331.0000000000,g,HYDL3190308,2023-03-19 05:43:03.870,Exhaust Issues,A,Shift 2,BREADBLAST06
29338,0125092001001,0125092001001,BAKING,BAKING,PITXMPL960G43,175.0000000000,g,HYDK3240302,2023-03-24 05:36:03.600,Exhaust Issues,D,Shift 2,BREADBLAST05
29355,0125263001001,0125263001001,BAKING,BAKING,PITXMPL960G43,860.0000000000,g,HYDK3300302,2023-03-30 05:47:04.213,Initial Production Discard,D,Shift 2,BREADBLAST05
29311,0125088001001,0125088001001,BAKING,BAKING,PITXMPL560G43,541.0000000000,g,HYDK3190304,2023-03-19 05:48:04.007,Consistency Loss,A,Shift 2,BREADBLAST05
29354,0125269001001,0125269001001,BAKING,BAKING,PITXMPL900G46,1340.0000000000,g,HYDM3290308,2023-03-29 17:27:03.847,Consistency Loss,C,Shift 1,BREADBLAST04
29356,0125323001001,0125323001001,BAKING,BAKING,PITXMPL900G43,1358.0000000000,g,HYDM3300300,2023-03-30 17:25:03.677,Consistency Loss,C,Shift 1,BREADBLAST04
29542,0125669001001,0125669001001,BAKING,BAKING,PITXMPL660G46,884.0000000000,g,HYDQ3040508,2023-05-04 05:44:03.850,Consistency Loss,A,Shift 2,BREADBLAST07
29558,0125351001001,0125351001001,BAKING,BAKING,PITXMPL480GRG29,808.0000000000,g,HYDL3050508,2023-05-05 07:15:04.067,Batch Transition,C,Shift 1,BREADBLAST06
29564,0125544001001,0125544001001,BAKING,BAKING,BAGGBTR800G75,1198.0000000000,g,HYDM3060504,2023-05-06 05:11:03.683,Consistency Loss,D,Shift 2,BREADBLAST04
29568,0125544001001,0125544001001,BAKING,BAKING,BAGGBTR800G75,1896.0000000000,g,HYDM3070502,2023-05-07 05:30:05.730,Consistency Loss,,Shift 2,BREADBLAST04
29623,0125943001001,0125943001001,BAKING,BAKING,BAGGBTR900G75,1057.0000000000,g,HYDM3160502,2023-05-16 05:07:03.943,Production Line Stop,D,Shift 2,BREADBLAST04
29624,0125955001001,0125955001001,BAKING,BAKING,PITXMPL960G43,723.0000000000,g,HYDK3160502,2023-05-16 05:10:06.050,Consistency Loss,D,Shift 2,BREADBLAST05
29625,0125955001001,0125955001001,BAKING,BAKING,PITXMPL960G43,540.0000000000,g,HYDK3160509,2023-05-16 18:02:03.797,Baking Core Inconsistency,D,Shift 2,BREADBLAST05
29627,0125955001001,0125955001001,BAKING,BAKING,PITXMPL960G43,644.0000000000,g,HYDK3170502,2023-05-17 04:02:04.073,Consistency Loss,A,Shift 2,BREADBLAST05
29628,0125860001001,0125860001001,BAKING,BAKING,PITXMPL580G43,787.0000000000,g,HYDQ3170504,2023-05-17 04:24:04.143,Consistency Loss,A,Shift 2,BREADBLAST07
29557,0125669001001,0125669001001_001,BAKING,BAKING,PITXMPL300G46,517.0000000000,g,HYDQ3050508,2023-05-05 06:51:04.020,Consistency Loss,C,Shift 1,BREADBLAST07
29562,0125723001001,0125723001001,BAKING,BAKING,LOAXMPL860G23,85.0000000000,g,HYDL3060504,2023-05-06 01:30:05.443,Imperfect Goods,D,Shift 2,BREADBLAST06
29566,0125958001001,0125958001001,BAKING,BAKING,PITXMPL960G35,2716.0000000000,g,HYDQ3060502,2023-05-06 05:40:06.363,Consistency Loss,D,Shift 2,BREADBLAST07
29571,0125544001001,0125544001001,BAKING,BAKING,BAGGBTR800G75,641.0000000000,g,HYDM3080504,2023-05-08 06:01:04.023,Initial Production Discard,B,Shift 1,BREADBLAST04
29578,0125943001001,0125943001001,BAKING,BAKING,BAGGBTR900G75,1100.0000000000,g,HYDM3090506,2023-05-09 05:50:05.650,Consistency Loss,A,Shift 2,BREADBLAST04
29586,0125622001001,0125622001001,BAKING,BAKING,PITXMPL800G43,490.0000000000,g,HYDM3110502,2023-05-11 03:27:04.013,Initial Production Discard,D,Shift 2,BREADBLAST04
29589,0125494001001,0125494001001,BAKING,BAKING,PITXMPL800G29T,567.0000000000,g,HYDL3110511,2023-05-11 15:27:04.087,Finalizing Losses,C,Shift 1,BREADBLAST06
29592,0125947001001,0125947001001_001,BAKING,BAKING,BAGGBTR360G78,52.0000000000,g,HYDK3120504,2023-05-12 05:27:04.150,Baking Core Inconsistency,A,Shift 2,BREADBLAST05
29593,0125494001001,0125494001001,BAKING,BAKING,PITXMPL800G29T,2255.0000000000,g,HYDL3120506,2023-05-12 06:13:03.570,Batch Transition,B,Shift 1,BREADBLAST06
29599,0125858001001,0125858001001,BAKING,BAKING,PITXMPL680G43,308.0000000000,g,HYDQ3130508,2023-05-13 05:05:03.663,Consistency Loss,A,Shift 2,BREADBLAST07
29579,0125855001001,0125855001001,BAKING,BAKING,PITXMPL960G35,1672.0000000000,g,HYDQ3090502,2023-05-09 06:15:04.400,Initial Production Discard,B,Shift 1,BREADBLAST07
29616,0125943001001,0125943001001,BAKING,BAKING,BAGGBTR900G75,85.0000000000,g,HYDM3150502,2023-05-15 05:24:03.950,Consistency Loss,D,Shift 2,BREADBLAST04
29585,0125494001001,0125494001001,BAKING,BAKING,PITXMPL800G29T,550.0000000000,g,HYDL3100512,2023-05-10 18:05:04.467,Finalizing Losses,D,Shift 2,BREADBLAST06
29587,0125494001001,0125494001001,BAKING,BAKING,PITXMPL800G29T,683.0000000000,g,HYDL3110502,2023-05-11 04:03:04.080,Finalizing Losses,D,Shift 2,BREADBLAST06
29588,0125670001001,0125670001001,BAKING,BAKING,PITXMPL680G46,144.0000000000,g,HYDK3110504,2023-05-11 05:36:03.703,Batch Transition,D,Shift 2,BREADBLAST05
29591,0125622001001,0125622001001,BAKING,BAKING,PITXMPL800G43,474.0000000000,g,HYDM3120502,2023-05-12 05:23:04.430,Initial Production Discard,A,Shift 2,BREADBLAST04
29604,0125721001001,0125721001001,BAKING,BAKING,PITXMPL560G43,470.0000000000,g,HYDK3140504,2023-05-14 05:05:03.897,Consistency Loss,A,Shift 2,BREADBLAST05
29608,0125943001001,0125943001001,BAKING,BAKING,BAGGBTR900G75,500.0000000000,g,HYDM3140507,2023-05-14 17:55:03.737,Dough Consistency,B,Shift 1,BREADBLAST04
29609,0125943001001,0125943001001,BAKING,BAKING,BAGGBTR900G75,13048.0000000000,g,HYDM3140508,2023-05-14 17:56:04.510,Initial Production Discard,B,Shift 1,BREADBLAST04
29610,0125943001001,0125943001001,BAKING,BAKING,BAGGBTR900G75,400.0000000000,g,HYDM3140509,2023-05-14 17:56:04.510,Cut Precision,B,Shift 1,BREADBLAST04
29615,0125859001001,0125859001001,BAKING,BAKING,PITXMPL600G43,159.0000000000,g,HYDQ3150504,2023-05-15 04:49:03.603,Consistency Loss,D,Shift 2,BREADBLAST07
29617,0125954001001,0125954001001,BAKING,BAKING,PITXMPL520G43,319.0000000000,g,HYDK3150508,2023-05-15 05:32:05.123,Exhaust Issues,D,Shift 2,BREADBLAST05
29649,0125946001001,0125946001001,BAKING,BAKING,PITXMPL960G29,278.0000000000,g,HYDL3190504,2023-05-19 04:37:04.943,Exhaust Issues,D,Shift 2,BREADBLAST06
29821,0126449001001,0126449001001,BAKING,BAKING,LOAXMPL860G22,166.0000000000,g,HYDL3110604,2023-06-11 06:09:04.763,Exhaust Issues,B,Shift 1,BREADBLAST06
29830,0126275001001,0126275001001,BAKING,BAKING,PITXMPL960G43,1015.0000000000,g,HYDK3120600,2023-06-12 05:44:04.530,Consistency Loss,D,Shift 2,BREADBLAST05
29835,0126615001001,0126615001001,BAKING,BAKING,PITXMPL960G35,1239.0000000000,g,HYDK3140602,2023-06-14 05:30:05.590,Consistency Loss,A,Shift 2,BREADBLAST05
29840,0126618001001,0126618001001,BAKING,BAKING,PITXMPL640G35,219.0000000000,g,HYDL3140624,2023-06-14 17:44:03.873,Batch Transition,B,Shift 1,BREADBLAST06
29851,0126619001001,0126619001001_001,BAKING,BAKING,PITXMPL280G35,4.0000000000,g,HYDL3150608,2023-06-15 05:35:05.177,Finalizing Losses,A,Shift 2,BREADBLAST06
29834,0126548001001,0126548001001,BAKING,BAKING,PITXMPL600G29,160.0000000000,g,HYDL3130613,2023-06-13 17:55:04.527,Exhaust Issues,C,Shift 1,BREADBLAST06
29853,0126652001001,0126652001001,BAKING,BAKING,PITXMPL680G43,95.0000000000,g,HYDL3150621,2023-06-15 16:41:03.707,Batch Transition,B,Shift 1,BREADBLAST06
29868,0126652001001,0126652001001,BAKING,BAKING,PITXMPL680G43,252.0000000000,g,HYDL3160604,2023-06-16 05:39:04.913,Exhaust Issues,D,Shift 2,BREADBLAST06
29870,0126667001001,0126667001001_001,BAKING,BAKING,PITXMPL400G43,160.0000000000,g,HYDL3160617,2023-06-16 16:18:04.307,Elasticity Variations,C,Shift 1,BREADBLAST06
29873,0126540001001,0126540001001,BAKING,BAKING,PITXMPL560G43,32.0000000000,g,HYDK3170604,2023-06-17 05:14:03.923,Dough Consistency,D,Shift 2,BREADBLAST05
29875,0126667001001,0126667001001,BAKING,BAKING,PITXMPL560G43,82.0000000000,g,HYDL3170608,2023-06-17 05:31:03.810,Exhaust Issues,D,Shift 2,BREADBLAST06
29877,0126400001001,0126400001001,BAKING,BAKING,PITXMPL900G43,2117.0000000000,g,HYDM3180604,2023-06-18 05:20:05.767,Filter Replacement,D,Shift 2,BREADBLAST04
29849,0126202001001,0126202001001,BAKING,BAKING,PITXMPL760G46,756.0000000000,g,HYDM3150604,2023-06-15 05:13:04.200,Consistency Loss,A,Shift 2,BREADBLAST04
29866,0126399001001,0126399001001,BAKING,BAKING,PITXMPL800G43,776.0000000000,g,HYDM3160602,2023-06-16 05:12:03.767,Cut Precision,D,Shift 2,BREADBLAST04
29879,0126541001001,0126541001001_001,BAKING,BAKING,PITXMPL420G43,98.0000000000,g,HYDK3180608,2023-06-18 06:06:06.183,Finalizing Losses,C,Shift 1,BREADBLAST05
29867,0126544001001,0126544001001_001,BAKING,BAKING,PITXMPL360G46,34.0000000000,g,HYDQ3160608,2023-06-16 05:28:04.590,Dough Consistency,D,Shift 2,BREADBLAST07
29874,0126399001001,0126399001001,BAKING,BAKING,PITXMPL800G43,569.0000000000,g,HYDM3170604,2023-06-17 05:20:05.507,Cut Precision,D,Shift 2,BREADBLAST04
29878,0126669001001,0126669001001,BAKING,BAKING,PITXMPL640G43,115.0000000000,g,HYDL3180608,2023-06-18 05:27:03.600,Exhaust Issues,D,Shift 2,BREADBLAST06
29947,0126617001001,0126617001001,BAKING,BAKING,PITXMPL960G43,103.0000000000,g,HYDK3260604,2023-06-26 05:20:05.530,Cut Precision,D,Shift 2,BREADBLAST05
29962,0126801001001,0126801001001,BAKING,BAKING,PITXMPL680G43,370.0000000000,g,HYDK3290608,2023-06-29 05:32:03.950,Consistency Loss,A,Shift 2,BREADBLAST05
29963,0126916001001,0126916001001,BAKING,BAKING,PITXMPL680G43,2609.0000000000,g,HYDQ3290604,2023-06-29 05:50:06.110,Consistency Loss,A,Shift 2,BREADBLAST07
29966,0126844001001,0126844001001,BAKING,BAKING,PITXMPL600G35,256.0000000000,g,HYDL3300608,2023-06-30 05:32:06.520,Exhaust Issues,D,Shift 2,BREADBLAST06
29982,0126955001001,0126955001001,BAKING,BAKING,PITXMPL560G35,187.0000000000,g,HYDL3040708,2023-07-04 05:24:04.587,Finalizing Losses,A,Shift 2,BREADBLAST06
29971,0126921001001,0126921001001,BAKING,BAKING,PITXMPL800G43,1207.0000000000,g,HYDM3010702,2023-07-01 04:57:03.843,Thickness Variance,D,Shift 2,BREADBLAST04
29974,0126846001001,0126846001001,BAKING,BAKING,PITXMPL960G43,2485.0000000000,g,HYDK3020702,2023-07-02 06:05:03.997,Batch Transition,C,Shift 1,BREADBLAST05
29992,0126995001001,0126995001001,BAKING,BAKING,PITXMPL680G29,89.0000000000,g,HYDL3070708,2023-07-07 05:20:06.053,Exhaust Issues,A,Shift 2,BREADBLAST06
29993,0126934001001,0126934001001,BAKING,BAKING,PITXMPL660G46,1889.0000000000,g,HYDK3070704,2023-07-07 05:49:04.053,Dough Consistency,A,Shift 2,BREADBLAST05
29961,0126843001001,0126843001001,BAKING,BAKING,PITXMPL520G35,40.0000000000,g,HYDL3290606,2023-06-29 05:31:04.397,Exhaust Issues,A,Shift 2,BREADBLAST06
29967,0126840001001,0126840001001,BAKING,BAKING,PITXMPL960G46,1225.0000000000,g,HYDK3300608,2023-06-30 05:50:06.427,Initial Production Discard,D,Shift 2,BREADBLAST05
29970,0126918001001,0126918001001,BAKING,BAKING,PITXMPL960G35,271.0000000000,g,HYDL3010708,2023-07-01 04:51:04.153,Exhaust Issues,D,Shift 2,BREADBLAST06
29973,0126918001001,0126918001001,BAKING,BAKING,PITXMPL960G35,501.0000000000,g,HYDL3020704,2023-07-02 05:21:04.010,Exhaust Issues,D,Shift 2,BREADBLAST06
29976,0126846001001,0126846001001,BAKING,BAKING,PITXMPL960G43,199.0000000000,g,HYDK3030704,2023-07-03 06:00:06.673,Measurement Deviation,A,Shift 2,BREADBLAST05
29988,0126957001001,0126957001001,BAKING,BAKING,PITXMPL960G29,239.0000000000,g,HYDL3050704,2023-07-05 05:48:04.890,Batch Transition,D,Shift 2,BREADBLAST06
29999,0126921001001,0126921001001,BAKING,BAKING,PITXMPL800G43,816.0000000000,g,HYDM3080702,2023-07-08 05:14:04.253,Consistency Loss,A,Shift 2,BREADBLAST04
30000,0126934001001,0126934001001,BAKING,BAKING,PITXMPL660G46,136.0000000000,g,HYDK3080708,2023-07-08 05:48:03.920,Production Line Stop,A,Shift 2,BREADBLAST05
30009,0126996001001,0126996001001,BAKING,BAKING,LOAXMPL760G22,923.0000000000,g,HYDL3090704,2023-07-09 06:02:04.523,Batch Transition,B,Shift 1,BREADBLAST06
30003,0126959001001,0126959001001,BAKING,BAKING,PITXMPL800G29T,865.0000000000,g,HYDL3080704,2023-07-08 05:58:04.037,Batch Transition,A,Shift 2,BREADBLAST06
30008,0126919001001,0126919001001,BAKING,BAKING,PITXMPL720G43,60.0000000000,g,HYDK3090706,2023-07-09 05:57:04.010,Finalizing Losses,A,Shift 2,BREADBLAST05
30010,0126973001001,0126973001001,BAKING,BAKING,PITXMPL800G43,598.0000000000,g,HYDM3090704,2023-07-09 06:07:04.440,Cut Precision,B,Shift 1,BREADBLAST04
30025,0126993001001,0126993001001,BAKING,BAKING,PITXMPL760G46,1015.0000000000,g,HYDM3110704,2023-07-11 04:35:04.220,Initial Production Discard,D,Shift 2,BREADBLAST04
30027,0126845001001,0126845001001,BAKING,BAKING,PITXMPL600G43,856.0000000000,g,HYDL3120712,2023-07-12 04:32:04.210,Finalizing Losses,A,Shift 2,BREADBLAST06
30022,0127050001001,0127050001001,BAKING,BAKING,LOAXMPL860G22,779.0000000000,g,HYDL3100704,2023-07-10 05:53:03.967,Exhaust Issues,D,Shift 2,BREADBLAST06
30023,0126919001001,0126919001001,BAKING,BAKING,PITXMPL720G43,48.0000000000,g,HYDK3100708,2023-07-10 06:03:04.267,Consistency Loss,C,Shift 1,BREADBLAST05
30026,0127051001001,0127051001001,BAKING,BAKING,PITXMPL960G29,224.0000000000,g,HYDL3110704,2023-07-11 05:27:04.037,Consistency Loss,D,Shift 2,BREADBLAST06
30038,0126845001001,0126845001001,BAKING,BAKING,PITXMPL600G43,889.0000000000,g,HYDL3130704,2023-07-13 05:39:04.230,Consistency Loss,A,Shift 2,BREADBLAST06
30021,0127049001001,0127049001001,BAKING,BAKING,PITXMPL580G43,882.0000000000,g,HYDM3100704,2023-07-10 05:47:04.320,Consistency Loss,D,Shift 2,BREADBLAST04
30028,0127066001001,0127066001001,BAKING,BAKING,PITXMPL960G43,603.0000000000,g,HYDK3120706,2023-07-12 05:46:03.927,Consistency Loss,A,Shift 2,BREADBLAST05
30036,0126812001001,0126812001001,BAKING,BAKING,BAGGBTR800G75,855.0000000000,g,HYDM3130702,2023-07-13 05:32:03.920,Cut Precision,A,Shift 2,BREADBLAST04
30037,0126954001001,0126954001001,BAKING,BAKING,BRIOXMPL960G78,625.0000000000,g,HYDK3130704,2023-07-13 05:32:03.920,Finalizing Losses,A,Shift 2,BREADBLAST05
30118,0127275001001,0127275001001,BAKING,BAKING,PITXMPL480G35,66.0000000000,g,HYDL3230702,2023-07-23 05:36:04.333,Finalizing Losses,A,Shift 2,BREADBLAST06
29733,0126194001001,0126194001001,BAKING,BAKING,PITXMPL640G43,128.0000000000,g,HYDK3290504,2023-05-29 05:23:03.673,Exhaust Issues,D,Shift 2,BREADBLAST05
29741,0126278001001,0126278001001,BAKING,BAKING,PITXMPL640G35,2196.0000000000,g,HYDL3300520,2023-05-30 18:10:07.030,Handling Imperfections,D,Shift 2,BREADBLAST06
29747,0126196001001,0126196001001,BAKING,BAKING,PITXMPL600G43,28.0000000000,g,HYDK3310504,2023-05-31 04:11:03.923,Exhaust Issues,A,Shift 2,BREADBLAST05
29753,0126279001001,0126279001001,BAKING,BAKING,PITXMPL680G35,32.0000000000,g,HYDL3010608,2023-06-01 05:41:03.897,Finalizing Losses,A,Shift 2,BREADBLAST06
29762,0126398001001,0126398001001,BAKING,BAKING,PITXMPL960G43,19.0000000000,g,HYDK3020602,2023-06-02 05:23:03.740,Exhaust Issues,D,Shift 2,BREADBLAST05
29769,0126393001001,0126393001001,BAKING,BAKING,PITXMPL680G29,1189.0000000000,g,HYDL3040604,2023-06-04 05:05:04.063,Dough Consistency,D,Shift 2,BREADBLAST06
29770,0126394001001,0126394001001,BAKING,BAKING,PITXMPL560G29,490.0000000000,g,HYDL3040621,2023-06-04 17:20:08.087,Consistency Loss,C,Shift 1,BREADBLAST06
29763,0126346001001,0126346001001,BAKING,BAKING,PITXMPL520G46,269.0000000000,g,HYDQ3020604,2023-06-02 05:31:03.600,Consistency Loss,D,Shift 2,BREADBLAST07
29771,0126445001001,0126445001001,BAKING,BAKING,PITXMPL720G29,87.0000000000,g,HYDL3050608,2023-06-05 04:40:05.900,Exhaust Issues,A,Shift 2,BREADBLAST06
29791,0126395001001,0126395001001,BAKING,BAKING,PITXMPL800G29T,817.0000000000,g,HYDL3060604,2023-06-06 05:59:04.333,Exhaust Issues,A,Shift 2,BREADBLAST06
29805,0126448001001,0126448001001,BAKING,BAKING,LOAXMPL760G22,1780.0000000000,g,HYDL3070617,2023-06-07 18:05:05.110,Quality Deviation,D,Shift 2,BREADBLAST06
29807,0126448001001,0126448001001,BAKING,BAKING,LOAXMPL760G22,1047.0000000000,g,HYDL3080604,2023-06-08 05:41:03.900,Exhaust Issues,D,Shift 2,BREADBLAST06
29792,0126401001001,0126401001001,BAKING,BAKING,BAGGBTR680G75,22.0000000000,g,HYDM3060608,2023-06-06 06:01:04.503,Finalizing Losses,B,Shift 1,BREADBLAST04
29808,0126448001001,0126448001001,BAKING,BAKING,LOAXMPL760G22,910.0000000000,g,HYDL3080613,2023-06-08 18:09:04.607,Exhaust Issues,D,Shift 2,BREADBLAST06
29814,0126449001001,0126449001001,BAKING,BAKING,LOAXMPL860G22,67.0000000000,g,HYDL3100604,2023-06-10 05:21:04.173,Finalizing Losses,A,Shift 2,BREADBLAST06
29802,0126447001001,0126447001001,BAKING,BAKING,LOAXMPL520G22,969.0000000000,g,HYDL3070602,2023-06-07 06:22:04.370,Batch Transition,C,Shift 1,BREADBLAST06
29803,0126273001001,0126273001001,BAKING,BAKING,PITXMPL680G43,1792.0000000000,g,HYDK3070608,2023-06-07 07:30:05.897,Consistency Loss,C,Shift 1,BREADBLAST05
29806,0126451001001,0126451001001,BAKING,BAKING,BAGGBTR900G75,1047.0000000000,g,HYDM3080604,2023-06-08 04:00:05.833,Baking Core Inconsistency,D,Shift 2,BREADBLAST04
29809,0126448001001,0126448001001,BAKING,BAKING,LOAXMPL760G22,959.0000000000,g,HYDL3090602,2023-06-09 04:51:04.517,Cut Precision,A,Shift 2,BREADBLAST06
29817,0126274001001,0126274001001,BAKING,BAKING,PITXMPL640G43,205.0000000000,g,HYDK3100608,2023-06-10 06:20:06.047,Consistency Loss,B,Shift 1,BREADBLAST05
29822,0126275001001,0126275001001,BAKING,BAKING,PITXMPL960G43,284.0000000000,g,HYDK3110605,2023-06-11 06:14:04.213,Exhaust Issues,B,Shift 1,BREADBLAST05
29828,0126547001001,0126547001001,BAKING,BAKING,PITXMPL960G29,365.0000000000,g,HYDL3120604,2023-06-12 05:40:05.803,Batch Transition,D,Shift 2,BREADBLAST06
29832,0126547001001,0126547001001,BAKING,BAKING,PITXMPL960G29,394.0000000000,g,HYDL3130604,2023-06-13 05:14:04.120,Exhaust Issues,D,Shift 2,BREADBLAST06
29670,0126069001001,0126069001001,BAKING,BAKING,LOAXMPL860G22,338.0000000000,g,HYDL3230502,2023-05-23 04:51:03.733,Consistency Loss,A,Shift 2,BREADBLAST06
29681,0126070001001,0126070001001,BAKING,BAKING,LOAXMPL680G22,2141.0000000000,g,HYDL3240504,2023-05-24 05:23:04.670,Exhaust Issues,D,Shift 2,BREADBLAST06
29669,0126212001001,0126212001001,BAKING,BAKING,PITXMPL600G43,315.0000000000,g,HYDQ3230504,2023-05-23 04:30:05.583,Consistency Loss,A,Shift 2,BREADBLAST07
29686,0126199001001,0126199001001,BAKING,BAKING,LOAXMPL760G22,905.0000000000,g,HYDL3240517,2023-05-24 17:59:03.623,Finalizing Losses,C,Shift 1,BREADBLAST06
29689,0126207001001,0126207001001,BAKING,BAKING,PITXMPL600G46,1478.0000000000,g,HYDQ3250504,2023-05-25 04:21:03.853,Quality Deviation,D,Shift 2,BREADBLAST07
29692,0126199001001,0126199001001,BAKING,BAKING,LOAXMPL760G22,930.0000000000,g,HYDL3250511,2023-05-25 17:11:03.630,Measurement Deviation,C,Shift 1,BREADBLAST06
29682,0125952001001,0125952001001,BAKING,BAKING,BAGGBTR580G69,976.0000000000,g,HYDQ3240504,2023-05-24 05:45:04.443,Consistency Loss,D,Shift 2,BREADBLAST07
29708,0126040001001,0126040001001,BAKING,BAKING,BAGGBTR680G69,235.0000000000,g,HYDQ3270508,2023-05-27 05:02:03.910,Consistency Loss,A,Shift 2,BREADBLAST07
29719,0126194001001,0126194001001,BAKING,BAKING,PITXMPL640G43,249.0000000000,g,HYDK3280508,2023-05-28 05:51:03.893,Consistency Loss,A,Shift 2,BREADBLAST05
29690,0126199001001,0126199001001,BAKING,BAKING,LOAXMPL760G22,808.0000000000,g,HYDL3250502,2023-05-25 05:01:04.210,Measurement Deviation,D,Shift 2,BREADBLAST06
29707,0126276001001,0126276001001,BAKING,BAKING,PITXMPL960G29,344.0000000000,g,HYDL3270502,2023-05-27 05:00:05.473,Consistency Loss,A,Shift 2,BREADBLAST06
29734,0125542001001,0125542001001,BAKING,BAKING,PITXMPL440G35,100.0000000000,g,HYDM3290508,2023-05-29 05:42:03.657,Consistency Loss,D,Shift 2,BREADBLAST04
29735,0126344001001,0126344001001,BAKING,BAKING,BAGGBTR680G69,157.0000000000,g,HYDQ3290508,2023-05-29 05:52:03.880,Consistency Loss,D,Shift 2,BREADBLAST07
29739,0126344001001,0126344001001,BAKING,BAKING,BAGGBTR680G69,1266.0000000000,g,HYDQ3300508,2023-05-30 05:50:05.200,Production Line Stop,D,Shift 2,BREADBLAST07
29752,0126349001001,0126349001001,BAKING,BAKING,BAGGBTR640G78,420.0000000000,g,HYDQ3010604,2023-06-01 05:08:03.780,Consistency Loss,A,Shift 2,BREADBLAST07
29767,0126208001001,0126208001001,BAKING,BAKING,PITXMPL560G46,137.0000000000,g,HYDQ3030604,2023-06-03 05:15:04.713,Consistency Loss,D,Shift 2,BREADBLAST07
30181,0127423001001,0127423001001_001,BAKING,BAKING,PITXMPL280G35,2704.0000000000,g,HYDL3020804,2023-08-02 05:50:05.453,Initial Production Discard,D,Shift 2,BREADBLAST06
30182,0127423001001,0127423001001,BAKING,BAKING,PITXMPL680G35,250.0000000000,g,HYDL3020817,2023-08-02 16:58:04.090,Consistency Loss,C,Shift 1,BREADBLAST06
30050,0127121001001,0127121001001,BAKING,BAKING,PITXMPL640G43,267.0000000000,g,HYDL3150708,2023-07-15 05:17:04.460,Consistency Loss,D,Shift 2,BREADBLAST06
30051,0127122001001,0127122001001,BAKING,BAKING,PITXMPL520G43,290.0000000000,g,HYDL3150721,2023-07-15 17:30:06.540,Finalizing Losses,C,Shift 1,BREADBLAST06
30107,0127182001001,0127182001001,BAKING,BAKING,BAGGBTR900G75,562.0000000000,g,HYDM3220711,2023-07-22 17:10:05.733,Initial Production Discard,B,Shift 1,BREADBLAST04
30048,0127121001001,0127121001001,BAKING,BAKING,PITXMPL640G43,590.0000000000,g,HYDL3140720,2023-07-14 17:59:04.450,Finalizing Losses,C,Shift 1,BREADBLAST06
30134,0127242001001,0127242001001,BAKING,BAKING,PITXMPL520G29,450.0000000000,g,HYDL3250720,2023-07-25 17:32:04.687,Filter Replacement,C,Shift 1,BREADBLAST06
30049,0126813001001,0126813001001,BAKING,BAKING,BAGGBTR900G75,626.0000000000,g,HYDM3150702,2023-07-15 04:11:04.187,Consistency Loss,D,Shift 2,BREADBLAST04
30156,0127350001001,0127350001001,BAKING,BAKING,PITXMPL900G43,553.0000000000,g,HYDM3270702,2023-07-27 05:39:04.113,Initial Production Discard,A,Shift 2,BREADBLAST04
30172,0127431001001,0127431001001,BAKING,BAKING,BAGGBTR520G75,1129.0000000000,g,HYDM3280706,2023-07-28 05:57:03.930,Consistency Loss,D,Shift 2,BREADBLAST04
