<customapi uniquename="contoso_CalculateContactDebtRatio">
  <allowedcustomprocessingsteptype>1</allowedcustomprocessingsteptype>
  <bindingtype>1</bindingtype>
  <boundentitylogicalname>contact</boundentitylogicalname>
  <description default="Calculate Contact Debt Ratio">
    <label description="Calculate Contact Debt Ratio" languagecode="1033" />
  </description>
  <displayname default="Calculate Contact Debt Ratio">
    <label description="Calculate Contact Debt Ratio" languagecode="1033" />
  </displayname>
  <fxexpressionid>
    <uniquename>contoso_CalculateContactDebtRatio</uniquename>
  </fxexpressionid>
  <iscustomizable>1</iscustomizable>
  <isfunction>0</isfunction>
  <isprivate>0</isprivate>
  <name>Calculate Contact Debt Ratio</name>
  <plugintypeid>
    <plugintypeexportkey>462b3e8f-beb4-4981-9b87-a60c2162a9f7</plugintypeexportkey>
  </plugintypeid>
  <workflowsdkstepenabled>0</workflowsdkstepenabled>
</customapi>