<customapi uniquename="contoso_CalculateDebtRatio">
  <allowedcustomprocessingsteptype>1</allowedcustomprocessingsteptype>
  <bindingtype>0</bindingtype>
  <description default="Calculate Debt Ratio">
    <label description="Calculate Debt Ratio" languagecode="1033" />
  </description>
  <displayname default="Calculate Debt Ratio">
    <label description="Calculate Debt Ratio" languagecode="1033" />
  </displayname>
  <fxexpressionid>
    <uniquename>contoso_CalculateDebtRatio</uniquename>
  </fxexpressionid>
  <iscustomizable>1</iscustomizable>
  <isfunction>0</isfunction>
  <isprivate>0</isprivate>
  <name>Calculate Debt Ratio</name>
  <plugintypeid>
    <plugintypeexportkey>462b3e8f-beb4-4981-9b87-a60c2162a9f7</plugintypeexportkey>
  </plugintypeid>
  <workflowsdkstepenabled>0</workflowsdkstepenabled>
</customapi>