{"swagger":"2.0","info":{"title":"ContosoInvoicing","version":"1.0","description":"Contoso Invoicing API helps work with Contoso invoices"},"host":"contosoinvoicingtest.azurewebsites.net","basePath":"/","schemes":["https"],"consumes":[],"produces":[],"paths":{"/AddInvoice":{"post":{"tags":["AddInvoice"],"summary":"Add Invoice","description":"Add Invoice","operationId":"AddInvoice","consumes":["application/json"],"produces":["application/json"],"parameters":[{"in":"query","name":"typeId","type":"integer","format":"int32","description":"Type ID","x-ms-summary":"Type ID"},{"in":"body","name":"body","schema":{"$ref":"#/definitions/CreateInvoiceRequest"}}],"responses":{"200":{"description":"Success","schema":{"$ref":"#/definitions/Invoice"}}}}},"/GetInvoice":{"get":{"tags":["GetInvoice"],"summary":"Get invoice","description":"Get a specific invoice by id","operationId":"GetInvoice","parameters":[{"in":"query","name":"id","type":"string","description":"ID","x-ms-summary":"ID"}],"responses":{"200":{"description":"Success"}}}},"/GetInvoiceSchema":{"get":{"tags":["GetInvoiceSchema"],"summary":"Get Invoice Schema","description":"Get Invoice Schema","operationId":"GetInvoiceSchema","parameters":[{"in":"query","name":"typeId","type":"integer","format":"int32","description":"Type ID","x-ms-summary":"Type ID"}],"responses":{"200":{"description":"Success"}}}},"/ListInvoices":{"get":{"tags":["ListInvoices"],"summary":"List Invoices","description":"List Invoices","operationId":"ListInvoices","produces":["application/json"],"parameters":[{"in":"query","name":"fromDate","type":"string","format":"date-time","description":"From date","x-ms-summary":"From date"},{"in":"query","name":"toDate","type":"string","format":"date-time","description":"To date","x-ms-summary":"To date"},{"in":"query","name":"status","type":"integer","format":"int32","description":"Status","x-ms-summary":"Status"},{"in":"query","name":"fromAmount","type":"number","format":"double","description":"From amount","x-ms-summary":"From amount"},{"in":"query","name":"toAmount","type":"number","format":"double","description":"To amount"}],"responses":{"200":{"description":"Success","schema":{"$ref":"#/definitions/InvoiceList"}}}}},"/ListInvoiceTypes":{"get":{"tags":["ListInvoiceTypes"],"summary":"List Invoice Types","description":"List Invoice Types","operationId":"ListInvoiceTypes","produces":["application/json"],"responses":{"200":{"description":"Success","schema":{"$ref":"#/definitions/InvoiceTypesList"}}}}},"/NewInvoiceNotification":{"get":{"tags":["NewInvoiceNotification"],"summary":"List Webhooks","description":"List Webhooks","operationId":"ListWebhooks","produces":["application/json"],"responses":{"200":{"description":"Success","schema":{"type":"array","items":{"type":"string"}}}}}},"/PayInvoice":{}},"definitions":{"Invoice":{"type":"object","properties":{"invoiceId":{"type":"string"},"date":{"format":"date-time","type":"string"},"createDate":{"format":"date-time","type":"string"},"amount":{"format":"double","type":"number"},"accountId":{"type":"string"},"accountName":{"type":"string"},"status":{"type":"string"},"typeId":{"format":"int32","type":"integer"},"purchaseOrderId":{"type":"string"},"tags":{"type":"string"}}},"CreateInvoiceRequest":{"type":"object","properties":{"invoice":{"$ref":"#/definitions/Invoice"}}},"InvoiceList":{"type":"object","properties":{"invoices":{"type":"array","items":{"$ref":"#/definitions/Invoice"}}}},"InvoiceType":{"type":"object","properties":{"typeId":{"format":"int32","type":"integer"},"name":{"type":"string"}}},"InvoiceTypesList":{"type":"object","properties":{"types":{"type":"array","items":{"$ref":"#/definitions/InvoiceType"}}}},"NewInvoiceNotificationRequest":{"type":"object","properties":{"targeturl":{"type":"string"}}},"PaymentReceipt":{"type":"object","properties":{"invoiceId":{"type":"string"},"transactionId":{"type":"string"},"balance":{"format":"double","type":"number"}}}},"parameters":{},"responses":{},"securityDefinitions":{"API Key":{"type":"apiKey","in":"header","name":"X-API-KEY"}},"security":[{"API Key":[]}],"tags":[]}