<?xml version="1.0"?>
<doc>
    <assembly>
        <name>Microsoft.Xrm.Tooling.Dmt.MetadataHandler</name>
    </assembly>
    <members>
        <member name="T:Microsoft.Xrm.Tooling.Dmt.MetadataHandler.SolutionInformation">
            <summary>
            describes a Solution 
            </summary>
        </member>
        <member name="P:Microsoft.Xrm.Tooling.Dmt.MetadataHandler.SolutionInformation.SolutionId">
            <summary>
            Gets or Sets Solution Id
            </summary>
        </member>
        <member name="P:Microsoft.Xrm.Tooling.Dmt.MetadataHandler.SolutionInformation.UniqueName">
            <summary>
            Gets or Sets Unique Name of the Solution
            </summary>
        </member>
        <member name="P:Microsoft.Xrm.Tooling.Dmt.MetadataHandler.SolutionInformation.DisplayName">
            <summary>
            Gets of Sets Display Name of the SOlution
            </summary>
        </member>
        <member name="P:Microsoft.Xrm.Tooling.Dmt.MetadataHandler.SolutionInformation.IsManaged">
            <summary>
            Tells whether the solution is Managed or not
            </summary>
        </member>
        <member name="P:Microsoft.Xrm.Tooling.Dmt.MetadataHandler.SolutionInformation.VersionNumber">
            <summary>
            Gets or sets the Version Number of the SOlution
            </summary>
        </member>
        <member name="P:Microsoft.Xrm.Tooling.Dmt.MetadataHandler.SolutionInformation.SolutionComponets">
            <summary>
            Collection of Solution Components
            </summary>
        </member>
        <member name="E:Microsoft.Xrm.Tooling.Dmt.MetadataHandler.SolutionInformation.PropertyChanged">
            <summary>
            Default Event Hook for INotifyPropertyChanged
            </summary>
        </member>
        <member name="T:Microsoft.Xrm.Tooling.Dmt.MetadataHandler.SolutionComponetInfomation">
            <summary>
            Describes a Solution componet 
            </summary>
        </member>
        <member name="P:Microsoft.Xrm.Tooling.Dmt.MetadataHandler.SolutionComponetInfomation.MetadataId">
            <summary>
            Gets or Sets Metadata Id
            </summary>
        </member>
        <member name="P:Microsoft.Xrm.Tooling.Dmt.MetadataHandler.SolutionComponetInfomation.SolutionComponentId">
            <summary>
            Gets or Sets Solution Component Id
            </summary>
        </member>
        <member name="P:Microsoft.Xrm.Tooling.Dmt.MetadataHandler.SolutionComponetInfomation.ComponentType">
            <summary>
            Gets or Sets Component Type
            </summary>
        </member>
        <member name="P:Microsoft.Xrm.Tooling.Dmt.MetadataHandler.SolutionComponetInfomation.VersionNumber">
            <summary>
            Gets of Sets the Version Number
            </summary>
        </member>
        <member name="E:Microsoft.Xrm.Tooling.Dmt.MetadataHandler.SolutionComponetInfomation.PropertyChanged">
            <summary>
            Default Event Hook for INotifyPropertyChanged
            </summary>
        </member>
        <member name="T:Microsoft.Xrm.Tooling.Dmt.MetadataHandler.Entity">
            <summary>
            This describes a given Entity in the schema system and data system.
            </summary>
        </member>
        <member name="F:Microsoft.Xrm.Tooling.Dmt.MetadataHandler.Entity._isActivity">
            <remarks/>
        </member>
        <member name="F:Microsoft.Xrm.Tooling.Dmt.MetadataHandler.Entity._ownershipType">
            <remarks/>
        </member>
        <member name="P:Microsoft.Xrm.Tooling.Dmt.MetadataHandler.Entity.MetadataId">
            <summary>
            Gets or Sets the Metadata Id
            </summary>
        </member>
        <member name="P:Microsoft.Xrm.Tooling.Dmt.MetadataHandler.Entity.SchemaName">
            <summary>
            Gets or Sets the Schema Name
            </summary>
        </member>
        <member name="P:Microsoft.Xrm.Tooling.Dmt.MetadataHandler.Entity.DisplayName">
            <summary>
            Gets or Sets the Display Name
            </summary>
        </member>
        <member name="P:Microsoft.Xrm.Tooling.Dmt.MetadataHandler.Entity.PrimaryIdName">
            <summary>
            Gets or Sets the Primary ID Name
            </summary>
        </member>
        <member name="P:Microsoft.Xrm.Tooling.Dmt.MetadataHandler.Entity.PrimaryFieldName">
            <summary>
            Gets or Sets the Primary Field Name
            </summary>
        </member>
        <member name="P:Microsoft.Xrm.Tooling.Dmt.MetadataHandler.Entity.ETC">
            <summary>
            Gets or Sets the ETC
            </summary>
        </member>
        <member name="P:Microsoft.Xrm.Tooling.Dmt.MetadataHandler.Entity.IsActivity">
            <summary>
            Gets or Sets IsActivity
            </summary>
        </member>
        <member name="P:Microsoft.Xrm.Tooling.Dmt.MetadataHandler.Entity.OwnershipType">
            <summary>
            Gets or Sets OwnershipType
            </summary>
        </member>
        <member name="P:Microsoft.Xrm.Tooling.Dmt.MetadataHandler.Entity.Fields">
            <summary>
            Collection of the fields inside the Entity
            </summary>
        </member>
        <member name="P:Microsoft.Xrm.Tooling.Dmt.MetadataHandler.Entity.OneToManyRelationships">
            <summary>
            Collection of the One To Many Relationship of the Entity
            </summary>
        </member>
        <member name="P:Microsoft.Xrm.Tooling.Dmt.MetadataHandler.Entity.ManyToManyRelationships">
            <summary>
            Collection of the Many to Many Relationship of the Entity
            </summary>
        </member>
        <member name="E:Microsoft.Xrm.Tooling.Dmt.MetadataHandler.Entity.PropertyChanged">
            <summary>
            Default Event Hook for INotifyPropertyChanged
            </summary>
        </member>
        <member name="T:Microsoft.Xrm.Tooling.Dmt.MetadataHandler.Field">
            <summary>
            This describes a given field in the schema system and data system. 
            </summary>
        </member>
        <member name="P:Microsoft.Xrm.Tooling.Dmt.MetadataHandler.Field.MetadataId">
            <summary>
            Gets or Sets the Metadata Id
            </summary>
        </member>
        <member name="P:Microsoft.Xrm.Tooling.Dmt.MetadataHandler.Field.SchemaName">
            <summary>
            Gets or Sets the Schema Name
            </summary>
        </member>
        <member name="P:Microsoft.Xrm.Tooling.Dmt.MetadataHandler.Field.DisplayName">
            <summary>
            Gets or Sets the Display Name
            </summary>
        </member>
        <member name="P:Microsoft.Xrm.Tooling.Dmt.MetadataHandler.Field.Type">
            <summary>
            Gets or Sets the Type
            </summary>
        </member>
        <member name="P:Microsoft.Xrm.Tooling.Dmt.MetadataHandler.Field.PrimaryKey">
            <summary>
            Whether the Field is PrimaryKey or not
            </summary>
        </member>
        <member name="P:Microsoft.Xrm.Tooling.Dmt.MetadataHandler.Field.IsCustomField">
            <summary>
            Is custom Field
            </summary>
        </member>
        <member name="P:Microsoft.Xrm.Tooling.Dmt.MetadataHandler.Field.LookupType">
            <summary>
            Describes the lookup type
            </summary>
        </member>
        <member name="E:Microsoft.Xrm.Tooling.Dmt.MetadataHandler.Field.PropertyChanged">
            <summary>
            Default Event Hook for INotifyPropertyChanged
            </summary>
        </member>
        <member name="T:Microsoft.Xrm.Tooling.Dmt.MetadataHandler.Handler">
            <summary>
            This Class takes care of Handling the Metadata
            </summary>
        </member>
        <member name="M:Microsoft.Xrm.Tooling.Dmt.MetadataHandler.Handler.#ctor(Microsoft.Xrm.Tooling.Connector.CrmServiceClient,System.Object)">
            <summary>
            C'tor
            </summary>
            <param name="crmSvc"></param>
            <param name="parentDispatcher"></param>
        </member>
        <member name="M:Microsoft.Xrm.Tooling.Dmt.MetadataHandler.Handler.GetSolutionMetadata">
            <summary>
            Get List of Solutions to display. 
            </summary>
            <returns></returns>
        </member>
        <member name="M:Microsoft.Xrm.Tooling.Dmt.MetadataHandler.Handler.GetEntityMetadata(System.String@)">
            <summary>
            Gets the entity metadata.
            </summary>
            <returns></returns>
        </member>
        <member name="M:Microsoft.Xrm.Tooling.Dmt.MetadataHandler.Handler.GetAttributesForEntity(System.String)">
            <summary>
            Gets the attributes for an entity
            </summary>
            <param name="entityLogicalName"></param>
            <returns></returns>
        </member>
        <member name="M:Microsoft.Xrm.Tooling.Dmt.MetadataHandler.Handler.IsExecptionToRule(System.String)">
            <summary>
            Returns true if entity is an exception to the rule
            </summary>
            <param name="entityLogicalName"></param>
            <returns></returns>
        </member>
        <member name="M:Microsoft.Xrm.Tooling.Dmt.MetadataHandler.Handler.IsExecptionToRule(System.String,Microsoft.Xrm.Sdk.Metadata.AttributeMetadata)">
            <summary>
            returns true if the attribute is an exception the rule. 
            </summary>
            <param name="entityLogicalName"></param>
            <param name="attribute"></param>
            <returns></returns>
        </member>
        <member name="M:Microsoft.Xrm.Tooling.Dmt.MetadataHandler.Handler.GetRelationShipsForEntity(Microsoft.Xrm.Tooling.Dmt.MetadataHandler.Entity)">
            <summary>
            Pulls in Relationship data for an entity.
            </summary>
            <param name="entity"></param>
        </member>
        <member name="M:Microsoft.Xrm.Tooling.Dmt.MetadataHandler.Handler.ExtractManyToManyRelationships(Microsoft.Xrm.Tooling.Dmt.MetadataHandler.Entity,Microsoft.Xrm.Sdk.Metadata.ManyToManyRelationshipMetadata[])">
            <summary>
            Extracts the many to many relationships.
            </summary>
            <param name="entity">The entity.</param>
            <param name="manyToManyRelationships">The many to many relationships.</param>
            <returns></returns>
        </member>
        <member name="M:Microsoft.Xrm.Tooling.Dmt.MetadataHandler.Handler.ExtractOneToManyRelationships(Microsoft.Xrm.Sdk.Metadata.OneToManyRelationshipMetadata[])">
            <summary>
            Extracts the one to many relationships.
            </summary>
            <param name="oneToManyRelationships">The one to many relationships.</param>
            <returns></returns>
        </member>
        <member name="M:Microsoft.Xrm.Tooling.Dmt.MetadataHandler.Handler.ExtractFields(Microsoft.Xrm.Sdk.Metadata.AttributeMetadata[],System.String)">
            <summary>
            Extracts the fields.
            </summary>
            <param name="attributes">The attributes.</param>
            <param name="entityLogicalName">The entityLogicalName.</param>
            <returns></returns>
        </member>
        <member name="M:Microsoft.Xrm.Tooling.Dmt.MetadataHandler.Handler.ExtractField(Microsoft.Xrm.Sdk.Metadata.AttributeMetadata,System.String)">
            <summary>
            Extracts the field.
            </summary>
            <param name="attribute">The attribute.</param>
            <param name="entityLogicalName">The entityLogicalName.</param>
            <returns></returns>
        </member>
        <member name="M:Microsoft.Xrm.Tooling.Dmt.MetadataHandler.Handler.GetAttributeType(Microsoft.Xrm.Sdk.Metadata.AttributeMetadata)">
            <summary>
            Gets the type of the attribute.
            </summary>
            <param name="attribute">The attribute</param>
            <returns></returns>
        </member>
        <member name="M:Microsoft.Xrm.Tooling.Dmt.MetadataHandler.Handler.GetSetPrimaryFieldDataForEntity(Microsoft.Xrm.Tooling.Dmt.MetadataHandler.Entity)">
            <summary>
            Sets the primary key and parimary name values on the root entity object. 
            </summary>
            <param name="ent"></param>
        </member>
        <member name="T:Microsoft.Xrm.Tooling.Dmt.MetadataHandler.ManyToManyRelationship">
            <summary>
            This Class contains ManyToManyRelationship Data
            </summary>
        </member>
        <member name="F:Microsoft.Xrm.Tooling.Dmt.MetadataHandler.ManyToManyRelationship._m2MLinkSchemaName">
            <remarks/>
        </member>
        <member name="P:Microsoft.Xrm.Tooling.Dmt.MetadataHandler.ManyToManyRelationship.M2MLinkSchemaName">
            <summary>
            Gets or Sets M2MLinkSchemaName
            </summary>
        </member>
        <member name="P:Microsoft.Xrm.Tooling.Dmt.MetadataHandler.ManyToManyRelationship.M2MLinkName">
            <summary>
            This is the name of the relationship between the 2 entities.
            </summary>
        </member>
        <member name="P:Microsoft.Xrm.Tooling.Dmt.MetadataHandler.ManyToManyRelationship.TargetEntityPrimaryField">
            <summary>
            this is the target entity's primary field
            </summary>
        </member>
        <member name="P:Microsoft.Xrm.Tooling.Dmt.MetadataHandler.ManyToManyRelationship.TargetEntitySchemaName">
            <summary>
            this is the target entity of the m2m link
            </summary>
        </member>
        <member name="P:Microsoft.Xrm.Tooling.Dmt.MetadataHandler.ManyToManyRelationship.IsReflexive">
            <summary>
            This indicates that it is a N:N link with itself.  IE: Account:Account
            </summary>
        </member>
        <member name="E:Microsoft.Xrm.Tooling.Dmt.MetadataHandler.ManyToManyRelationship.PropertyChanged">
            <summary>
            Default Event Hook for INotifyPropertyChanged
            </summary>
        </member>
        <member name="T:Microsoft.Xrm.Tooling.Dmt.MetadataHandler.OneToManyRelationship">
            <summary>
            This Class Contains OneToManyRelationship Data
            </summary>
        </member>
        <member name="P:Microsoft.Xrm.Tooling.Dmt.MetadataHandler.OneToManyRelationship.SchemaName">
            <summary>
            Schema Name
            </summary>
        </member>
        <member name="P:Microsoft.Xrm.Tooling.Dmt.MetadataHandler.OneToManyRelationship.ReferencedAttribute">
            <summary>
            Referenced Attribute in the Relationship
            </summary>
        </member>
        <member name="P:Microsoft.Xrm.Tooling.Dmt.MetadataHandler.OneToManyRelationship.ReferencedEntity">
            <summary>
            Referenced Entity in the Relationship
            </summary>
        </member>
        <member name="P:Microsoft.Xrm.Tooling.Dmt.MetadataHandler.OneToManyRelationship.ReferencingAttribute">
            <summary>
            Referencing Attribute in the Relationship
            </summary>
        </member>
        <member name="P:Microsoft.Xrm.Tooling.Dmt.MetadataHandler.OneToManyRelationship.ReferencingEntity">
            <summary>
            Referencing Entity in the Relationship
            </summary>
        </member>
    </members>
</doc>
