<ImportExportXml xmlns:xsi="http://www.w3.org/2001/XMLSchema-instance">
  <Entities>
    <Entity>
      <Name LocalizedName="Scout Report" OriginalName="Scout Report">tt_scoutreport</Name>
      <EntityInfo>
        <entity Name="tt_scoutreport" unmodified="1">
          <attributes />
        </entity>
      </EntityInfo>
      <SavedQueries>
        <savedqueries>
          <savedquery>
            <IsCustomizable>1</IsCustomizable>
            <CanBeDeleted>1</CanBeDeleted>
            <isquickfindquery>0</isquickfindquery>
            <isprivate>0</isprivate>
            <isdefault>0</isdefault>
            <savedqueryid>{253bc5f3-c66a-e911-a816-000d3a3b5c12}</savedqueryid>
            <layoutxml>
              <grid name="resultset" jump="tt_name" select="1" icon="1" preview="1">
                <row name="result" id="tt_scoutreportid">
                  <cell name="tt_name" width="200" />
                  <cell name="tt_scoutreporttt_playeridtt_playertt_playerid.tt_position" width="150" />
                  <cell name="tt_scoutreporttt_playeridtt_playertt_playerid.tt_recruitingstatus" width="150" />
                  <cell name="tt_scoutreporttt_playeridtt_playertt_playerid.tt_height" width="150" />
                  <cell name="tt_scoutreporttt_playeridtt_playertt_playerid.tt_weight" width="150" />
                </row>
              </grid>
            </layoutxml>
            <querytype>0</querytype>
            <fetchxml>
              <fetch version="1.0" output-format="xml-platform" mapping="logical">
                <entity name="tt_scoutreport">
                  <attribute name="tt_name" />
                  <attribute name="tt_scoutreportid" />
                  <order attribute="tt_name" descending="false" />
                  <filter type="and">
                    <condition attribute="statecode" operator="eq" value="0" />
                  </filter>
                  <link-entity name="tt_player" visible="false" to="tt_playerid" from="tt_playerid" link-type="outer" alias="tt_scoutreporttt_playeridtt_playertt_playerid">
                    <attribute name="tt_height" />
                    <attribute name="tt_weight" />
                    <attribute name="tt_position" />
                    <attribute name="tt_recruitingstatus" />
                  </link-entity>
                </entity>
              </fetch>
            </fetchxml>
            <IntroducedVersion>1.0</IntroducedVersion>
            <LocalizedNames>
              <LocalizedName description="Scout Zone Reports" languagecode="1033" />
            </LocalizedNames>
          </savedquery>
        </savedqueries>
      </SavedQueries>
      <RibbonDiffXml>
        <CustomActions />
        <Templates>
          <RibbonTemplates Id="Mscrm.Templates"></RibbonTemplates>
        </Templates>
        <CommandDefinitions />
        <RuleDefinitions>
          <TabDisplayRules />
          <DisplayRules />
          <EnableRules />
        </RuleDefinitions>
        <LocLabels />
      </RibbonDiffXml>
    </Entity>
    <Entity>
      <Name LocalizedName="Season" OriginalName="Season">tt_season</Name>
      <EntityInfo>
        <entity Name="tt_season" unmodified="1">
          <attributes />
        </entity>
      </EntityInfo>
      <FormXml>
        <forms type="quick">
          <systemform>
            <formid>{7331409d-4f13-49f4-8937-d1f4949f529b}</formid>
            <IntroducedVersion>1.0.0.0</IntroducedVersion>
            <FormPresentation>1</FormPresentation>
            <FormActivationState>1</FormActivationState>
            <form>
              <tabs>
                <tab id="{5b2a7317-22d5-475a-9143-c208b026d845}" name="tab_1" showlabel="false">
                  <labels>
                    <label description="Tab" languagecode="1033" />
                  </labels>
                  <columns>
                    <column width="100%">
                      <sections>
                        <section id="{fbcb0902-ba21-449a-8608-8cca75d7200c}" name="tab_1_column_1_section_1" columns="1" showlabel="false" showbar="false" IsUserDefined="0">
                          <labels>
                            <label description="section" languagecode="1033" />
                          </labels>
                          <rows>
                            <row>
                              <cell id="{5aca0820-e66c-dabc-0b12-ded1d7b6e162}" showlabel="true" locklevel="0">
                                <labels>
                                  <label description="Name" languagecode="1033" />
                                </labels>
                                <control id="tt_name" classid="{4273EDBD-AC1D-40d3-9FB2-095C621B552D}" datafieldname="tt_name" disabled="false" />
                              </cell>
                            </row>
                            <row>
                              <cell id="{76c52012-52bd-65ee-16d6-9cc959380c10}" showlabel="true" locklevel="0">
                                <labels>
                                  <label description="Start Date" languagecode="1033" />
                                </labels>
                                <control id="tt_startdate" classid="{5B773807-9FB2-42db-97C3-7A91EFF8ADFF}" datafieldname="tt_startdate" disabled="false" />
                              </cell>
                            </row>
                            <row>
                              <cell id="{551a8ac5-75a3-17e8-7820-36679a997b00}" showlabel="true" locklevel="0">
                                <labels>
                                  <label description="End Date" languagecode="1033" />
                                </labels>
                                <control id="tt_enddate" classid="{5B773807-9FB2-42db-97C3-7A91EFF8ADFF}" datafieldname="tt_enddate" disabled="false" />
                              </cell>
                            </row>
                            <row>
                              <cell id="{3ad9ce01-83d5-d7d4-9e93-3c79221ddb98}" showlabel="true" locklevel="0">
                                <labels>
                                  <label description="Number of Games" languagecode="1033" />
                                </labels>
                                <control id="tt_numberofgames" classid="{C6D124CA-7EDA-4a60-AEA9-7FB8D318B68F}" datafieldname="tt_numberofgames" disabled="false" />
                              </cell>
                            </row>
                          </rows>
                        </section>
                      </sections>
                    </column>
                  </columns>
                </tab>
              </tabs>
              <DisplayConditions Order="1">
                <Role Id="{627090ff-40a3-4053-8790-584edc5be201}" />
                <Role Id="{119f245c-3cc8-4b62-b31c-d1a046ced15d}" />
              </DisplayConditions>
            </form>
            <IsCustomizable>1</IsCustomizable>
            <CanBeDeleted>1</CanBeDeleted>
            <LocalizedNames>
              <LocalizedName description="New Form" languagecode="1033" />
            </LocalizedNames>
          </systemform>
        </forms>
      </FormXml>
      <RibbonDiffXml>
        <CustomActions />
        <Templates>
          <RibbonTemplates Id="Mscrm.Templates"></RibbonTemplates>
        </Templates>
        <CommandDefinitions />
        <RuleDefinitions>
          <TabDisplayRules />
          <DisplayRules />
          <EnableRules />
        </RuleDefinitions>
        <LocLabels />
      </RibbonDiffXml>
    </Entity>
    <Entity>
      <Name LocalizedName="Sports Team" OriginalName="Sports Team">tt_sportsteam</Name>
      <EntityInfo>
        <entity Name="tt_sportsteam" unmodified="1">
          <attributes />
        </entity>
      </EntityInfo>
      <FormXml>
        <forms type="main">
          <systemform>
            <formid>{8d28b27e-9afb-4d1a-8eef-4cde8da62588}</formid>
            <IntroducedVersion>1.0.0.0</IntroducedVersion>
            <FormPresentation>1</FormPresentation>
            <FormActivationState>1</FormActivationState>
            <form>
              <tabs>
                <tab verticallayout="true" id="{bdd14cac-cf7f-4a6c-8037-9db794f6593a}" IsUserDefined="1">
                  <labels>
                    <label description="General" languagecode="1033" />
                  </labels>
                  <columns>
                    <column width="100%">
                      <sections>
                        <section showlabel="false" showbar="false" IsUserDefined="0" id="{dbb7aefb-f847-4070-8f24-11a36ec5a7b0}">
                          <labels>
                            <label description="General" languagecode="1033" />
                          </labels>
                          <rows>
                            <row>
                              <cell id="{72fed03a-dfa6-44b8-8b37-45db499db432}">
                                <labels>
                                  <label description="Name" languagecode="1033" />
                                </labels>
                                <control id="tt_name" classid="{4273EDBD-AC1D-40d3-9FB2-095C621B552D}" datafieldname="tt_name" />
                              </cell>
                            </row>
                            <row>
                              <cell id="{d4840988-a5aa-120b-37bd-01a069a78638}" showlabel="true" locklevel="0">
                                <labels>
                                  <label description="City" languagecode="1033" />
                                </labels>
                                <control id="tt_city" classid="{4273EDBD-AC1D-40d3-9FB2-095C621B552D}" datafieldname="tt_city" disabled="false" />
                              </cell>
                            </row>
                            <row>
                              <cell id="{587c9aaa-9817-c7d6-1cea-98ad3a67384a}" showlabel="true" locklevel="0">
                                <labels>
                                  <label description="Division" languagecode="1033" />
                                </labels>
                                <control id="tt_division" classid="{4273EDBD-AC1D-40d3-9FB2-095C621B552D}" datafieldname="tt_division" disabled="false" />
                              </cell>
                            </row>
                            <row>
                              <cell id="{9aeaec35-ac0b-41d6-e1bb-e5ed743a6e83}" showlabel="true" locklevel="0">
                                <labels>
                                  <label description="Home Stadium" languagecode="1033" />
                                </labels>
                                <control id="tt_homestadium" classid="{4273EDBD-AC1D-40d3-9FB2-095C621B552D}" datafieldname="tt_homestadium" disabled="false" />
                              </cell>
                            </row>
                            <row>
                              <cell id="{00824819-ecfa-485f-9a4e-f152a7694dfb}">
                                <labels>
                                  <label description="Owner" languagecode="1033" />
                                </labels>
                                <control id="ownerid" classid="{270BD3DB-D9AF-4782-9025-509E298DEC0A}" datafieldname="ownerid" />
                              </cell>
                            </row>
                          </rows>
                        </section>
                        <section name="ref_pan_{bdd14cac-cf7f-4a6c-8037-9db794f6593a}_section_2" showlabel="false" showbar="false" locklevel="0" id="{667605c9-b7a4-3d47-8382-2b3d7b8b617e}" IsUserDefined="0" layout="varwidth" columns="1" labelwidth="115" rowheight="25" autoexpand="false">
                          <labels>
                            <label description="Section" languagecode="1033" />
                          </labels>
                          <rows>
                            <row>
                              <cell id="{86b12d71-0236-431a-6e2b-5b26807a3b80}" showlabel="true" colspan="1" auto="false" rowspan="7">
                                <labels>
                                  <label description="Seasons" languagecode="1033" />
                                </labels>
                                <control id="seasons" classid="{02D4264B-47E2-4B4C-AA95-F439F3F4D458}">
                                  <parameters>
                                    <ViewId>{13A19918-EA14-41A6-A609-780C0E0389B2}</ViewId>
                                    <IsUserView>false</IsUserView>
                                    <RelationshipName>tt_sportsteam_tt_season</RelationshipName>
                                    <TargetEntityType>tt_season</TargetEntityType>
                                    <AutoExpand>Fixed</AutoExpand>
                                    <EnableQuickFind>false</EnableQuickFind>
                                    <EnableViewPicker>false</EnableViewPicker>
                                    <ViewIds>{13A19918-EA14-41A6-A609-780C0E0389B2}</ViewIds>
                                    <EnableJumpBar>false</EnableJumpBar>
                                    <ChartGridMode>All</ChartGridMode>
                                    <VisualizationId />
                                    <IsUserChart>false</IsUserChart>
                                    <EnableChartPicker>true</EnableChartPicker>
                                    <RecordsPerPage>4</RecordsPerPage>
                                    <HeaderColorCode>#F3F3F3</HeaderColorCode>
                                    <ReferencePanelSubgridIconUrl>msdyn_/Images/actions_bg_hover.png</ReferencePanelSubgridIconUrl>
                                  </parameters>
                                </control>
                              </cell>
                            </row>
                            <row />
                            <row />
                            <row />
                            <row />
                            <row />
                            <row />
                          </rows>
                        </section>
                      </sections>
                    </column>
                  </columns>
                </tab>
              </tabs>
              <Navigation>
                <NavBar></NavBar>
                <NavBarAreas>
                  <NavBarArea Id="Info">
                    <Titles>
                      <Title LCID="1033" Text="Common" />
                    </Titles>
                  </NavBarArea>
                  <NavBarArea Id="Sales">
                    <Titles>
                      <Title LCID="1033" Text="Sales" />
                    </Titles>
                  </NavBarArea>
                  <NavBarArea Id="Service">
                    <Titles>
                      <Title LCID="1033" Text="Service" />
                    </Titles>
                  </NavBarArea>
                  <NavBarArea Id="Marketing">
                    <Titles>
                      <Title LCID="1033" Text="Marketing" />
                    </Titles>
                  </NavBarArea>
                  <NavBarArea Id="ProcessCenter">
                    <Titles>
                      <Title LCID="1033" Text="Process Sessions" />
                    </Titles>
                  </NavBarArea>
                </NavBarAreas>
              </Navigation>
              <controlDescriptions />
            </form>
            <LocalizedNames>
              <LocalizedName description="Information" languagecode="1033" />
            </LocalizedNames>
            <Descriptions>
              <Description description="A form for this entity." languagecode="1033" />
            </Descriptions>
          </systemform>
        </forms>
      </FormXml>
      <RibbonDiffXml>
        <CustomActions />
        <Templates>
          <RibbonTemplates Id="Mscrm.Templates"></RibbonTemplates>
        </Templates>
        <CommandDefinitions />
        <RuleDefinitions>
          <TabDisplayRules />
          <DisplayRules />
          <EnableRules />
        </RuleDefinitions>
        <LocLabels />
      </RibbonDiffXml>
    </Entity>
  </Entities>
  <Roles></Roles>
  <Workflows></Workflows>
  <FieldSecurityProfiles></FieldSecurityProfiles>
  <Templates />
  <EntityMaps />
  <EntityRelationships />
  <OrganizationSettings />
  <optionsets />
  <CustomControls />
  <AppModuleSiteMaps>
    <AppModuleSiteMap>
      <SiteMapUniqueName>tt_ScoutZone</SiteMapUniqueName>
      <SiteMap IntroducedVersion="7.0.0.0">
        <Area Id="tt_scouting" ResourceId="SitemapDesigner.NewArea" DescriptionResourceId="SitemapDesigner.NewArea" ShowGroups="true" IntroducedVersion="7.0.0.0">
          <Titles>
            <Title LCID="1033" Title="Scouting" />
          </Titles>
          <Group Id="tt_scout_group" ResourceId="SitemapDesigner.NewGroup" DescriptionResourceId="SitemapDesigner.NewGroup" IntroducedVersion="7.0.0.0" IsProfile="false" ToolTipResourseId="SitemapDesigner.Unknown">
            <Titles>
              <Title LCID="1033" Title="Scout" />
            </Titles>
            <SubArea Id="New_SubArea" Icon="/_imgs/imagestrips/transparent_spacer.gif" IntroducedVersion="7.0.0.0" Entity="tt_sportsteam" Client="All,Outlook,OutlookLaptopClient,OutlookWorkstationClient,Web" AvailableOffline="true" PassParams="false" Sku="All,OnPremise,Live,SPLA" />
            <SubArea Id="NewSubArea_4db917e3" Icon="/_imgs/imagestrips/transparent_spacer.gif" Entity="tt_playerrecruiting" Client="All,Outlook,OutlookLaptopClient,OutlookWorkstationClient,Web" AvailableOffline="true" PassParams="false" Sku="All,OnPremise,Live,SPLA" />
          </Group>
          <Group Id="NewGroup_5297a604" ResourceId="SitemapDesigner.NewGroup" IsProfile="false" ToolTipResourseId="SitemapDesigner.Unknown">
            <Titles>
              <Title LCID="1033" Title="Reports" />
            </Titles>
            <SubArea Id="NewSubArea_3b9a640c" Icon="/_imgs/imagestrips/transparent_spacer.gif" Entity="tt_scoutreport" Client="All,Outlook,OutlookLaptopClient,OutlookWorkstationClient,Web" AvailableOffline="true" PassParams="false" Sku="All,OnPremise,Live,SPLA" />
          </Group>
        </Area>
      </SiteMap>
      <LocalizedNames>
        <LocalizedName description="Scout Zone" languagecode="1033" />
      </LocalizedNames>
    </AppModuleSiteMap>
  </AppModuleSiteMaps>
  <AppModules>
    <AppModule>
      <UniqueName>tt_ScoutZone</UniqueName>
      <IntroducedVersion>1.0.0.0</IntroducedVersion>
      <WebResourceId>953b9fac-1e5e-e611-80d6-00155ded156f</WebResourceId>
      <FormFactor>1</FormFactor>
      <ClientType>4</ClientType>
      <NavigationType>0</NavigationType>
      <AppModuleComponents>
        <AppModuleComponent type="62" schemaName="tt_ScoutZone" />
        <AppModuleComponent type="1" schemaName="tt_playerrecruiting" />
        <AppModuleComponent type="60" id="{2a97a799-1e00-4a1a-b492-c35bc1b9b5d3}" />
        <AppModuleComponent type="1" schemaName="tt_scoutreport" />
        <AppModuleComponent type="26" id="{871c3d23-2404-4671-a274-d641bacf7d2d}" />
        <AppModuleComponent type="26" id="{253bc5f3-c66a-e911-a816-000d3a3b5c12}" />
        <AppModuleComponent type="1" schemaName="tt_season" />
        <AppModuleComponent type="1" schemaName="tt_sportsteam" />
      </AppModuleComponents>
      <AppModuleRoleMaps>
        <Role id="{119f245c-3cc8-4b62-b31c-d1a046ced15d}" />
        <Role id="{627090ff-40a3-4053-8790-584edc5be201}" />
      </AppModuleRoleMaps>
      <LocalizedNames>
        <LocalizedName description="Scout Zone" languagecode="1033" />
      </LocalizedNames>
    </AppModule>
  </AppModules>
  <EntityDataProviders />
  <Languages>
    <Language>1033</Language>
  </Languages>
</ImportExportXml>