<ImportExportXml version="9.1.0.4046" SolutionPackageVersion="9.1" languagecode="1033" generatedBy="CrmLive" xmlns:xsi="http://www.w3.org/2001/XMLSchema-instance">
  <SolutionManifest>
    <UniqueName>ScoutZone</UniqueName>
    <LocalizedNames>
      <LocalizedName description="Scout Zone" languagecode="1033" />
    </LocalizedNames>
    <Descriptions />
    <Version>1.0.0.0</Version>
    <Managed>0</Managed>
    <Publisher>
      <UniqueName>tasmaniantraders</UniqueName>
      <LocalizedNames>
        <LocalizedName description="Tasmanian Traders" languagecode="1033" />
      </LocalizedNames>
      <Descriptions />
      <EMailAddress xsi:nil="true"></EMailAddress>
      <SupportingWebsiteUrl xsi:nil="true"></SupportingWebsiteUrl>
      <CustomizationPrefix>tt</CustomizationPrefix>
      <CustomizationOptionValuePrefix>20634</CustomizationOptionValuePrefix>
      <Addresses>
        <Address>
          <AddressNumber>1</AddressNumber>
          <AddressTypeCode>1</AddressTypeCode>
          <City xsi:nil="true"></City>
          <County xsi:nil="true"></County>
          <Country xsi:nil="true"></Country>
          <Fax xsi:nil="true"></Fax>
          <FreightTermsCode xsi:nil="true"></FreightTermsCode>
          <ImportSequenceNumber xsi:nil="true"></ImportSequenceNumber>
          <Latitude xsi:nil="true"></Latitude>
          <Line1 xsi:nil="true"></Line1>
          <Line2 xsi:nil="true"></Line2>
          <Line3 xsi:nil="true"></Line3>
          <Longitude xsi:nil="true"></Longitude>
          <Name xsi:nil="true"></Name>
          <PostalCode xsi:nil="true"></PostalCode>
          <PostOfficeBox xsi:nil="true"></PostOfficeBox>
          <PrimaryContactName xsi:nil="true"></PrimaryContactName>
          <ShippingMethodCode>1</ShippingMethodCode>
          <StateOrProvince xsi:nil="true"></StateOrProvince>
          <Telephone1 xsi:nil="true"></Telephone1>
          <Telephone2 xsi:nil="true"></Telephone2>
          <Telephone3 xsi:nil="true"></Telephone3>
          <TimeZoneRuleVersionNumber xsi:nil="true"></TimeZoneRuleVersionNumber>
          <UPSZone xsi:nil="true"></UPSZone>
          <UTCOffset xsi:nil="true"></UTCOffset>
          <UTCConversionTimeZoneCode xsi:nil="true"></UTCConversionTimeZoneCode>
        </Address>
        <Address>
          <AddressNumber>2</AddressNumber>
          <AddressTypeCode>1</AddressTypeCode>
          <City xsi:nil="true"></City>
          <County xsi:nil="true"></County>
          <Country xsi:nil="true"></Country>
          <Fax xsi:nil="true"></Fax>
          <FreightTermsCode xsi:nil="true"></FreightTermsCode>
          <ImportSequenceNumber xsi:nil="true"></ImportSequenceNumber>
          <Latitude xsi:nil="true"></Latitude>
          <Line1 xsi:nil="true"></Line1>
          <Line2 xsi:nil="true"></Line2>
          <Line3 xsi:nil="true"></Line3>
          <Longitude xsi:nil="true"></Longitude>
          <Name xsi:nil="true"></Name>
          <PostalCode xsi:nil="true"></PostalCode>
          <PostOfficeBox xsi:nil="true"></PostOfficeBox>
          <PrimaryContactName xsi:nil="true"></PrimaryContactName>
          <ShippingMethodCode>1</ShippingMethodCode>
          <StateOrProvince xsi:nil="true"></StateOrProvince>
          <Telephone1 xsi:nil="true"></Telephone1>
          <Telephone2 xsi:nil="true"></Telephone2>
          <Telephone3 xsi:nil="true"></Telephone3>
          <TimeZoneRuleVersionNumber xsi:nil="true"></TimeZoneRuleVersionNumber>
          <UPSZone xsi:nil="true"></UPSZone>
          <UTCOffset xsi:nil="true"></UTCOffset>
          <UTCConversionTimeZoneCode xsi:nil="true"></UTCConversionTimeZoneCode>
        </Address>
      </Addresses>
    </Publisher>
    <RootComponents>
      <RootComponent type="1" schemaName="tt_scoutreport" behavior="1" />
      <RootComponent type="1" schemaName="tt_season" behavior="1" />
      <RootComponent type="1" schemaName="tt_sportsteam" behavior="1" />
      <RootComponent type="60" id="{7331409d-4f13-49f4-8937-d1f4949f529b}" behavior="0" />
      <RootComponent type="60" id="{8d28b27e-9afb-4d1a-8eef-4cde8da62588}" behavior="0" />
      <RootComponent type="62" schemaName="tt_ScoutZone" behavior="0" />
      <RootComponent type="80" schemaName="tt_ScoutZone" behavior="0" />
    </RootComponents>
    <MissingDependencies>
      <MissingDependency>
        <Required key="0" type="1" schemaName="tt_season" displayName="Season" solution="SportsManagement (9.0.0.0)" />
        <Dependent key="1" type="60" displayName="New Form" parentDisplayName="Season" id="{7331409d-4f13-49f4-8937-d1f4949f529b}" />
      </MissingDependency>
      <MissingDependency>
        <Required key="2" type="1" schemaName="tt_scoutreport" displayName="Scout Report" solution="SportsManagement (9.0.0.0)" />
        <Dependent key="3" type="26" schemaName="Scout Zone Reports" displayName="Scout Zone Reports" parentSchemaName="tt_scoutreport" parentDisplayName="Scout Report" id="{253bc5f3-c66a-e911-a816-000d3a3b5c12}" />
      </MissingDependency>
      <MissingDependency>
        <Required key="4" type="1" schemaName="tt_sportsteam" displayName="Sports Team" solution="SportsManagement (9.0.0.0)" />
        <Dependent key="5" type="80" schemaName="tt_ScoutZone" displayName="Scout Zone" />
      </MissingDependency>
      <MissingDependency>
        <Required key="2" type="1" schemaName="tt_scoutreport" displayName="Scout Report" solution="SportsManagement (9.0.0.0)" />
        <Dependent key="5" type="80" schemaName="tt_ScoutZone" displayName="Scout Zone" />
      </MissingDependency>
      <MissingDependency>
        <Required key="0" type="1" schemaName="tt_season" displayName="Season" solution="SportsManagement (9.0.0.0)" />
        <Dependent key="5" type="80" schemaName="tt_ScoutZone" displayName="Scout Zone" />
      </MissingDependency>
      <MissingDependency>
        <Required key="4" type="1" schemaName="tt_sportsteam" displayName="Sports Team" solution="SportsManagement (9.0.0.0)" />
        <Dependent key="6" type="62" schemaName="tt_ScoutZone" />
      </MissingDependency>
      <MissingDependency>
        <Required key="2" type="1" schemaName="tt_scoutreport" displayName="Scout Report" solution="SportsManagement (9.0.0.0)" />
        <Dependent key="6" type="62" schemaName="tt_ScoutZone" />
      </MissingDependency>
      <MissingDependency>
        <Required key="0" type="1" schemaName="tt_season" displayName="Season" solution="SportsManagement (9.0.0.0)" />
        <Dependent key="0" type="1" schemaName="tt_season" displayName="Season" />
      </MissingDependency>
      <MissingDependency>
        <Required key="2" type="1" schemaName="tt_scoutreport" displayName="Scout Report" solution="SportsManagement (9.0.0.0)" />
        <Dependent key="2" type="1" schemaName="tt_scoutreport" displayName="Scout Report" />
      </MissingDependency>
      <MissingDependency>
        <Required key="4" type="1" schemaName="tt_sportsteam" displayName="Sports Team" solution="SportsManagement (9.0.0.0)" />
        <Dependent key="4" type="1" schemaName="tt_sportsteam" displayName="Sports Team" />
      </MissingDependency>
      <MissingDependency>
        <Required key="7" type="1" schemaName="tt_player" displayName="Player" solution="SportsManagement (9.0.0.0)" />
        <Dependent key="3" type="26" schemaName="Scout Zone Reports" displayName="Scout Zone Reports" parentSchemaName="tt_scoutreport" parentDisplayName="Scout Report" id="{253bc5f3-c66a-e911-a816-000d3a3b5c12}" />
      </MissingDependency>
      <MissingDependency>
        <Required key="8" type="1" schemaName="tt_playerrecruiting" displayName="Player Recruiting" solution="SportsManagement (9.0.0.0)" />
        <Dependent key="5" type="80" schemaName="tt_ScoutZone" displayName="Scout Zone" />
      </MissingDependency>
      <MissingDependency>
        <Required key="8" type="1" schemaName="tt_playerrecruiting" displayName="Player Recruiting" solution="SportsManagement (9.0.0.0)" />
        <Dependent key="6" type="62" schemaName="tt_ScoutZone" />
      </MissingDependency>
      <MissingDependency>
        <Required key="9" type="2" schemaName="ownerid" displayName="Owner" parentSchemaName="tt_sportsteam" parentDisplayName="Sports Team" solution="Active" />
        <Dependent key="10" type="60" displayName="Information" parentDisplayName="Sports Team" id="{8d28b27e-9afb-4d1a-8eef-4cde8da62588}" />
      </MissingDependency>
      <MissingDependency>
        <Required key="11" type="2" schemaName="tt_name" displayName="Name" parentSchemaName="tt_sportsteam" parentDisplayName="Sports Team" solution="SportsManagement (9.0.0.0)" />
        <Dependent key="10" type="60" displayName="Information" parentDisplayName="Sports Team" id="{8d28b27e-9afb-4d1a-8eef-4cde8da62588}" />
      </MissingDependency>
      <MissingDependency>
        <Required key="12" type="2" schemaName="tt_city" displayName="City" parentSchemaName="tt_sportsteam" parentDisplayName="Sports Team" solution="SportsManagement (9.0.0.0)" />
        <Dependent key="10" type="60" displayName="Information" parentDisplayName="Sports Team" id="{8d28b27e-9afb-4d1a-8eef-4cde8da62588}" />
      </MissingDependency>
      <MissingDependency>
        <Required key="13" type="2" schemaName="tt_homestadium" displayName="Home Stadium" parentSchemaName="tt_sportsteam" parentDisplayName="Sports Team" solution="SportsManagement (9.0.0.0)" />
        <Dependent key="10" type="60" displayName="Information" parentDisplayName="Sports Team" id="{8d28b27e-9afb-4d1a-8eef-4cde8da62588}" />
      </MissingDependency>
      <MissingDependency>
        <Required key="14" type="2" schemaName="tt_division" displayName="Division" parentSchemaName="tt_sportsteam" parentDisplayName="Sports Team" solution="SportsManagement (9.0.0.0)" />
        <Dependent key="10" type="60" displayName="Information" parentDisplayName="Sports Team" id="{8d28b27e-9afb-4d1a-8eef-4cde8da62588}" />
      </MissingDependency>
      <MissingDependency>
        <Required key="15" type="2" schemaName="tt_position" displayName="Position" parentSchemaName="tt_player" parentDisplayName="Player" solution="SportsManagement (9.0.0.0)" />
        <Dependent key="3" type="26" schemaName="Scout Zone Reports" displayName="Scout Zone Reports" parentSchemaName="tt_scoutreport" parentDisplayName="Scout Report" id="{253bc5f3-c66a-e911-a816-000d3a3b5c12}" />
      </MissingDependency>
      <MissingDependency>
        <Required key="16" type="2" schemaName="tt_recruitingstatus" displayName="Recruiting Status" parentSchemaName="tt_player" parentDisplayName="Player" solution="SportsManagement (9.0.0.0)" />
        <Dependent key="3" type="26" schemaName="Scout Zone Reports" displayName="Scout Zone Reports" parentSchemaName="tt_scoutreport" parentDisplayName="Scout Report" id="{253bc5f3-c66a-e911-a816-000d3a3b5c12}" />
      </MissingDependency>
      <MissingDependency>
        <Required key="17" type="2" schemaName="tt_height" displayName="Height" parentSchemaName="tt_player" parentDisplayName="Player" solution="SportsManagement (9.0.0.0)" />
        <Dependent key="3" type="26" schemaName="Scout Zone Reports" displayName="Scout Zone Reports" parentSchemaName="tt_scoutreport" parentDisplayName="Scout Report" id="{253bc5f3-c66a-e911-a816-000d3a3b5c12}" />
      </MissingDependency>
      <MissingDependency>
        <Required key="18" type="2" schemaName="tt_name" displayName="Name" parentSchemaName="tt_scoutreport" parentDisplayName="Scout Report" solution="SportsManagement (9.0.0.0)" />
        <Dependent key="3" type="26" schemaName="Scout Zone Reports" displayName="Scout Zone Reports" parentSchemaName="tt_scoutreport" parentDisplayName="Scout Report" id="{253bc5f3-c66a-e911-a816-000d3a3b5c12}" />
      </MissingDependency>
      <MissingDependency>
        <Required key="19" type="2" schemaName="tt_weight" displayName="Weight" parentSchemaName="tt_player" parentDisplayName="Player" solution="SportsManagement (9.0.0.0)" />
        <Dependent key="3" type="26" schemaName="Scout Zone Reports" displayName="Scout Zone Reports" parentSchemaName="tt_scoutreport" parentDisplayName="Scout Report" id="{253bc5f3-c66a-e911-a816-000d3a3b5c12}" />
      </MissingDependency>
      <MissingDependency>
        <Required key="20" type="2" schemaName="statecode" displayName="Status" parentSchemaName="tt_scoutreport" parentDisplayName="Scout Report" solution="SportsManagement (9.0.0.0)" />
        <Dependent key="3" type="26" schemaName="Scout Zone Reports" displayName="Scout Zone Reports" parentSchemaName="tt_scoutreport" parentDisplayName="Scout Report" id="{253bc5f3-c66a-e911-a816-000d3a3b5c12}" />
      </MissingDependency>
      <MissingDependency>
        <Required key="21" type="2" schemaName="tt_playerid" displayName="Player" parentSchemaName="tt_scoutreport" parentDisplayName="Scout Report" solution="SportsManagement (9.0.0.0)" />
        <Dependent key="3" type="26" schemaName="Scout Zone Reports" displayName="Scout Zone Reports" parentSchemaName="tt_scoutreport" parentDisplayName="Scout Report" id="{253bc5f3-c66a-e911-a816-000d3a3b5c12}" />
      </MissingDependency>
      <MissingDependency>
        <Required key="22" type="2" schemaName="tt_scoutreportid" displayName="Scout Report" parentSchemaName="tt_scoutreport" parentDisplayName="Scout Report" solution="SportsManagement (9.0.0.0)" />
        <Dependent key="3" type="26" schemaName="Scout Zone Reports" displayName="Scout Zone Reports" parentSchemaName="tt_scoutreport" parentDisplayName="Scout Report" id="{253bc5f3-c66a-e911-a816-000d3a3b5c12}" />
      </MissingDependency>
      <MissingDependency>
        <Required key="23" type="2" schemaName="tt_playerid" displayName="Player" parentSchemaName="tt_player" parentDisplayName="Player" solution="SportsManagement (9.0.0.0)" />
        <Dependent key="3" type="26" schemaName="Scout Zone Reports" displayName="Scout Zone Reports" parentSchemaName="tt_scoutreport" parentDisplayName="Scout Report" id="{253bc5f3-c66a-e911-a816-000d3a3b5c12}" />
      </MissingDependency>
      <MissingDependency>
        <Required key="24" type="2" schemaName="tt_enddate" displayName="End Date" parentSchemaName="tt_season" parentDisplayName="Season" solution="SportsManagement (9.0.0.0)" />
        <Dependent key="1" type="60" displayName="New Form" parentDisplayName="Season" id="{7331409d-4f13-49f4-8937-d1f4949f529b}" />
      </MissingDependency>
      <MissingDependency>
        <Required key="25" type="2" schemaName="tt_name" displayName="Name" parentSchemaName="tt_season" parentDisplayName="Season" solution="SportsManagement (9.0.0.0)" />
        <Dependent key="1" type="60" displayName="New Form" parentDisplayName="Season" id="{7331409d-4f13-49f4-8937-d1f4949f529b}" />
      </MissingDependency>
      <MissingDependency>
        <Required key="26" type="2" schemaName="tt_startdate" displayName="Start Date" parentSchemaName="tt_season" parentDisplayName="Season" solution="SportsManagement (9.0.0.0)" />
        <Dependent key="1" type="60" displayName="New Form" parentDisplayName="Season" id="{7331409d-4f13-49f4-8937-d1f4949f529b}" />
      </MissingDependency>
      <MissingDependency>
        <Required key="27" type="2" schemaName="tt_numberofgames" displayName="Number of Games" parentSchemaName="tt_season" parentDisplayName="Season" solution="SportsManagement (9.0.0.0)" />
        <Dependent key="1" type="60" displayName="New Form" parentDisplayName="Season" id="{7331409d-4f13-49f4-8937-d1f4949f529b}" />
      </MissingDependency>
      <MissingDependency>
        <Required key="28" type="26" schemaName="Active Scout Reports" displayName="Active Scout Reports" parentSchemaName="tt_scoutreport" parentDisplayName="Scout Report" solution="SportsManagement (9.0.0.0)" id="{871c3d23-2404-4671-a274-d641bacf7d2d}" />
        <Dependent key="5" type="80" schemaName="tt_ScoutZone" displayName="Scout Zone" />
      </MissingDependency>
      <MissingDependency>
        <Required key="29" type="60" displayName="Information" parentDisplayName="Player Recruiting" solution="SportsManagement (9.0.0.0)" id="{2a97a799-1e00-4a1a-b492-c35bc1b9b5d3}" />
        <Dependent key="5" type="80" schemaName="tt_ScoutZone" displayName="Scout Zone" />
      </MissingDependency>
      <MissingDependency>
        <Required key="30" type="61" schemaName="msdyn_/Images/AppModule_Default_Icon.png" displayName="msdyn_/Images/AppModule_Default_Icon.png" solution="AppModuleWebResources (2.5)" />
        <Dependent key="5" type="80" schemaName="tt_ScoutZone" displayName="Scout Zone" />
      </MissingDependency>
    </MissingDependencies>
  </SolutionManifest>
</ImportExportXml>