{"commitInfo":{"timestamp":1709311937225,"operation":"CREATE TABLE AS SELECT","operationParameters":{"isManaged":"true","description":null,"partitionBy":"[]","properties":"{}"},"isolationLevel":"Serializable","isBlindAppend":true,"operationMetrics":{"numFiles":"1","numOutputRows":"0","numOutputBytes":"2931"},"engineInfo":"Apache-Spark/3.4.1.5.3-117503204 Delta-Lake/2.4.0.9","txnId":"071d7074-a559-4f3e-980f-a412c85cdd7c"}}
{"protocol":{"minReaderVersion":1,"minWriterVersion":2}}
{"metaData":{"id":"15165b8c-2598-4acd-ad08-3bcd878a1466","format":{"provider":"parquet","options":{}},"schemaString":"{\"type\":\"struct\",\"fields\":[{\"name\":\"StoreId\",\"type\":\"integer\",\"nullable\":true,\"metadata\":{}},{\"name\":\"StoreName\",\"type\":\"string\",\"nullable\":true,\"metadata\":{}},{\"name\":\"StoreShortName\",\"type\":\"string\",\"nullable\":true,\"metadata\":{}},{\"name\":\"LocationId\",\"type\":\"integer\",\"nullable\":true,\"metadata\":{}},{\"name\":\"OperatedByPartyId\",\"type\":\"long\",\"nullable\":true,\"metadata\":{}},{\"name\":\"StoreOpenDate\",\"type\":\"timestamp\",\"nullable\":true,\"metadata\":{}},{\"name\":\"StoreCloseDate\",\"type\":\"timestamp\",\"nullable\":true,\"metadata\":{}},{\"name\":\"StoreTelephoneNumber\",\"type\":\"decimal(10,2)\",\"nullable\":true,\"metadata\":{}},{\"name\":\"StoreFaxNumber\",\"type\":\"decimal(10,2)\",\"nullable\":true,\"metadata\":{}},{\"name\":\"StoreEmailAddress\",\"type\":\"string\",\"nullable\":true,\"metadata\":{}},{\"name\":\"ChannelId\",\"type\":\"integer\",\"nullable\":true,\"metadata\":{}},{\"name\":\"GrossFloorArea\",\"type\":\"integer\",\"nullable\":true,\"metadata\":{}},{\"name\":\"BuildingFunctionsArea\",\"type\":\"integer\",\"nullable\":true,\"metadata\":{}},{\"name\":\"NonsellingArea\",\"type\":\"integer\",\"nullable\":true,\"metadata\":{}},{\"name\":\"AvailableSellingArea\",\"type\":\"integer\",\"nullable\":true,\"metadata\":{}},{\"name\":\"NumberOfFloors\",\"type\":\"integer\",\"nullable\":true,\"metadata\":{}},{\"name\":\"TerritoryId\",\"type\":\"integer\",\"nullable\":true,\"metadata\":{}},{\"name\":\"AreaId\",\"type\":\"integer\",\"nullable\":true,\"metadata\":{}},{\"name\":\"RegionId\",\"type\":\"integer\",\"nullable\":true,\"metadata\":{}},{\"name\":\"DistrictId\",\"type\":\"integer\",\"nullable\":true,\"metadata\":{}},{\"name\":\"StoreTypeId\",\"type\":\"integer\",\"nullable\":true,\"metadata\":{}},{\"name\":\"StoreCategoryId\",\"type\":\"integer\",\"nullable\":true,\"metadata\":{}},{\"name\":\"StorePartyId\",\"type\":\"long\",\"nullable\":true,\"metadata\":{}},{\"name\":\"MerchantId\",\"type\":\"integer\",\"nullable\":true,\"metadata\":{}},{\"name\":\"BrandId\",\"type\":\"integer\",\"nullable\":true,\"metadata\":{}},{\"name\":\"FranchiseeId\",\"type\":\"integer\",\"nullable\":true,\"metadata\":{}}]}","partitionColumns":[],"configuration":{},"createdTime":1709311933789}}
