{"commitInfo":{"timestamp":1709313773280,"operation":"WRITE","operationParameters":{"mode":"Append","partitionBy":"[]"},"readVersion":0,"isolationLevel":"Serializable","isBlindAppend":true,"operationMetrics":{"numFiles":"1","numOutputRows":"79","numOutputBytes":"4077"},"tags":{"VORDER":"true"},"engineInfo":"Apache-Spark/3.4.1.5.3-117503204 Delta-Lake/2.4.0.9","txnId":"03435270-983f-49b1-9922-4c3b5b4c76a2"}}
{"add":{"path":"part-00000-8624d766-0edc-4751-8568-0bb6041dc5eb-c000.snappy.parquet","partitionValues":{},"size":4077,"modificationTime":1709313772938,"dataChange":true,"stats":"{\"numRecords\":79,\"minValues\":{\"StoreId\":10001,\"StoreName\":\"Store 1\",\"LocationId\":101,\"StoreOpenDate\":\"2022-01-01T00:00:00.000Z\",\"GrossFloorArea\":100},\"maxValues\":{\"StoreId\":10079,\"StoreName\":\"Store 9\",\"LocationId\":165,\"StoreOpenDate\":\"2023-12-01T00:00:00.000Z\",\"GrossFloorArea\":2050},\"nullCount\":{\"StoreId\":0,\"StoreName\":0,\"StoreShortName\":79,\"LocationId\":0,\"OperatedByPartyId\":79,\"StoreOpenDate\":0,\"StoreCloseDate\":79,\"StoreTelephoneNumber\":79,\"StoreFaxNumber\":79,\"StoreEmailAddress\":79,\"ChannelId\":79,\"GrossFloorArea\":0,\"BuildingFunctionsArea\":79,\"NonsellingArea\":79,\"AvailableSellingArea\":79,\"NumberOfFloors\":79,\"TerritoryId\":79,\"AreaId\":79,\"RegionId\":79,\"DistrictId\":79,\"StoreTypeId\":79,\"StoreCategoryId\":79,\"StorePartyId\":79,\"MerchantId\":79,\"BrandId\":79,\"FranchiseeId\":79}}","tags":{"VORDER":"true"}}}
