{"swagger":"2.0","info":{"title":"ContosoInvoicing","version":"1.0","description":"Contoso invoicing"},"host":"contosoinvoicingtest.azurewebsites.net","basePath":"/","schemes":["https"],"consumes":[],"produces":[],"paths":{"/AddInvoice":{"post":{"tags":["AddInvoice"],"summary":"Add Invoice ","description":"Add Invoice ","operationId":"AddInvoice","produces":["text/plain","application/json","text/json"],"parameters":[{"in":"query","name":"invoiceTypeId","type":"integer","format":"int32"},{"in":"query","name":"amount","type":"number","format":"double"},{"in":"query","name":"date","type":"string","format":"date-time"},{"in":"query","name":"purchaseOrderId","type":"string"},{"in":"query","name":"tags","type":"string"}],"responses":{"200":{"description":"Success","schema":{"$ref":"#/definitions/Invoice"}}}}},"/GetInvoice":{"get":{"tags":["GetInvoice"],"summary":"","description":"Get a specific invoice by id","operationId":"GetInvoice","parameters":[{"in":"query","name":"id","type":"string"}],"responses":{"200":{"description":"Success"}}}},"/GetInvoiceSchema":{"get":{"tags":["GetInvoiceSchema"],"summary":"Get Invoice Schema","description":"Get Invoice Schema","operationId":"GetInvoiceSchema","produces":["text/plain","application/json","text/json"],"parameters":[{"in":"query","name":"typeId","type":"integer","format":"int32"}],"responses":{"200":{"description":"Success","schema":{"$ref":"#/definitions/InvoiceSchema"}}}}},"/ListInvoices":{"get":{"tags":["ListInvoices"],"summary":"List Invoices","description":"List Invoices","operationId":"ListInvoice","produces":["text/plain","application/json","text/json"],"parameters":[{"in":"query","name":"fromDate","type":"string","format":"date-time"},{"in":"query","name":"toDate","type":"string","format":"date-time"},{"in":"query","name":"status","type":"integer","format":"int32"},{"in":"query","name":"fromAmount","type":"number","format":"double"},{"in":"query","name":"toAmount","type":"number","format":"double"}],"responses":{"200":{"description":"Success","schema":{"$ref":"#/definitions/InvoiceList"}}}}},"/ListInvoiceTypes":{"get":{"tags":["ListInvoiceTypes"],"summary":"List Invoice Types","description":"List Invoice Types","operationId":"ListInvoiceTypes","produces":["text/plain","application/json","text/json"],"responses":{"200":{"description":"Success","schema":{"$ref":"#/definitions/InvoiceTypesList"}}}}},"/NewInvoiceNotification":{"get":{"tags":["NewInvoiceNotification"],"summary":"List Webhooks","description":"List Webhooks","operationId":"ListWebhooks","produces":["text/plain","application/json","text/json"],"responses":{"200":{"description":"Success","schema":{"type":"array","items":{"type":"string"}}}}},"delete":{"tags":["NewInvoiceNotification"],"summary":"remove a webhook","description":"remove a webhook","operationId":"NewInvoiceRemove","parameters":[{"in":"query","name":"id","type":"string","format":"uuid"}],"responses":{"200":{"description":"Success"}}},"post":{"tags":["NewInvoiceNotification"],"summary":"register a webhook","description":"register a webhook","operationId":"NewInvoiceRegister","consumes":["application/json","text/json","application/*+json"],"parameters":[{"in":"body","name":"body","schema":{"$ref":"#/definitions/NewInvoiceNotificationRequest"}}],"responses":{"200":{"description":"Success"}}}},"/PayInvoice":{"post":{"tags":["PayInvoice"],"summary":"Pay a specific invoice by id","description":"","operationId":"PayInvoice","produces":["text/plain","application/json","text/json"],"parameters":[{"in":"query","name":"id","type":"string"},{"in":"query","name":"amount","type":"number","format":"double"},{"in":"query","name":"date","type":"string","format":"date-time"}],"responses":{"200":{"description":"Success","schema":{"$ref":"#/definitions/PaymentReceipt"}}}}}},"definitions":{"Invoice":{"type":"object","properties":{"invoiceId":{"type":"string"},"date":{"format":"date-time","type":"string"},"createDate":{"format":"date-time","type":"string"},"amount":{"format":"double","type":"number"},"accountId":{"type":"string"},"accountName":{"type":"string"},"status":{"type":"string"},"typeId":{"format":"int32","type":"integer"},"purchaseOrderId":{"type":"string"},"tags":{"type":"string"}}},"InvoiceSchema":{"type":"object","properties":{"items":{"type":"array","items":{"type":"string"}}}},"InvoiceList":{"type":"object","properties":{"invoices":{"type":"array","items":{"$ref":"#/definitions/Invoice"}}}},"InvoiceType":{"type":"object","properties":{"typeId":{"format":"int32","type":"integer"},"name":{"type":"string"}}},"InvoiceTypesList":{"type":"object","properties":{"types":{"type":"array","items":{"$ref":"#/definitions/InvoiceType"}}}},"NewInvoiceNotificationRequest":{"type":"object","properties":{"targeturl":{"type":"string"}}},"PaymentReceipt":{"type":"object","properties":{"invoiceId":{"type":"string"},"transactionId":{"type":"string"},"balance":{"format":"double","type":"number"}}}},"parameters":{},"responses":{},"securityDefinitions":{"apiKey":{"type":"apiKey","name":"X-API-KEY","in":"header"}},"security":[],"tags":[]}