<ImportExportXml xmlns:xsi="http://www.w3.org/2001/XMLSchema-instance">
  <Entities></Entities>
  <Roles></Roles>
  <Workflows></Workflows>
  <FieldSecurityProfiles></FieldSecurityProfiles>
  <Templates />
  <EntityMaps />
  <EntityRelationships />
  <OrganizationSettings />
  <optionsets />
  <CustomControls />
  <EntityDataProviders />
  <Connectors>
    <Connector>
      <connectorid>58ea78e6-ed3b-45e6-9162-a153fa3cee7d</connectorid>
      <description></description>
      <displayname>Contoso Invoicing - ALM</displayname>
      <iconbrandcolor>#007ee5</iconbrandcolor>
      <name>contoso_5Fcontoso-20invoicing-20-2D-20alm</name>
      <connectortype>1</connectortype>
      <openapidefinition>/Connector/contoso_5Fcontoso-20invoicing-20-2D-20alm_openapidefinition.json</openapidefinition>
      <connectionparameters>/Connector/contoso_5Fcontoso-20invoicing-20-2D-20alm_connectionparameters.json</connectionparameters>
      <policytemplateinstances>/Connector/contoso_5Fcontoso-20invoicing-20-2D-20alm_policytemplateinstances.json</policytemplateinstances>
      <iconblob>/Connector/contoso_5Fcontoso-20invoicing-20-2D-20alm_iconblob.Jpeg</iconblob>
    </Connector>
  </Connectors>
  <Languages>
    <Language>1033</Language>
  </Languages>
</ImportExportXml>