{
	"info": {
		"_postman_id": "beb3cfb0-87a7-4af0-9b60-f899eb5bcfac",
		"name": "MC4FS-Intelligent Booking API",
		"schema": "https://schema.getpostman.com/json/collection/v2.1.0/collection.json",
		"_exporter_id": "6576901"
	},
	"item": [
		{
			"name": "Get Meeting Types",
			"request": {
				"method": "GET",
				"header": [],
				"url": {
					"raw": "{{webapiurl}}/msfsi_meetingtypes",
					"host": [
						"{{webapiurl}}"
					],
					"path": [
						"msfsi_meetingtypes"
					]
				}
			},
			"response": []
		},
		{
			"name": "Get Characteristics",
			"request": {
				"method": "GET",
				"header": [],
				"url": {
					"raw": "{{webapiurl}}/characteristics",
					"host": [
						"{{webapiurl}}"
					],
					"path": [
						"characteristics"
					]
				}
			},
			"response": []
		},
		{
			"name": "Get Branches",
			"request": {
				"method": "GET",
				"header": [],
				"url": {
					"raw": "{{webapiurl}}/msfsi_branchs",
					"host": [
						"{{webapiurl}}"
					],
					"path": [
						"msfsi_branchs"
					]
				}
			},
			"response": []
		},
		{
			"name": "Get Organizational Units",
			"request": {
				"method": "GET",
				"header": [],
				"url": {
					"raw": "{{webapiurl}}/msdyn_organizationalunits",
					"host": [
						"{{webapiurl}}"
					],
					"path": [
						"msdyn_organizationalunits"
					]
				}
			},
			"response": []
		},
		{
			"name": "Get Scheduling Properties",
			"request": {
				"method": "POST",
				"header": [],
				"url": {
					"raw": "{{webapiurl}}/msfsi_GetSchedulingProperties",
					"host": [
						"{{webapiurl}}"
					],
					"path": [
						"msfsi_GetSchedulingProperties"
					]
				}
			},
			"response": []
		},
		{
			"name": "Get Available Meeting Time Slots",
			"protocolProfileBehavior": {
				"disabledSystemHeaders": {
					"content-type": true
				}
			},
			"request": {
				"method": "POST",
				"header": [
					{
						"key": "Content-Type",
						"value": "application/json",
						"type": "text"
					}
				],
				"body": {
					"mode": "raw",
					"raw": "{\r\n    \"MeetingType\": \"5ce28b83-899f-ec11-b400-0022480b8113\",\r\n    \"StartDateTime\": \"2023-08-21T11:00:00+03:00\",\r\n    \"EndDateTime\": \"2023-08-23T12:00:00+03:00\",\r\n    \"IsOnlineMeeting\": false,\r\n    \"RequestedMeetingLocation\": \"dbc6ca81-f0a8-ec11-983f-000d3a323337\",\r\n    \"SkillFilter\": [\r\n        \"3c923423-829f-ec11-b400-0022480b8113\"\r\n    ],\r\n    \"Paging\": \"\"\r\n}   "
				},
				"url": {
					"raw": "{{webapiurl}}/msfsi_GetAvailableMeetingTimeSlots",
					"host": [
						"{{webapiurl}}"
					],
					"path": [
						"msfsi_GetAvailableMeetingTimeSlots"
					]
				}
			},
			"response": []
		},
		{
			"name": "Create Meeting",
			"protocolProfileBehavior": {
				"disabledSystemHeaders": {
					"content-type": true
				}
			},
			"request": {
				"method": "POST",
				"header": [
					{
						"key": "Content-Type",
						"value": "application/json",
						"type": "text"
					}
				],
				"body": {
					"mode": "raw",
					"raw": "{\r\n    \"MeetingType\": \"cf66f239-839f-ec11-b400-0022480b8113\",\r\n    \"StartDateTime\": \"2023-11-21T08:30:00Z\",\r\n    \"Contact\": \"2572f6c0-de73-47d8-8355-1ad8a2b9afa8\",\r\n    \"IsOnlineMeeting\": false,\r\n    \"RequestedMeetingLocation\": \"dbc6ca81-f0a8-ec11-983f-000d3a323337\",\r\n    \"RequestedAdvisors\": [\"e639645c-463e-ed11-9db0-000d3a5be760\"],\r\n    \"CustomerAdditionalNotes\": \"Some notes\"\r\n}"
				},
				"url": {
					"raw": "{{webapiurl}}/msfsi_CreateMeeting",
					"host": [
						"{{webapiurl}}"
					],
					"path": [
						"msfsi_CreateMeeting"
					]
				}
			},
			"response": []
		},
		{
			"name": "Get Meeting",
			"protocolProfileBehavior": {
				"disabledSystemHeaders": {
					"content-type": true
				}
			},
			"request": {
				"method": "POST",
				"header": [
					{
						"key": "Content-Type",
						"value": "application/json",
						"type": "text"
					}
				],
				"body": {
					"mode": "raw",
					"raw": "{\r\n    \"Meeting\": \"f607cddc-0661-ed11-9561-000d3a3590e0\",\r\n    \"Contact\": \"2572f6c0-de73-47d8-8355-1ad8a2b9afa8\"\r\n}"
				},
				"url": {
					"raw": "{{webapiurl}}/msfsi_GetMeeting",
					"host": [
						"{{webapiurl}}"
					],
					"path": [
						"msfsi_GetMeeting"
					]
				}
			},
			"response": []
		},
		{
			"name": "Cancel Meeting",
			"protocolProfileBehavior": {
				"disabledSystemHeaders": {
					"content-type": true
				}
			},
			"request": {
				"method": "POST",
				"header": [
					{
						"key": "Content-Type",
						"value": "application/json",
						"type": "text"
					}
				],
				"body": {
					"mode": "raw",
					"raw": "{\r\n    \"Meeting\": \"f607cddc-0661-ed11-9561-000d3a3590e0\",\r\n    \"Contact\": \"2572f6c0-de73-47d8-8355-1ad8a2b9afa8\"\r\n}"
				},
				"url": {
					"raw": "{{webapiurl}}/msfsi_CancelMeeting",
					"host": [
						"{{webapiurl}}"
					],
					"path": [
						"msfsi_CancelMeeting"
					]
				}
			},
			"response": []
		}
	],
	"auth": {
		"type": "oauth2",
		"oauth2": [
			{
				"key": "clientSecret",
				"value": "{client secret}",
				"type": "string"
			},
			{
				"key": "clientId",
				"value": "{client id}",
				"type": "string"
			},
			{
				"key": "accessTokenUrl",
				"value": "https://login.microsoftonline.com/{tenantid}/oauth2/v2.0/token",
				"type": "string"
			},
			{
				"key": "scope",
				"value": "https://{dyn365instanceurl}/.default",
				"type": "string"
			},
			{
				"key": "grant_type",
				"value": "client_credentials",
				"type": "string"
			},
			{
				"key": "tokenName",
				"value": "auth-token",
				"type": "string"
			},
			{
				"key": "addTokenTo",
				"value": "header",
				"type": "string"
			}
		]
	},
	"event": [
		{
			"listen": "prerequest",
			"script": {
				"type": "text/javascript",
				"exec": [
					""
				]
			}
		},
		{
			"listen": "test",
			"script": {
				"type": "text/javascript",
				"exec": [
					""
				]
			}
		}
	]
}