<Map Name="IAD Sample Data" Source="Import"><Description>Data map created automatically using the map settings specified during an import.</Description><EntitiesPerFile>Single</EntitiesPerFile><EntityMaps><EntityMap TargetEntityName="msret_customerderivedorderinsight" SourceEntityName="Customer Derived Order Insight" Dedupe="Ignore" ProcessCode="Process"><AttributeMaps><AttributeMap><SourceAttributeName>Name</SourceAttributeName><TargetAttributeName>msret_name</TargetAttributeName><ProcessCode>Process</ProcessCode></AttributeMap><AttributeMap><SourceAttributeName>Total value of orders to date</SourceAttributeName><TargetAttributeName>msret_totalvalueoforderstodate</TargetAttributeName><ProcessCode>Process</ProcessCode></AttributeMap><AttributeMap><SourceAttributeName>Last order creation date</SourceAttributeName><TargetAttributeName>msret_lastordercreationdate</TargetAttributeName><ProcessCode>Process</ProcessCode></AttributeMap><AttributeMap><SourceAttributeName>Contact</SourceAttributeName><TargetAttributeName>msret_contact</TargetAttributeName><ProcessCode>Process</ProcessCode><LookupMaps><LookupMap><LookupType>System</LookupType><LookupEntityName>contact</LookupEntityName><LookupAttributeName>fullname</LookupAttributeName><ProcessCode>Process</ProcessCode></LookupMap><LookupMap><LookupType>Source</LookupType><LookupEntityName>ContactsCSV</LookupEntityName><LookupAttributeName>Last Name</LookupAttributeName><ProcessCode>Internal</ProcessCode></LookupMap><LookupMap><LookupType>Source</LookupType><LookupEntityName>ContactsCSV</LookupEntityName><LookupAttributeName>First Name</LookupAttributeName><ProcessCode>Internal</ProcessCode></LookupMap><LookupMap><LookupType>System</LookupType><LookupEntityName>contact</LookupEntityName><LookupAttributeName>contactid</LookupAttributeName><ProcessCode>Process</ProcessCode></LookupMap></LookupMaps></AttributeMap><AttributeMap><SourceAttributeName>Total order count</SourceAttributeName><TargetAttributeName>msret_totalordercount</TargetAttributeName><ProcessCode>Process</ProcessCode></AttributeMap></AttributeMaps></EntityMap><EntityMap TargetEntityName="salesorderdetail" SourceEntityName="Order Products" Dedupe="Ignore" ProcessCode="Process"><AttributeMaps><AttributeMap><SourceAttributeName>Contact</SourceAttributeName><TargetAttributeName>msret_contact</TargetAttributeName><ProcessCode>Process</ProcessCode><LookupMaps><LookupMap><LookupType>System</LookupType><LookupEntityName>contact</LookupEntityName><LookupAttributeName>contactid</LookupAttributeName><ProcessCode>Process</ProcessCode></LookupMap><LookupMap><LookupType>Source</LookupType><LookupEntityName>ContactsCSV</LookupEntityName><LookupAttributeName>Last Name</LookupAttributeName><ProcessCode>Internal</ProcessCode></LookupMap><LookupMap><LookupType>System</LookupType><LookupEntityName>contact</LookupEntityName><LookupAttributeName>fullname</LookupAttributeName><ProcessCode>Process</ProcessCode></LookupMap><LookupMap><LookupType>Source</LookupType><LookupEntityName>ContactsCSV</LookupEntityName><LookupAttributeName>First Name</LookupAttributeName><ProcessCode>Internal</ProcessCode></LookupMap></LookupMaps></AttributeMap><AttributeMap><SourceAttributeName>Order</SourceAttributeName><TargetAttributeName>salesorderid</TargetAttributeName><ProcessCode>Process</ProcessCode><LookupMaps><LookupMap><LookupType>Source</LookupType><LookupEntityName>My Orders</LookupEntityName><LookupAttributeName>Name</LookupAttributeName><ProcessCode>Process</ProcessCode></LookupMap><LookupMap><LookupType>System</LookupType><LookupEntityName>salesorder</LookupEntityName><LookupAttributeName>name</LookupAttributeName><ProcessCode>Process</ProcessCode></LookupMap><LookupMap><LookupType>System</LookupType><LookupEntityName>salesorder</LookupEntityName><LookupAttributeName>salesorderid</LookupAttributeName><ProcessCode>Process</ProcessCode></LookupMap></LookupMaps></AttributeMap><AttributeMap><SourceAttributeName>Order Channel</SourceAttributeName><TargetAttributeName>msret_orderchannel</TargetAttributeName><ProcessCode>Process</ProcessCode><PicklistMaps><PicklistMap><SourceValue>Store</SourceValue><TargetValue>547950001</TargetValue><ProcessCode>Process</ProcessCode></PicklistMap></PicklistMaps></AttributeMap><AttributeMap><SourceAttributeName>Name</SourceAttributeName><TargetAttributeName>salesorderdetailname</TargetAttributeName><ProcessCode>Process</ProcessCode></AttributeMap><AttributeMap><SourceAttributeName>Price Per Unit</SourceAttributeName><TargetAttributeName>priceperunit</TargetAttributeName><ProcessCode>Process</ProcessCode></AttributeMap><AttributeMap><SourceAttributeName>Existing Product</SourceAttributeName><TargetAttributeName>productid</TargetAttributeName><ProcessCode>Process</ProcessCode><LookupMaps><LookupMap><LookupType>Source</LookupType><LookupEntityName>Products</LookupEntityName><LookupAttributeName>Name</LookupAttributeName><ProcessCode>Process</ProcessCode></LookupMap><LookupMap><LookupType>System</LookupType><LookupEntityName>product</LookupEntityName><LookupAttributeName>name</LookupAttributeName><ProcessCode>Process</ProcessCode></LookupMap><LookupMap><LookupType>System</LookupType><LookupEntityName>product</LookupEntityName><LookupAttributeName>productid</LookupAttributeName><ProcessCode>Process</ProcessCode></LookupMap></LookupMaps></AttributeMap><AttributeMap><SourceAttributeName>Unit</SourceAttributeName><TargetAttributeName>uomid</TargetAttributeName><ProcessCode>Process</ProcessCode><LookupMaps><LookupMap><LookupType>System</LookupType><LookupEntityName>uom</LookupEntityName><LookupAttributeName>name</LookupAttributeName><ProcessCode>Process</ProcessCode></LookupMap><LookupMap><LookupType>System</LookupType><LookupEntityName>uom</LookupEntityName><LookupAttributeName>uomid</LookupAttributeName><ProcessCode>Process</ProcessCode></LookupMap></LookupMaps></AttributeMap><AttributeMap><SourceAttributeName>Order Created On</SourceAttributeName><TargetAttributeName>msret_ordercreatedon</TargetAttributeName><ProcessCode>Process</ProcessCode></AttributeMap><AttributeMap><SourceAttributeName>Quantity</SourceAttributeName><TargetAttributeName>quantity</TargetAttributeName><ProcessCode>Process</ProcessCode></AttributeMap></AttributeMaps></EntityMap><EntityMap TargetEntityName="product" SourceEntityName="Products" Dedupe="Ignore" ProcessCode="Process"><AttributeMaps><AttributeMap><SourceAttributeName>Stock Item</SourceAttributeName><TargetAttributeName>isstockitem</TargetAttributeName><ProcessCode>Process</ProcessCode><PicklistMaps><PicklistMap><SourceValue>No</SourceValue><TargetValue>0</TargetValue><ProcessCode>Process</ProcessCode></PicklistMap></PicklistMaps></AttributeMap><AttributeMap><SourceAttributeName>Decimals Supported</SourceAttributeName><TargetAttributeName>quantitydecimal</TargetAttributeName><ProcessCode>Process</ProcessCode></AttributeMap><AttributeMap><SourceAttributeName>Name</SourceAttributeName><TargetAttributeName>name</TargetAttributeName><ProcessCode>Process</ProcessCode></AttributeMap><AttributeMap><SourceAttributeName>Product category</SourceAttributeName><TargetAttributeName>msrex_productcategory</TargetAttributeName><ProcessCode>Process</ProcessCode><LookupMaps><LookupMap><LookupType>System</LookupType><LookupEntityName>msrex_productcategory</LookupEntityName><LookupAttributeName>msrex_name</LookupAttributeName><ProcessCode>Process</ProcessCode></LookupMap><LookupMap><LookupType>System</LookupType><LookupEntityName>msrex_productcategory</LookupEntityName><LookupAttributeName>msrex_productcategoryid</LookupAttributeName><ProcessCode>Process</ProcessCode></LookupMap><LookupMap><LookupType>Source</LookupType><LookupEntityName>Product category</LookupEntityName><LookupAttributeName>Name</LookupAttributeName><ProcessCode>Process</ProcessCode></LookupMap></LookupMaps></AttributeMap><AttributeMap><SourceAttributeName>Product Type</SourceAttributeName><TargetAttributeName>producttypecode</TargetAttributeName><ProcessCode>Process</ProcessCode><PicklistMaps><PicklistMap><SourceValue>Sales Inventory</SourceValue><TargetValue>1</TargetValue><ProcessCode>Process</ProcessCode></PicklistMap></PicklistMaps></AttributeMap><AttributeMap><SourceAttributeName>GDPR Optout</SourceAttributeName><TargetAttributeName>msdyn_gdproptout</TargetAttributeName><ProcessCode>Process</ProcessCode><PicklistMaps><PicklistMap><SourceValue>No</SourceValue><TargetValue>0</TargetValue><ProcessCode>Process</ProcessCode></PicklistMap></PicklistMaps></AttributeMap><AttributeMap><SourceAttributeName>Default Unit</SourceAttributeName><TargetAttributeName>defaultuomid</TargetAttributeName><ProcessCode>Process</ProcessCode><LookupMaps><LookupMap><LookupType>System</LookupType><LookupEntityName>uom</LookupEntityName><LookupAttributeName>name</LookupAttributeName><ProcessCode>Process</ProcessCode></LookupMap><LookupMap><LookupType>System</LookupType><LookupEntityName>uom</LookupEntityName><LookupAttributeName>uomid</LookupAttributeName><ProcessCode>Process</ProcessCode></LookupMap></LookupMaps></AttributeMap><AttributeMap><SourceAttributeName>Unit Group</SourceAttributeName><TargetAttributeName>defaultuomscheduleid</TargetAttributeName><ProcessCode>Process</ProcessCode><LookupMaps><LookupMap><LookupType>System</LookupType><LookupEntityName>uomschedule</LookupEntityName><LookupAttributeName>uomscheduleid</LookupAttributeName><ProcessCode>Process</ProcessCode></LookupMap><LookupMap><LookupType>System</LookupType><LookupEntityName>uomschedule</LookupEntityName><LookupAttributeName>name</LookupAttributeName><ProcessCode>Process</ProcessCode></LookupMap></LookupMaps></AttributeMap><AttributeMap><SourceAttributeName>Is Kit</SourceAttributeName><TargetAttributeName>iskit</TargetAttributeName><ProcessCode>Process</ProcessCode><PicklistMaps><PicklistMap><SourceValue>No</SourceValue><TargetValue>0</TargetValue><ProcessCode>Process</ProcessCode></PicklistMap></PicklistMaps></AttributeMap><AttributeMap><SourceAttributeName>Status</SourceAttributeName><TargetAttributeName>statecode</TargetAttributeName><ProcessCode>Process</ProcessCode><PicklistMaps><PicklistMap><SourceValue>Active</SourceValue><TargetValue>0</TargetValue><ProcessCode>Process</ProcessCode></PicklistMap></PicklistMaps></AttributeMap><AttributeMap><SourceAttributeName>Status Reason</SourceAttributeName><TargetAttributeName>statuscode</TargetAttributeName><ProcessCode>Process</ProcessCode><PicklistMaps><PicklistMap><SourceValue>Active</SourceValue><TargetValue>1</TargetValue><ProcessCode>Process</ProcessCode></PicklistMap></PicklistMaps></AttributeMap><AttributeMap><SourceAttributeName>Product Structure</SourceAttributeName><TargetAttributeName>productstructure</TargetAttributeName><ProcessCode>Process</ProcessCode><PicklistMaps><PicklistMap><SourceValue>Product</SourceValue><TargetValue>1</TargetValue><ProcessCode>Process</ProcessCode></PicklistMap></PicklistMaps></AttributeMap><AttributeMap><SourceAttributeName>Is Reparented</SourceAttributeName><TargetAttributeName>isreparented</TargetAttributeName><ProcessCode>Process</ProcessCode><PicklistMaps><PicklistMap><SourceValue>No</SourceValue><TargetValue>0</TargetValue><ProcessCode>Process</ProcessCode></PicklistMap></PicklistMaps></AttributeMap><AttributeMap><SourceAttributeName>Product ID</SourceAttributeName><TargetAttributeName>productnumber</TargetAttributeName><ProcessCode>Process</ProcessCode></AttributeMap></AttributeMaps></EntityMap><EntityMap TargetEntityName="pricelevel" SourceEntityName="Price List" Dedupe="Ignore" ProcessCode="Process"><AttributeMaps><AttributeMap><SourceAttributeName>Name</SourceAttributeName><TargetAttributeName>name</TargetAttributeName><ProcessCode>Process</ProcessCode></AttributeMap><AttributeMap><SourceAttributeName>Currency</SourceAttributeName><TargetAttributeName>transactioncurrencyid</TargetAttributeName><ProcessCode>Process</ProcessCode><LookupMaps><LookupMap><LookupType>System</LookupType><LookupEntityName>transactioncurrency</LookupEntityName><LookupAttributeName>currencyname</LookupAttributeName><ProcessCode>Process</ProcessCode></LookupMap><LookupMap><LookupType>System</LookupType><LookupEntityName>transactioncurrency</LookupEntityName><LookupAttributeName>transactioncurrencyid</LookupAttributeName><ProcessCode>Process</ProcessCode></LookupMap></LookupMaps></AttributeMap></AttributeMaps></EntityMap><EntityMap TargetEntityName="msret_rewardcredithistory" SourceEntityName="rewards" Dedupe="Ignore" ProcessCode="Process"><AttributeMaps><AttributeMap><SourceAttributeName>Expiration Date</SourceAttributeName><TargetAttributeName>msret_expirationdate</TargetAttributeName><ProcessCode>Process</ProcessCode></AttributeMap><AttributeMap><SourceAttributeName>Transaction Reference Id</SourceAttributeName><TargetAttributeName>msret_transactionreferenceid</TargetAttributeName><ProcessCode>Process</ProcessCode></AttributeMap><AttributeMap><SourceAttributeName>Reward Type</SourceAttributeName><TargetAttributeName>msret_rewardtype</TargetAttributeName><ProcessCode>Process</ProcessCode><PicklistMaps><PicklistMap><SourceValue>reward</SourceValue><TargetValue>547950000</TargetValue><ProcessCode>Process</ProcessCode></PicklistMap></PicklistMaps></AttributeMap><AttributeMap><SourceAttributeName>Reward Amount</SourceAttributeName><TargetAttributeName>msret_rewardamount</TargetAttributeName><ProcessCode>Process</ProcessCode></AttributeMap><AttributeMap><SourceAttributeName>Reward Name</SourceAttributeName><TargetAttributeName>msret_rewardname</TargetAttributeName><ProcessCode>Process</ProcessCode></AttributeMap><AttributeMap><SourceAttributeName>Contact</SourceAttributeName><TargetAttributeName>msret_contact</TargetAttributeName><ProcessCode>Process</ProcessCode><LookupMaps><LookupMap><LookupType>System</LookupType><LookupEntityName>contact</LookupEntityName><LookupAttributeName>contactid</LookupAttributeName><ProcessCode>Process</ProcessCode></LookupMap><LookupMap><LookupType>System</LookupType><LookupEntityName>contact</LookupEntityName><LookupAttributeName>fullname</LookupAttributeName><ProcessCode>Process</ProcessCode></LookupMap><LookupMap><LookupType>Source</LookupType><LookupEntityName>ContactsCSV</LookupEntityName><LookupAttributeName>Last Name</LookupAttributeName><ProcessCode>Internal</ProcessCode></LookupMap><LookupMap><LookupType>Source</LookupType><LookupEntityName>ContactsCSV</LookupEntityName><LookupAttributeName>First Name</LookupAttributeName><ProcessCode>Internal</ProcessCode></LookupMap></LookupMaps></AttributeMap></AttributeMaps></EntityMap><EntityMap TargetEntityName="productpricelevel" SourceEntityName="All Price List Items" Dedupe="Ignore" ProcessCode="Process"><AttributeMaps><AttributeMap><SourceAttributeName>Product</SourceAttributeName><TargetAttributeName>productid</TargetAttributeName><ProcessCode>Process</ProcessCode><LookupMaps><LookupMap><LookupType>Source</LookupType><LookupEntityName>Products</LookupEntityName><LookupAttributeName>Name</LookupAttributeName><ProcessCode>Process</ProcessCode></LookupMap><LookupMap><LookupType>System</LookupType><LookupEntityName>product</LookupEntityName><LookupAttributeName>name</LookupAttributeName><ProcessCode>Process</ProcessCode></LookupMap><LookupMap><LookupType>System</LookupType><LookupEntityName>product</LookupEntityName><LookupAttributeName>productid</LookupAttributeName><ProcessCode>Process</ProcessCode></LookupMap></LookupMaps></AttributeMap><AttributeMap><SourceAttributeName>Pricing Method</SourceAttributeName><TargetAttributeName>pricingmethodcode</TargetAttributeName><ProcessCode>Process</ProcessCode><PicklistMaps><PicklistMap><SourceValue>Currency Amount</SourceValue><TargetValue>1</TargetValue><ProcessCode>Process</ProcessCode></PicklistMap></PicklistMaps></AttributeMap><AttributeMap><SourceAttributeName>Unit</SourceAttributeName><TargetAttributeName>uomid</TargetAttributeName><ProcessCode>Process</ProcessCode><LookupMaps><LookupMap><LookupType>System</LookupType><LookupEntityName>uom</LookupEntityName><LookupAttributeName>name</LookupAttributeName><ProcessCode>Process</ProcessCode></LookupMap><LookupMap><LookupType>System</LookupType><LookupEntityName>uom</LookupEntityName><LookupAttributeName>uomid</LookupAttributeName><ProcessCode>Process</ProcessCode></LookupMap></LookupMaps></AttributeMap><AttributeMap><SourceAttributeName>Amount</SourceAttributeName><TargetAttributeName>amount</TargetAttributeName><ProcessCode>Process</ProcessCode></AttributeMap><AttributeMap><SourceAttributeName>Price List</SourceAttributeName><TargetAttributeName>pricelevelid</TargetAttributeName><ProcessCode>Process</ProcessCode><LookupMaps><LookupMap><LookupType>Source</LookupType><LookupEntityName>Price List</LookupEntityName><LookupAttributeName>Name</LookupAttributeName><ProcessCode>Process</ProcessCode></LookupMap><LookupMap><LookupType>System</LookupType><LookupEntityName>pricelevel</LookupEntityName><LookupAttributeName>name</LookupAttributeName><ProcessCode>Process</ProcessCode></LookupMap><LookupMap><LookupType>System</LookupType><LookupEntityName>pricelevel</LookupEntityName><LookupAttributeName>pricelevelid</LookupAttributeName><ProcessCode>Process</ProcessCode></LookupMap></LookupMaps></AttributeMap><AttributeMap><SourceAttributeName>Quantity Selling Option</SourceAttributeName><TargetAttributeName>quantitysellingcode</TargetAttributeName><ProcessCode>Process</ProcessCode><PicklistMaps><PicklistMap><SourceValue>No Control</SourceValue><TargetValue>1</TargetValue><ProcessCode>Process</ProcessCode></PicklistMap></PicklistMaps></AttributeMap></AttributeMaps></EntityMap><EntityMap TargetEntityName="msret_loyaltyprogram" SourceEntityName="LoyaltyPrograms" Dedupe="Ignore" ProcessCode="Process"><AttributeMaps><AttributeMap><SourceAttributeName>Tier Name</SourceAttributeName><TargetAttributeName>msret_tiername</TargetAttributeName><ProcessCode>Process</ProcessCode></AttributeMap><AttributeMap><SourceAttributeName>Status</SourceAttributeName><TargetAttributeName>statecode</TargetAttributeName><ProcessCode>Process</ProcessCode><PicklistMaps><PicklistMap><SourceValue>Active</SourceValue><TargetValue>0</TargetValue><ProcessCode>Process</ProcessCode></PicklistMap></PicklistMaps></AttributeMap><AttributeMap><SourceAttributeName>Start Date</SourceAttributeName><TargetAttributeName>msret_startdate</TargetAttributeName><ProcessCode>Process</ProcessCode></AttributeMap><AttributeMap><SourceAttributeName>Program Description</SourceAttributeName><TargetAttributeName>msret_programdescription</TargetAttributeName><ProcessCode>Process</ProcessCode></AttributeMap><AttributeMap><SourceAttributeName>Program Name</SourceAttributeName><TargetAttributeName>msret_programname</TargetAttributeName><ProcessCode>Process</ProcessCode></AttributeMap><AttributeMap><SourceAttributeName>Tier Description</SourceAttributeName><TargetAttributeName>msret_tierdescription</TargetAttributeName><ProcessCode>Process</ProcessCode></AttributeMap><AttributeMap><SourceAttributeName>End Date</SourceAttributeName><TargetAttributeName>msret_enddate</TargetAttributeName><ProcessCode>Process</ProcessCode></AttributeMap><AttributeMap><SourceAttributeName>Program Id</SourceAttributeName><TargetAttributeName>msret_programid</TargetAttributeName><ProcessCode>Process</ProcessCode></AttributeMap></AttributeMaps></EntityMap><EntityMap TargetEntityName="msret_loyaltycard" SourceEntityName="LoyaltyCards" Dedupe="Ignore" ProcessCode="Process"><AttributeMaps><AttributeMap><SourceAttributeName>Status</SourceAttributeName><TargetAttributeName>statecode</TargetAttributeName><ProcessCode>Process</ProcessCode><PicklistMaps><PicklistMap><SourceValue>Active</SourceValue><TargetValue>0</TargetValue><ProcessCode>Process</ProcessCode></PicklistMap></PicklistMaps></AttributeMap><AttributeMap><SourceAttributeName>Card Number</SourceAttributeName><TargetAttributeName>msret_cardnumber</TargetAttributeName><ProcessCode>Process</ProcessCode></AttributeMap><AttributeMap><SourceAttributeName>Expiration Date</SourceAttributeName><TargetAttributeName>msret_expirationdate</TargetAttributeName><ProcessCode>Process</ProcessCode></AttributeMap><AttributeMap><SourceAttributeName>Cardholder Name</SourceAttributeName><TargetAttributeName>msret_cardholdername</TargetAttributeName><ProcessCode>Process</ProcessCode></AttributeMap><AttributeMap><SourceAttributeName>Loyalty Account</SourceAttributeName><TargetAttributeName>msret_loyaltyaccount</TargetAttributeName><ProcessCode>Process</ProcessCode><LookupMaps><LookupMap><LookupType>System</LookupType><LookupEntityName>msret_loyaltyaccount</LookupEntityName><LookupAttributeName>msret_loyaltyaccountid</LookupAttributeName><ProcessCode>Process</ProcessCode></LookupMap><LookupMap><LookupType>Source</LookupType><LookupEntityName>LoyaltyAccounts</LookupEntityName><LookupAttributeName>Membership Id</LookupAttributeName><ProcessCode>Process</ProcessCode></LookupMap><LookupMap><LookupType>System</LookupType><LookupEntityName>msret_loyaltyaccount</LookupEntityName><LookupAttributeName>msret_loyaltyaccountname</LookupAttributeName><ProcessCode>Process</ProcessCode></LookupMap></LookupMaps></AttributeMap></AttributeMaps></EntityMap><EntityMap TargetEntityName="contact" SourceEntityName="ContactsCSV" Dedupe="Ignore" ProcessCode="Process"><AttributeMaps><AttributeMap><SourceAttributeName>Main Phone</SourceAttributeName><TargetAttributeName>msret_mainphone</TargetAttributeName><ProcessCode>Process</ProcessCode></AttributeMap><AttributeMap><SourceAttributeName>First Name</SourceAttributeName><TargetAttributeName>firstname</TargetAttributeName><ProcessCode>Process</ProcessCode></AttributeMap><AttributeMap><SourceAttributeName>Address 1: Country/Region</SourceAttributeName><TargetAttributeName>address1_country</TargetAttributeName><ProcessCode>Process</ProcessCode></AttributeMap><AttributeMap><SourceAttributeName>Address 1: City</SourceAttributeName><TargetAttributeName>address1_city</TargetAttributeName><ProcessCode>Process</ProcessCode></AttributeMap><AttributeMap><SourceAttributeName>Birthday</SourceAttributeName><TargetAttributeName>birthdate</TargetAttributeName><ProcessCode>Process</ProcessCode></AttributeMap><AttributeMap><SourceAttributeName>Email</SourceAttributeName><TargetAttributeName>emailaddress1</TargetAttributeName><ProcessCode>Process</ProcessCode></AttributeMap><AttributeMap><SourceAttributeName>Address 1: ZIP/Postal Code</SourceAttributeName><TargetAttributeName>address1_postalcode</TargetAttributeName><ProcessCode>Process</ProcessCode></AttributeMap><AttributeMap><SourceAttributeName>Address 1: Street 2</SourceAttributeName><TargetAttributeName>address1_line2</TargetAttributeName><ProcessCode>Process</ProcessCode></AttributeMap><AttributeMap><SourceAttributeName>Last Name</SourceAttributeName><TargetAttributeName>lastname</TargetAttributeName><ProcessCode>Process</ProcessCode></AttributeMap><AttributeMap><SourceAttributeName>Address 1: Street 1</SourceAttributeName><TargetAttributeName>address1_line1</TargetAttributeName><ProcessCode>Process</ProcessCode></AttributeMap></AttributeMaps></EntityMap><EntityMap TargetEntityName="msret_customerderivedbrandinsight" SourceEntityName="Customer Derived Brand Insight" Dedupe="Ignore" ProcessCode="Process"><AttributeMaps><AttributeMap><SourceAttributeName>Brand spend</SourceAttributeName><TargetAttributeName>msret_brandspend</TargetAttributeName><ProcessCode>Process</ProcessCode></AttributeMap><AttributeMap><SourceAttributeName>Brand frequency</SourceAttributeName><TargetAttributeName>msret_brandfrequency</TargetAttributeName><ProcessCode>Process</ProcessCode></AttributeMap><AttributeMap><SourceAttributeName>Contact</SourceAttributeName><TargetAttributeName>msret_contact</TargetAttributeName><ProcessCode>Process</ProcessCode><LookupMaps><LookupMap><LookupType>System</LookupType><LookupEntityName>contact</LookupEntityName><LookupAttributeName>contactid</LookupAttributeName><ProcessCode>Process</ProcessCode></LookupMap><LookupMap><LookupType>System</LookupType><LookupEntityName>contact</LookupEntityName><LookupAttributeName>fullname</LookupAttributeName><ProcessCode>Process</ProcessCode></LookupMap><LookupMap><LookupType>Source</LookupType><LookupEntityName>ContactsCSV</LookupEntityName><LookupAttributeName>Last Name</LookupAttributeName><ProcessCode>Internal</ProcessCode></LookupMap><LookupMap><LookupType>Source</LookupType><LookupEntityName>ContactsCSV</LookupEntityName><LookupAttributeName>First Name</LookupAttributeName><ProcessCode>Internal</ProcessCode></LookupMap></LookupMaps></AttributeMap><AttributeMap><SourceAttributeName>Name</SourceAttributeName><TargetAttributeName>msret_name</TargetAttributeName><ProcessCode>Process</ProcessCode></AttributeMap><AttributeMap><SourceAttributeName>Product brand</SourceAttributeName><TargetAttributeName>msret_productbrand</TargetAttributeName><ProcessCode>Process</ProcessCode><LookupMaps><LookupMap><LookupType>System</LookupType><LookupEntityName>msrex_productbrand</LookupEntityName><LookupAttributeName>msrex_name</LookupAttributeName><ProcessCode>Process</ProcessCode></LookupMap><LookupMap><LookupType>System</LookupType><LookupEntityName>msrex_productbrand</LookupEntityName><LookupAttributeName>msrex_productbrandid</LookupAttributeName><ProcessCode>Process</ProcessCode></LookupMap><LookupMap><LookupType>Source</LookupType><LookupEntityName>Product brands</LookupEntityName><LookupAttributeName>Name</LookupAttributeName><ProcessCode>Process</ProcessCode></LookupMap></LookupMaps></AttributeMap></AttributeMaps></EntityMap><EntityMap TargetEntityName="msret_loyaltyaccountcredithistory" SourceEntityName="LoyaltyCredits" Dedupe="Ignore" ProcessCode="Process"><AttributeMaps><AttributeMap><SourceAttributeName>Transaction Reference Id</SourceAttributeName><TargetAttributeName>msret_transactionreferenceid</TargetAttributeName><ProcessCode>Process</ProcessCode></AttributeMap><AttributeMap><SourceAttributeName>Loyalty Account</SourceAttributeName><TargetAttributeName>msret_loyaltyaccount</TargetAttributeName><ProcessCode>Process</ProcessCode><LookupMaps><LookupMap><LookupType>System</LookupType><LookupEntityName>msret_loyaltyaccount</LookupEntityName><LookupAttributeName>msret_loyaltyaccountid</LookupAttributeName><ProcessCode>Process</ProcessCode></LookupMap><LookupMap><LookupType>Source</LookupType><LookupEntityName>LoyaltyAccounts</LookupEntityName><LookupAttributeName>Membership Id</LookupAttributeName><ProcessCode>Process</ProcessCode></LookupMap><LookupMap><LookupType>System</LookupType><LookupEntityName>msret_loyaltyaccount</LookupEntityName><LookupAttributeName>msret_loyaltyaccountname</LookupAttributeName><ProcessCode>Process</ProcessCode></LookupMap></LookupMaps></AttributeMap><AttributeMap><SourceAttributeName>Status</SourceAttributeName><TargetAttributeName>statecode</TargetAttributeName><ProcessCode>Process</ProcessCode><PicklistMaps><PicklistMap><SourceValue>Active</SourceValue><TargetValue>0</TargetValue><ProcessCode>Process</ProcessCode></PicklistMap></PicklistMaps></AttributeMap><AttributeMap><SourceAttributeName>Credit Expiration Date</SourceAttributeName><TargetAttributeName>msret_creditexpirationdate</TargetAttributeName><ProcessCode>Process</ProcessCode></AttributeMap><AttributeMap><SourceAttributeName>Credit Amount</SourceAttributeName><TargetAttributeName>msret_creditamount</TargetAttributeName><ProcessCode>Process</ProcessCode></AttributeMap></AttributeMaps></EntityMap><EntityMap TargetEntityName="salesorder" SourceEntityName="My Orders" Dedupe="Ignore" ProcessCode="Process"><AttributeMaps><AttributeMap><SourceAttributeName>Name</SourceAttributeName><TargetAttributeName>name</TargetAttributeName><ProcessCode>Process</ProcessCode></AttributeMap><AttributeMap><SourceAttributeName>Order ID</SourceAttributeName><TargetAttributeName>ordernumber</TargetAttributeName><ProcessCode>Process</ProcessCode></AttributeMap><AttributeMap><SourceAttributeName>Currency</SourceAttributeName><TargetAttributeName>transactioncurrencyid</TargetAttributeName><ProcessCode>Process</ProcessCode><LookupMaps><LookupMap><LookupType>System</LookupType><LookupEntityName>transactioncurrency</LookupEntityName><LookupAttributeName>currencyname</LookupAttributeName><ProcessCode>Process</ProcessCode></LookupMap><LookupMap><LookupType>System</LookupType><LookupEntityName>transactioncurrency</LookupEntityName><LookupAttributeName>transactioncurrencyid</LookupAttributeName><ProcessCode>Process</ProcessCode></LookupMap></LookupMaps></AttributeMap><AttributeMap><SourceAttributeName>Status</SourceAttributeName><TargetAttributeName>statecode</TargetAttributeName><ProcessCode>Process</ProcessCode><PicklistMaps><PicklistMap><SourceValue>Active</SourceValue><TargetValue>0</TargetValue><ProcessCode>Process</ProcessCode></PicklistMap></PicklistMaps></AttributeMap><AttributeMap><SourceAttributeName>Price List</SourceAttributeName><TargetAttributeName>pricelevelid</TargetAttributeName><ProcessCode>Process</ProcessCode><LookupMaps><LookupMap><LookupType>System</LookupType><LookupEntityName>pricelevel</LookupEntityName><LookupAttributeName>name</LookupAttributeName><ProcessCode>Process</ProcessCode></LookupMap><LookupMap><LookupType>System</LookupType><LookupEntityName>pricelevel</LookupEntityName><LookupAttributeName>pricelevelid</LookupAttributeName><ProcessCode>Process</ProcessCode></LookupMap><LookupMap><LookupType>Source</LookupType><LookupEntityName>Price List</LookupEntityName><LookupAttributeName>Name</LookupAttributeName><ProcessCode>Process</ProcessCode></LookupMap></LookupMaps></AttributeMap><AttributeMap><SourceAttributeName>Customer</SourceAttributeName><TargetAttributeName>customerid</TargetAttributeName><ProcessCode>Process</ProcessCode><LookupMaps><LookupMap><LookupType>System</LookupType><LookupEntityName>contact</LookupEntityName><LookupAttributeName>contactid</LookupAttributeName><ProcessCode>Process</ProcessCode></LookupMap><LookupMap><LookupType>System</LookupType><LookupEntityName>account</LookupEntityName><LookupAttributeName>name</LookupAttributeName><ProcessCode>Process</ProcessCode></LookupMap><LookupMap><LookupType>Source</LookupType><LookupEntityName>ContactsCSV</LookupEntityName><LookupAttributeName>First Name</LookupAttributeName><ProcessCode>Internal</ProcessCode></LookupMap><LookupMap><LookupType>System</LookupType><LookupEntityName>contact</LookupEntityName><LookupAttributeName>fullname</LookupAttributeName><ProcessCode>Process</ProcessCode></LookupMap><LookupMap><LookupType>System</LookupType><LookupEntityName>account</LookupEntityName><LookupAttributeName>accountid</LookupAttributeName><ProcessCode>Process</ProcessCode></LookupMap><LookupMap><LookupType>Source</LookupType><LookupEntityName>ContactsCSV</LookupEntityName><LookupAttributeName>Last Name</LookupAttributeName><ProcessCode>Internal</ProcessCode></LookupMap></LookupMaps></AttributeMap></AttributeMaps></EntityMap><EntityMap TargetEntityName="msret_customerderivedcategoryinsight" SourceEntityName="Customer Derived Category Insight" Dedupe="Ignore" ProcessCode="Process"><AttributeMaps><AttributeMap><SourceAttributeName>Contact</SourceAttributeName><TargetAttributeName>msret_contact</TargetAttributeName><ProcessCode>Process</ProcessCode><LookupMaps><LookupMap><LookupType>Source</LookupType><LookupEntityName>ContactsCSV</LookupEntityName><LookupAttributeName>Last Name</LookupAttributeName><ProcessCode>Internal</ProcessCode></LookupMap><LookupMap><LookupType>System</LookupType><LookupEntityName>contact</LookupEntityName><LookupAttributeName>contactid</LookupAttributeName><ProcessCode>Process</ProcessCode></LookupMap><LookupMap><LookupType>Source</LookupType><LookupEntityName>ContactsCSV</LookupEntityName><LookupAttributeName>First Name</LookupAttributeName><ProcessCode>Internal</ProcessCode></LookupMap><LookupMap><LookupType>System</LookupType><LookupEntityName>contact</LookupEntityName><LookupAttributeName>fullname</LookupAttributeName><ProcessCode>Process</ProcessCode></LookupMap></LookupMaps></AttributeMap><AttributeMap><SourceAttributeName>Product category</SourceAttributeName><TargetAttributeName>msret_productcategory</TargetAttributeName><ProcessCode>Process</ProcessCode><LookupMaps><LookupMap><LookupType>System</LookupType><LookupEntityName>msrex_productcategory</LookupEntityName><LookupAttributeName>msrex_name</LookupAttributeName><ProcessCode>Process</ProcessCode></LookupMap><LookupMap><LookupType>Source</LookupType><LookupEntityName>Product category</LookupEntityName><LookupAttributeName>Name</LookupAttributeName><ProcessCode>Process</ProcessCode></LookupMap><LookupMap><LookupType>System</LookupType><LookupEntityName>msrex_productcategory</LookupEntityName><LookupAttributeName>msrex_productcategoryid</LookupAttributeName><ProcessCode>Process</ProcessCode></LookupMap></LookupMaps></AttributeMap><AttributeMap><SourceAttributeName>Category frequency</SourceAttributeName><TargetAttributeName>msret_categoryfrequency</TargetAttributeName><ProcessCode>Process</ProcessCode></AttributeMap><AttributeMap><SourceAttributeName>Category spend</SourceAttributeName><TargetAttributeName>msret_categoryspend</TargetAttributeName><ProcessCode>Process</ProcessCode></AttributeMap><AttributeMap><SourceAttributeName>Name</SourceAttributeName><TargetAttributeName>msret_name</TargetAttributeName><ProcessCode>Process</ProcessCode></AttributeMap></AttributeMaps></EntityMap><EntityMap TargetEntityName="msret_loyaltyaccount" SourceEntityName="LoyaltyAccounts" Dedupe="Ignore" ProcessCode="Process"><AttributeMaps><AttributeMap><SourceAttributeName>Middle Name</SourceAttributeName><TargetAttributeName>msret_middlename</TargetAttributeName><ProcessCode>Process</ProcessCode></AttributeMap><AttributeMap><SourceAttributeName>Status</SourceAttributeName><TargetAttributeName>statecode</TargetAttributeName><ProcessCode>Process</ProcessCode><PicklistMaps><PicklistMap><SourceValue>Active</SourceValue><TargetValue>0</TargetValue><ProcessCode>Process</ProcessCode></PicklistMap></PicklistMaps></AttributeMap><AttributeMap><SourceAttributeName>Contact</SourceAttributeName><TargetAttributeName>msret_contact</TargetAttributeName><ProcessCode>Process</ProcessCode><LookupMaps><LookupMap><LookupType>System</LookupType><LookupEntityName>contact</LookupEntityName><LookupAttributeName>fullname</LookupAttributeName><ProcessCode>Process</ProcessCode></LookupMap><LookupMap><LookupType>Source</LookupType><LookupEntityName>ContactsCSV</LookupEntityName><LookupAttributeName>First Name</LookupAttributeName><ProcessCode>Internal</ProcessCode></LookupMap><LookupMap><LookupType>Source</LookupType><LookupEntityName>ContactsCSV</LookupEntityName><LookupAttributeName>Last Name</LookupAttributeName><ProcessCode>Internal</ProcessCode></LookupMap><LookupMap><LookupType>System</LookupType><LookupEntityName>contact</LookupEntityName><LookupAttributeName>contactid</LookupAttributeName><ProcessCode>Process</ProcessCode></LookupMap></LookupMaps></AttributeMap><AttributeMap><SourceAttributeName>Membership Start Date</SourceAttributeName><TargetAttributeName>msret_membershipstartdate</TargetAttributeName><ProcessCode>Process</ProcessCode></AttributeMap><AttributeMap><SourceAttributeName>Membership Id</SourceAttributeName><TargetAttributeName>msret_loyaltyaccountname</TargetAttributeName><ProcessCode>Process</ProcessCode></AttributeMap><AttributeMap><SourceAttributeName>Loyalty Program</SourceAttributeName><TargetAttributeName>msret_loyaltyprogram</TargetAttributeName><ProcessCode>Process</ProcessCode><LookupMaps><LookupMap><LookupType>Source</LookupType><LookupEntityName>LoyaltyPrograms</LookupEntityName><LookupAttributeName>Program Id</LookupAttributeName><ProcessCode>Process</ProcessCode></LookupMap><LookupMap><LookupType>System</LookupType><LookupEntityName>msret_loyaltyprogram</LookupEntityName><LookupAttributeName>msret_loyaltyprogramid</LookupAttributeName><ProcessCode>Process</ProcessCode></LookupMap><LookupMap><LookupType>System</LookupType><LookupEntityName>msret_loyaltyprogram</LookupEntityName><LookupAttributeName>msret_programid</LookupAttributeName><ProcessCode>Process</ProcessCode></LookupMap></LookupMaps></AttributeMap><AttributeMap><SourceAttributeName>Last Name</SourceAttributeName><TargetAttributeName>msret_lastname</TargetAttributeName><ProcessCode>Process</ProcessCode></AttributeMap><AttributeMap><SourceAttributeName>First Name</SourceAttributeName><TargetAttributeName>msret_firstname</TargetAttributeName><ProcessCode>Process</ProcessCode></AttributeMap></AttributeMaps></EntityMap><EntityMap TargetEntityName="msrex_productcategory" SourceEntityName="Product category" Dedupe="Ignore" ProcessCode="Process"><AttributeMaps><AttributeMap><SourceAttributeName>Status</SourceAttributeName><TargetAttributeName>statecode</TargetAttributeName><ProcessCode>Process</ProcessCode><PicklistMaps><PicklistMap><SourceValue>Active</SourceValue><TargetValue>0</TargetValue><ProcessCode>Process</ProcessCode></PicklistMap></PicklistMaps></AttributeMap><AttributeMap><SourceAttributeName>Name</SourceAttributeName><TargetAttributeName>msrex_name</TargetAttributeName><ProcessCode>Process</ProcessCode></AttributeMap><AttributeMap><SourceAttributeName>Status Reason</SourceAttributeName><TargetAttributeName>statuscode</TargetAttributeName><ProcessCode>Process</ProcessCode><PicklistMaps><PicklistMap><SourceValue>Active</SourceValue><TargetValue>1</TargetValue><ProcessCode>Process</ProcessCode></PicklistMap></PicklistMaps></AttributeMap><AttributeMap><SourceAttributeName>Description</SourceAttributeName><TargetAttributeName>msrex_description</TargetAttributeName><ProcessCode>Process</ProcessCode></AttributeMap></AttributeMaps></EntityMap><EntityMap TargetEntityName="msrex_productbrand" SourceEntityName="Product brands" Dedupe="Ignore" ProcessCode="Process"><AttributeMaps><AttributeMap><SourceAttributeName>Name</SourceAttributeName><TargetAttributeName>msrex_name</TargetAttributeName><ProcessCode>Process</ProcessCode></AttributeMap><AttributeMap><SourceAttributeName>Description</SourceAttributeName><TargetAttributeName>msrex_description</TargetAttributeName><ProcessCode>Process</ProcessCode></AttributeMap></AttributeMaps></EntityMap></EntityMaps></Map>