<ImportExportXml xmlns:xsi="http://www.w3.org/2001/XMLSchema-instance">
  <Entities></Entities>
  <Roles></Roles>
  <Workflows></Workflows>
  <FieldSecurityProfiles></FieldSecurityProfiles>
  <Templates />
  <EntityMaps />
  <EntityRelationships />
  <OrganizationSettings />
  <optionsets />
  <CustomControls />
  <EntityDataProviders />
  <Connectors>
    <Connector>
      <connectorid>80fca719-8625-44de-8a85-7e8bdfac9dc4</connectorid>
      <description>contosoinvoicingtest.azurewebsites.net</description>
      <displayname>Contoso Invoicing - Triggers</displayname>
      <iconbrandcolor>#007ee5</iconbrandcolor>
      <name>contoso_5Fcontoso-20invoicing-20-2D-20triggers-</name>
      <connectortype>1</connectortype>
      <openapidefinition>/Connector/contoso_5Fcontoso-20invoicing-20-2D-20triggers-_openapidefinition.json</openapidefinition>
      <connectionparameters>/Connector/contoso_5Fcontoso-20invoicing-20-2D-20triggers-_connectionparameters.json</connectionparameters>
      <policytemplateinstances>/Connector/contoso_5Fcontoso-20invoicing-20-2D-20triggers-_policytemplateinstances.json</policytemplateinstances>
      <iconblob>/Connector/contoso_5Fcontoso-20invoicing-20-2D-20triggers-_iconblob.Jpeg</iconblob>
    </Connector>
  </Connectors>
  <Languages>
    <Language>1033</Language>
  </Languages>
</ImportExportXml>